종목코드,종목명,시장구분,시가총액,PER,20D_Avg_Trading_Val,OPM(%),ROA(%),ROE(%),PBR,F_Score,기준보고서,OPM_trend,ROA_trend,ROE_trend,PBR_trend,PER_trend,연도_5y,매출액_5y,경상이익_5y,경상이익률_5y,CFO_5y,CFI_5y,CFF_5y,FCF_5y
005930,삼성전자,KOSPI,1502493602256000,11.66,6032760853525.0,36.88,19.84,26.02,2.59,8,2026-08-14,"[2.54, 10.88, 13.07, 36.88]","[3.4, 6.7, 7.97, 19.84]","[4.26, 8.57, 10.36, 26.02]","[1.25, 0.76, 1.59, 2.59]","[29.29, 8.92, 15.33, 9.97]","[2021, 2022, 2023, 2024, 2025]","[279604799000000, 302231360000000, 258935494000000, 300870903000000, 333605938000000]","[53351827000000, 46440474000000, 11006265000000, 37529734000000, 49481471000000]","[19.08, 15.37, 4.25, 12.47, 14.83]","[65105448000000, 62181346000000, 44137427000000, 72982621000000, 85315148000000]","[-33047763000000, -31602804000000, -16922817000000, -85381702000000, -68512206000000]","[-23991033000000, -19390049000000, -8593059000000, -7797243000000, -13478040000000]","[32057685000000, 30578542000000, 27214610000000, -12399081000000, 16802942000000]"
000660,SK하이닉스,KOSPI,1207503879345000,7.46,6920833984650.0,68.04,46.47,61.71,4.6,7,2026-08-14,"[-23.59, 35.45, 48.59, 68.04]","[-9.11, 16.52, 24.39, 46.47]","[-17.08, 26.78, 35.59, 61.71]","[1.91, 1.7, 3.89, 4.6]","[6.34, 10.93, 7.45]","[2021, 2022, 2023, 2024, 2025]","[42997792000000, 44621568000000, 32765719000000, 66192960000000, 97146675000000]","[13415987000000, 4002780000000, -11657816000000, 23885350000000, 50465552000000]","[31.2, 8.97, -35.58, 36.08, 51.95]","[19797648000000, 14780517000000, 4278191000000, 29795885000000, 53373126000000]","[-22392277000000, -17883746000000, -7334727000000, -18004637000000, -48054251000000]","[4492313000000, 2821796000000, 5696845000000, -8703940000000, -1444992000000]","[-2594629000000, -3103229000000, -3056536000000, 11791248000000, 5318875000000]"
402340,SK스퀘어,KOSPI,135617869944000,4.18,675909903300.0,2484.12,15.04,16.03,2.47,6,2026-08-14,"[-102.78, 237.64, 623.26, 2484.12]","[-7.32, 16.65, 28.91, 15.04]","[-8.31, 18.64, 31.51, 16.03]","[0.43, 0.53, 1.72, 2.47]","[2.84, 5.46, 15.38]","[2022, 2023, 2024, 2025]","[2370553000000, 2276508000000, 1649858000000, 1411521000000]","[40796000000, -2597520000000, 3853402000000, 9507267000000]","[1.72, -114.1, 233.56, 673.55]","[342357000000, 265749000000, 189954000000, 387202000000]","[-57802000000, 284320000000, 89738000000, 29594000000]","[68664000000, -281085000000, -200713000000, -419292000000]","[284555000000, 550069000000, 279692000000, 416796000000]"
009150,삼성전기,KOSPI,106139742016000,112.29,1106673334300.0,9.8,6.24,9.81,10.08,5,2026-08-14,"[7.18, 7.14, 8.07, 9.8]","[3.86, 5.5, 5.01, 6.24]","[7.8, 7.46, 9.81]","[1.0, 1.89, 10.08]","[24.76, 12.82, 25.4, 102.74]","[2021, 2022, 2023, 2024, 2025]","[9675036127726, 9424551868027, 8909448483915, 10294102976435, 11314459238100]","[1491308954867, 1186828087730, 543210121936, 797296046050, 895831372804]","[15.41, 12.59, 6.1, 7.75, 7.92]","[0, 0, 0, 0, 0]","[0, 0, 0, 0, 0]","[0, 0, 0, 0, 0]","[0, 0, 0, 0, 0]"
005380,현대차,KOSPI,81800727517000,13.14,252674999900.0,5.09,2.63,7.65,0.6,3,2026-08-14,"[9.3, 8.13, 6.16, 5.09]","[4.34, 3.89, 2.81, 2.63]","[12.05, 11.0, 8.12, 7.65]","[0.41, 0.36, 0.47, 0.6]","[3.36, 3.25, 5.8, 7.89]","[2021, 2022, 2023, 2024, 2025]","[117610626000000, 142151469000000, 162663579000000, 175231153000000, 186254472000000]","[7959562000000, 11181471000000, 17618662000000, 17781436000000, 13841903000000]","[6.77, 7.87, 10.83, 10.15, 7.43]","[-1176416000000, 10627311000000, -2518760000000, -5661641000000, -5991270000000]","[-5182579000000, -1203495000000, -8649391000000, -14623489000000, -10347129000000]","[8792286000000, -1324499000000, 9393371000000, 19493291000000, 15424760000000]","[-6358995000000, 9423816000000, -11168151000000, -20285130000000, -16338399000000]"
207940,삼성바이오로직스,KOSPI,68788353186000,41.93,78545313600.0,45.48,15.68,23.73,8.23,5,2026-08-14,"[30.14, 37.78, 45.41, 45.48]","[5.35, 6.25, 16.13, 15.68]","[8.72, 9.93, 23.95, 23.73]","[5.16, 5.8, 10.31, 8.23]","[59.1, 58.42, 43.05, 34.67]","[2021, 2022, 2023, 2024, 2025]","[1568006928039, 3001295197683, 3694588767068, 3497145675782, 4556971695180]","[561282597291, 1009024573715, 1119986931201, 1384868829747, 2118631252684]","[35.8, 33.62, 30.31, 39.6, 46.49]","[454596217269, 953047810086, 1666228521442, 1659255402663, 2247807426551]","[-933489190955, -3106477133450, -1566305449622, -1243776304347, -1862425927878]","[496622135648, 3000080259530, -635049948363, -433788285231, -620504462845]","[-478892973686, -2153429323364, 99923071820, 415479098316, 385381498673]"
032830,삼성생명,KOSPI,62000000000000,21.32,149230032625.0,0.0,0.64,2.01,0.42,3,2026-08-14,[0],"[0.65, 0.72, 0.7, 0.64]","[4.59, 5.93, 3.78, 2.01]","[0.32, 0.5, 0.49, 0.42]","[6.88, 8.5, 13.03, 21.03]","[2022, 2023, 2024, 2025]","[0, 0, 0, 0]","[2440464000000, 2559051000000, 2813666000000, 2996345000000]","[0.0, 0.0, 0.0, 0.0]","[0, 0, 0, 0]","[0, 0, 0, 0]","[0, 0, 0, 0]","[0, 0, 0, 0]"
105560,KB금융,KOSPI,60864415154400,10.96,166968241890.0,0.0,0.73,10.08,0.97,3,2026-08-14,[0],"[0.64, 0.66, 0.73, 0.73]","[7.75, 8.41, 9.6, 10.08]","[0.32, 0.49, 0.72, 0.97]","[4.16, 5.79, 7.5, 9.63]","[2022, 2023, 2024, 2025]","[0, 0, 0, 0]","[0, 0, 6985247000000, 8183146000000]","[0.0, 0.0, 0.0, 0.0]","[0, 0, 0, 0]","[0, 0, 0, 0]","[0, 0, 0, 0]","[0, 0, 0, 0]"
028260,삼성물산,KOSPI,60812842875000,22.79,135757360750.0,8.21,2.71,3.91,0.53,5,2026-08-14,"[6.85, 7.09, 8.08, 8.21]","[4.11, 4.47, 4.51, 2.71]","[6.82, 7.44, 6.79, 3.91]","[0.52, 0.5, 0.67, 0.53]","[7.69, 6.69, 9.9, 13.68]","[2021, 2022, 2023, 2024, 2025]","[34455181882704, 43161653399535, 41895681215734, 42103238027336, 40742240967149]","[2480491197710, 3334546525257, 3549496649318, 3722466608275, 4260250948620]","[7.2, 7.73, 8.47, 8.84, 10.46]","[1195731728299, 2618286420045, 2798653381137, 3306879187574, 3023741373868]","[-804422500395, -3195678302912, -2105421759791, -1759468808360, -1839846947378]","[-685084195015, 2560766416325, -1818094449035, -1298327291405, -1276863227656]","[391309227904, -577391882867, 693231621346, 1547410379214, 1183894426490]"
012450,한화에어로스페이스,KOSPI,59658854957000,27.48,216693086500.0,12.36,5.69,16.5,2.95,7,2026-08-14,"[7.38, 15.41, 11.57, 12.36]","[5.0, 5.83, 4.08, 5.69]","[20.86, 22.1, 13.12, 16.5]","[1.47, 1.51, 3.03, 2.95]","[7.03, 6.85, 23.13, 17.86]","[2021, 2022, 2023, 2024, 2025]","[6415087932347, 7060393209984, 9359005981309, 11240121484000, 26702901249000]","[405340847051, 195395310786, 1214768881144, 2647402752000, 2209873274000]","[6.32, 2.77, 12.98, 23.55, 8.28]","[990006043035, 1524327091276, 1390220003982, 1392972634000, 4049804576000]","[-607074381744, -1224902801445, -3029123757458, -1367342116000, -4020776409000]","[813147668717, 216124466764, 367755351264, 1065666102000, 4681592250000]","[382931661291, 299424289831, -1638903753476, 25630518000, 29028167000]"
034020,두산에너빌리티,KOSPI,56497493077200,291.52,207786010795.0,5.06,1.05,2.49,4.46,7,2026-08-14,"[8.34, 6.27, 4.47, 5.06]","[2.1, 1.5, 0.75, 1.05]","[4.77, 3.38, 1.71, 2.49]","[1.0, 1.03, 4.29, 4.46]","[21.04, 30.45, 251.35, 179.3]","[2021, 2022, 2023, 2024, 2025]","[11283610608993, 15421058082388, 17589887709510, 16233055000000, 17057876000000]","[570192026719, -186479352200, 738481755094, 657779000000, 326807000000]","[5.05, -1.21, 4.2, 4.05, 1.92]","[1027716202327, 625077721382, 2070633291076, 242204000000, 751801000000]","[-1265687915716, -71130551047, -816628473871, -821399000000, -310571000000]","[-308430060695, -1132452632619, -52936479403, 608422000000, -287945000000]","[-237971713389, 553947170335, 1254004817205, -579195000000, 441230000000]"
055550,신한지주,KOSPI,51498691218300,10.39,109168760315.0,0.0,0.65,8.77,0.82,4,2026-08-14,[0],"[0.65, 0.62, 0.65, 0.65]","[7.95, 7.75, 8.42, 8.77]","[0.34, 0.38, 0.6, 0.82]","[4.24, 4.94, 7.15, 9.39]","[2022, 2023, 2024, 2025]","[0, 0, 0, 0]","[6366626000000, 5964960000000, 6029092000000, 6929009000000]","[0.0, 0.0, 0.0, 0.0]","[0, 0, 0, 0]","[0, 0, 0, 0]","[0, 0, 0, 0]","[0, 0, 0, 0]"
000270,기아,KOSPI,49972863744000,7.28,103825966145.0,6.82,6.6,10.9,0.77,5,2026-08-14,"[11.63, 11.79, 7.95, 6.82]","[10.89, 10.54, 7.63, 6.6]","[18.85, 17.51, 12.35, 10.9]","[0.82, 0.69, 0.76, 0.77]","[4.35, 3.93, 6.15, 7.09]","[2021, 2022, 2023, 2024, 2025]","[69862366000000, 86559029000000, 99808420000000, 107448752000000, 114140919000000]","[6393781000000, 7501993000000, 12677344000000, 13500201000000, 10241391000000]","[9.15, 8.67, 12.7, 12.56, 8.97]","[7359670000000, 9333186000000, 11296526000000, 12564368000000, 9054140000000]","[-4423910000000, -5671268000000, -3106766000000, -10152822000000, -4959892000000]","[-1620519000000, -3454447000000, -5596331000000, -3569987000000, -4175458000000]","[2935760000000, 3661918000000, 8189760000000, 2411546000000, 4094248000000]"
329180,HD현대중공업,KOSPI,47967279825000,17.54,106246908850.0,14.08,8.57,23.87,4.55,9,2026-08-14,"[1.49, 4.87, 11.59, 14.08]","[0.14, 3.21, 5.41, 8.57]","[0.47, 10.9, 15.15, 23.87]","[2.64, 5.38, 5.81, 4.55]","[557.57, 49.36, 38.37, 19.06]","[2021, 2022, 2023, 2024, 2025]","[8311275924000, 9045480488000, 11963925991000, 14486453544000, 17580633257000]","[-1111448166000, -421483784000, 34363002000, 798137713000, 1800916538000]","[-13.37, -4.66, 0.29, 5.51, 10.24]","[762061398000, 71218400000, 168837181000, 2883882708000, 3510392442000]","[151732601000, -517879154000, -477904615000, -499123973000, -2039627879000]","[-92559416000, -932839775000, 502761085000, -2048833205000, -860253027000]","[913793999000, -446660754000, -309067434000, 2384758735000, 1470764563000]"
006400,삼성SDI,KOSPI,46014337630000,1259.83,227768828150.0,0.0,0.0,0.0,1.71,5,2026-08-14,"[7.19, 0.0, 0.0, 0.0]","[6.07, 0]","[10.38, 0.0, 0.0, 0.0]","[1.85, 0.9, 0.91, 1.71]","[17.84, 0]","[2021, 2022, 2023, 2024, 2025]","[13553220248796, 20124069515854, 22708300498633, 16592248884388, 13266730679499]","[1663335322229, 2652275388730, 2486144016958, 527321921564, -1364015529439]","[12.27, 13.18, 10.95, 3.18, -10.28]","[2176027358565, 2641096163726, 2103521513959, -137613377776, 792385760879]","[-1949533211819, -2946236118966, -4104845382639, -4919660001145, -1998634351420]","[582723399679, 628699235652, 902661034380, 5544390011594, 864807099517]","[226494146746, -305139955240, -2001323868680, -5057273378921, -1206248590541]"
068270,셀트리온,KOSPI,44360095463200,28.76,103721691415.0,31.65,6.67,8.76,2.46,6,2026-08-14,"[29.93, 13.83, 28.07, 31.65]","[2.71, 1.99, 4.62, 6.67]","[3.15, 2.38, 5.94, 8.76]","[2.42, 2.3, 2.33, 2.46]","[76.88, 96.51, 39.28, 28.06]","[2021, 2022, 2023, 2024, 2025]","[1911601263030, 2283967480394, 2176431531380, 3557303554371, 4162495108881]","[751309873027, 0, 0, 576116811417, 1153720442081]","[39.3, 0.0, 0.0, 16.2, 27.72]","[911159432327, 863531984, 537158606192, 901870301325, 646050776661]","[-355825397294, -297051208427, -138864903398, -169388988171, -860422441486]","[-69277577731, -350219428442, -385114627204, -353044311231, 339321887839]","[555334035033, -296187676443, 398293702794, 732481313154, -214371664825]"
012330,현대모비스,KOSPI,40464173542500,11.37,149958807175.0,5.6,4.83,7.05,0.78,6,2026-08-14,"[3.87, 5.37, 5.49, 5.6]","[5.84, 6.1, 5.21, 4.83]","[8.42, 8.8, 7.45, 7.05]","[0.52, 0.46, 0.68, 0.78]","[6.18, 5.2, 9.08, 11.11]","[2021, 2022, 2023, 2024, 2025]","[41702184000000, 51906293000000, 59254361000000, 57236995000000, 61118127000000]","[3194542000000, 3362612000000, 4444854000000, 5264476000000, 5115158000000]","[7.66, 6.48, 7.5, 9.2, 8.37]","[2608809000000, 2154062000000, 5342631000000, 4252694000000, 4472515000000]","[-1953379000000, -1603980000000, -2541385000000, -4589092000000, -3233689000000]","[-962405000000, -638464000000, -1889401000000, -254984000000, -1204688000000]","[655430000000, 550082000000, 2801246000000, -336398000000, 1238826000000]"
034730,SK,KOSPI,39368967729000,4.95,88145866500.0,7.9,1.45,3.02,0.33,7,2026-08-14,"[3.85, 1.94, 1.48, 7.9]","[0.0, 0.25, 1.67, 1.45]","[0.0, 0.66, 4.15, 3.02]","[0.17, 0.12, 0.22, 0.33]","[17.96, 5.21, 11.07]","[2021, 2022, 2023, 2024, 2025]","[0, 132079354000000, 131237878000000, 123399669000000, 122703338000000]","[6026834000000, 0, 0, 0, 0]","[0.0, 0.0, 0.0, 0.0, 0.0]","[6125170000000, 7677749000000, 11353882000000, 8319587000000, 6098798000000]","[-15432456000000, -14959134000000, -21627812000000, -12157865000000, -537143000000]","[11597922000000, 16012736000000, 11523981000000, 4875326000000, -5037952000000]","[-9307286000000, -7281385000000, -10273930000000, -3838278000000, 5561655000000]"
086790,하나금융지주,KOSPI,37314013728000,9.39,88964097865.0,0.0,0.58,8.54,0.77,4,2026-08-14,[0],"[0.59, 0.59, 0.6, 0.58]","[8.63, 8.65, 8.84, 8.54]","[0.3, 0.36, 0.56, 0.77]","[3.43, 4.13, 6.38, 9.02]","[2022, 2023, 2024, 2025]","[0, 0, 0, 0]","[4943316000000, 4681212000000, 5052165000000, 5458948000000]","[0.0, 0.0, 0.0, 0.0]","[25222888000000, -9622341000000, -2451814000000, -1962471000000]","[-18704935000000, -5926999000000, 596536000000, -3946069000000]","[6538185000000, 5677186000000, 3692000000000, 9527758000000]","[6517953000000, -15549340000000, -1855278000000, -5908540000000]"
035420,NAVER,KOSPI,33532866265500,16.84,226905155800.0,17.31,4.24,6.1,1.08,4,2026-08-14,"[15.4, 18.43, 18.35, 17.31]","[2.76, 5.06, 4.43, 4.24]","[4.06, 7.16, 6.28, 6.1]","[1.43, 1.14, 1.29, 1.08]","[35.14, 15.91, 20.6, 17.71]","[2021, 2022, 2023, 2024, 2025]","[6817599707250, 8220078708810, 9670643576585, 10737719264647, 12035007218975]","[2126399871701, 1083717091152, 1481396317551, 2322184491448, 2420143293070]","[31.19, 13.18, 15.32, 21.63, 20.11]","[1379905728836, 1453390444990, 2002233273518, 2589874337746, 3095806604677]","[-13998804731074, -1215888095959, -949822085262, -1340024321675, -743677268012]","[11642326424402, -339465120952, -110032028405, -770292464617, -524459708761]","[-12618899002238, 237502349031, 1052411188256, 1249850016071, 2352129336665]"
066570,LG전자,KOSPI,32821254557000,37.48,209273514815.0,4.11,2.06,4.77,1.03,8,2026-08-14,"[4.21, 3.9, 2.78, 4.11]","[0.0, 0.9, 1.78, 2.06]","[0.0, 2.35, 4.27, 4.77]","[0.66, 0.5, 0.49, 1.03]","[21.41, 11.42, 21.57]","[2021, 2022, 2023, 2024, 2025]","[74721629000000, 83467318000000, 84227765000000, 87728182000000, 89200882000000]","[3543395000000, 2539811000000, 1869879000000, 1335795000000, 1836425000000]","[4.74, 3.04, 2.22, 1.52, 2.06]","[2677382000000, 3107839000000, 5913596000000, 3842661000000, 4280500000000]","[-2465536000000, -3227546000000, -5289705000000, -4211873000000, -3013603000000]","[-282268000000, 448320000000, 1503249000000, -704675000000, -319476000000]","[211846000000, -119707000000, 623891000000, -369212000000, 1266897000000]"
010120,LS ELECTRIC,KOSPI,32175000000000,80.05,128501776875.0,9.41,6.42,17.48,14.63,4,2026-08-14,"[7.68, 8.56, 8.59, 9.41]","[5.4, 5.73, 6.42]","[12.82, 13.27, 17.48]","[2.64, 6.66, 14.63]","[10.93, 20.59, 50.19, 83.69]","[2021, 2022, 2023, 2024, 2025]","[2668264980253, 3377070215838, 4230482628448, 4551837252467, 4965798552980]","[0, 0, 0, 0, 0]","[0.0, 0.0, 0.0, 0.0, 0.0]","[101544478367, -145446470458, 214646330873, 230146922129, 299948385888]","[-120431432422, -131064576893, -193360000632, -255796691798, -249739445125]","[34812592552, 134653917070, 2612021966, 82041667462, 59013203063]","[-18886954055, -276511047351, 21286330241, -25649769669, 50208940763]"
000810,삼성화재,KOSPI,30672813951000,16.01,66217120300.0,0.0,1.75,5.58,0.85,5,2026-08-14,[0],"[2.14, 2.38, 2.09, 1.75]","[11.28, 13.31, 9.49, 5.58]","[0.75, 1.06, 1.08, 0.85]","[6.66, 7.96, 11.35, 15.18]","[2022, 2023, 2024, 2025]","[0, 0, 0, 0]","[0, 0, 2744549080717, 2783309898454]","[0.0, 0.0, 0.0, 0.0]","[-8543194836, -562090731359, 3127018161730, 3413166155628]","[345226639418, 1228490070016, -2006737745668, -2044175806414]","[-597934506127, -667340469078, -458621503322, -909239316631]","[336683444582, 666399338657, 1120280416062, 1368990349214]"
298040,효성중공업,KOSPI,29400299844000,47.22,131756775850.0,13.99,5.88,18.43,10.77,6,2026-08-13,"[6.0, 7.41, 12.52, 13.99]","[2.77, 3.58, 6.96, 5.88]","[10.78, 10.84, 20.2, 18.43]","[1.31, 1.9, 7.1, 10.77]","[12.18, 17.49, 35.14, 58.47]","[2021, 2022, 2023, 2024, 2025]","[3094698644786, 3510143917637, 4300571503251, 4894979612220, 5968511616609]","[94357230108, 59841661132, 169663763086, 223634941671, 625790494869]","[3.05, 1.7, 3.95, 4.57, 10.48]","[110584865944, -67110735046, 454662926622, 412091967128, 493009624019]","[-89878018338, -117688013923, -51720705642, -214607937295, -212807854290]","[7107229274, 317676991870, -338331573562, -228347056597, -312651670741]","[20706847606, -184798748969, 402942220980, 197484029833, 280201769729]"
267260,HD현대일렉트릭,KOSPI,29342367890000,33.09,99432474250.0,25.67,15.48,37.65,12.99,7,2026-08-14,"[11.66, 20.14, 24.4, 25.67]","[8.92, 13.13, 15.34, 15.48]","[24.55, 33.06, 36.0, 37.65]","[2.92, 9.52, 14.3, 12.99]","[11.9, 28.8, 39.74, 34.51]","[2021, 2022, 2023, 2024, 2025]","[1805991746883, 2104499487335, 2702799337370, 3322349007529, 4079497658529]","[-40421488446, 163915271479, 310516406757, 650071931824, 956385429643]","[-2.24, 7.79, 11.49, 19.57, 23.44]","[109777416049, -124138810949, -22438778035, 1033722426199, 959572657325]","[-42393183060, -57612911584, -93295676645, -143186078555, -225911470009]","[-240871862276, -1941663458, 118221370012, -517933765660, -349596873601]","[67384232989, -181751722533, -115734454680, 890536347644, 733661187316]"
010130,고려아연,KOSPI,28700332375000,26.25,44467568300.0,9.52,4.33,8.48,2.48,6,2026-08-14,"[6.8, 6.0, 7.43, 9.52]","[3.73, 2.09, 3.81, 4.33]","[4.68, 4.11, 7.0, 8.48]","[1.2, 3.05, 2.69, 2.48]","[25.53, 74.21, 38.4, 29.18]","[2021, 2022, 2023, 2024, 2025]","[9976776443636, 11219358600107, 9704521343024, 12052918410249, 16587850779912]","[1139080147683, 697456628778, 610276679620, 430685669409, 1028968983669]","[11.42, 6.22, 6.29, 3.57, 6.2]","[606883888565, 784694563029, 820863992249, 515812554313, -628210721953]","[-577707783864, -1796800016754, -622467461266, -1354989154218, -441055707126]","[1661830293, 1296334398755, -315597494696, 1098139610352, 3674661296201]","[29176104701, -1012105453725, 198396530983, -839176599905, -1069266429079]"
042660,한화오션,KOSPI,27117585369000,13.0,83034308060.0,11.43,10.3,27.55,3.6,7,2026-08-12,"[0.0, 2.21, 9.13, 11.43]","[1.15, 2.96, 6.19, 10.3]","[3.71, 10.86, 20.18, 27.55]","[1.79, 2.37, 5.67, 3.6]","[48.33, 21.79, 28.1, 13.07]","[2021, 2022, 2023, 2024, 2025]","[4486585681366, 4860150249534, 7408312265643, 10776004933627, 12783512278323]","[-1727458944257, -1794326432034, -116279180980, 181035065677, 842369571738]","[-38.5, -36.92, -1.57, 1.68, 6.59]","[485786909235, -1065432625974, -1939155311922, -2904574465563, 1314671582302]","[101326455387, 87974126542, 196706349442, -1110137903663, -1448872246924]","[-157013308157, -129780483157, 2885192767313, 2803001077610, 329817838159]","[587113364622, -977458499432, -1742448962480, -4014712369226, -134200664622]"
005490,POSCO홀딩스,KOSPI,26744015362500,20.22,86115134750.0,3.06,1.26,2.15,0.42,7,2026-08-14,"[4.58, 2.99, 2.64, 3.06]","[1.83, 0.92, 0.48, 1.26]","[3.09, 1.54, 0.81, 2.15]","[0.66, 0.33, 0.39, 0.42]","[21.38, 21.14, 47.77, 19.37]","[2021, 2022, 2023, 2024, 2025]","[76332345050013, 84750203702240, 77127197108585, 72688143160111, 69094886192787]","[9416072781873, 4014366223055, 2635154036110, 1251203784149, 1106849891898]","[12.34, 4.74, 3.42, 1.72, 1.6]","[6259365289022, 6186764805543, 6167694886590, 6663654759669, 4571910292218]","[-5583507767466, -4219870542320, -7388223725769, -4486783115945, -6687278144996]","[-768666229433, 1319408406109, -178592822691, -2301732886911, 2402847679184]","[675857521556, 1966894263223, -1220528839179, 2176871643724, -2115367852778]"
009540,HD한국조선해양,KOSPI,25089069622000,7.15,60536481400.0,15.53,9.86,24.34,1.33,8,2026-08-14,"[1.33, 5.62, 13.04, 15.53]","[0.45, 3.96, 7.41, 9.86]","[1.17, 10.28, 17.32, 24.34]","[0.7, 1.16, 1.73, 1.33]","[60.05, 11.28, 10.01, 5.45]","[2021, 2022, 2023, 2024, 2025]","[15493381773000, 17302020185000, 21296205574000, 25538577356000, 29933215227000]","[-1632184275000, -431095252000, -8045684000, 1822663072000, 3566306564000]","[-10.53, -2.49, -0.04, 7.14, 11.91]","[835843497000, 462245767000, 2081590925000, 4288660178000, 4422050644000]","[181471920000, -1339470657000, -1266889555000, -1232801406000, -3603840324000]","[-189007857000, -977270382000, -485208777000, -2358968041000, -792276007000]","[1017315417000, -877224890000, 814701370000, 3055858772000, 818210320000]"
316140,우리금융지주,KOSPI,24682240219800,8.02,57359571430.0,0.0,0.52,8.07,0.6,5,2026-08-14,[0],"[0.53, 0.6, 0.54, 0.52]","[7.87, 8.84, 8.53, 8.07]","[0.28, 0.31, 0.54, 0.6]","[3.61, 3.54, 6.34, 7.48]","[2022, 2023, 2024, 2025]","[0, 0, 0, 0]","[4485374000000, 3517453000000, 4222847000000, 4090166000000]","[0.0, 0.0, 0.0, 0.0]","[0, 0, -6129300000000, 13642391000000]","[0, 0, -34299000000, -9880603000000]","[0, 0, 1245341000000, 7685336000000]","[0, 0, -6163599000000, 3761788000000]"
196170,알테오젠,KOSDAQ,22289642560000,112.47,181912365068.05,47.16,19.62,26.53,40.73,6,2026-08-14,"[-10.09, 24.7, 49.52, 47.16]","[-1.4, 14.84, 20.78, 19.62]","[-2.42, 22.14, 31.95, 26.53]","[37.16, 62.98, 55.17, 40.73]","[284.43, 172.7, 153.54]","[2021, 2022, 2023, 2024, 2025]","[41123115244, 28806344498, 96522928887, 102854620800, 215858918957]","[-8298171558, -9969855067, -3564374999, 36611944516, 162736332654]","[-20.18, -34.61, -3.69, 35.6, 75.39]","[-9419517066, -17874625308, -7765575368, 53044297258, 124127150186]","[-125960791851, 50213127538, -9343034472, -107771450399, -231120222423]","[107003154810, 2918943647, 1736653090, 43258945323, 155645065971]","[-135380308917, 32338502230, -17108609840, -54727153141, -106993072237]"
017670,SK텔레콤,KOSPI,21178299225800,27.07,154786907630.0,7.45,2.2,4.6,1.37,8,2026-08-13,"[9.96, 10.16, 6.28, 7.45]","[0.0, 4.55, 1.25, 2.2]","[0.0, 11.73, 2.9, 4.6]","[0.92, 1.05, 0.93, 1.37]","[8.95, 32.07, 29.72]","[2021, 2022, 2023, 2024, 2025]","[16748585000000, 17304973000000, 17608511000000, 17940609000000, 17099213000000]","[1718191000000, 1236152000000, 1488179000000, 1761765000000, 722261000000]","[10.26, 7.14, 8.45, 9.82, 4.22]","[5031279000000, 5159317000000, 4947205000000, 5087285000000, 3923847000000]","[-3486189000000, -2807795000000, -3352905000000, -2711827000000, -1737109000000]","[-2053611000000, -1349882000000, -2020990000000, -1809853000000, -2711763000000]","[1545090000000, 2351522000000, 1594300000000, 2375458000000, 2186738000000]"
042700,한미반도체,KOSPI,20921027900000,94.64,123286887320.0,42.49,25.19,29.73,28.01,4,2026-08-14,"[21.74, 45.69, 43.59, 42.49]","[36.91, 21.47, 26.31, 25.19]","[46.72, 28.22, 31.0, 29.73]","[10.24, 14.47, 17.51, 28.01]","[21.91, 51.29, 56.48, 94.22]","[2021, 2022, 2023, 2024, 2025]","[373169401913, 327592058714, 159008528366, 558917191547, 576684619527]","[136251557490, 127844021017, 345279561787, 198374398621, 278383068707]","[36.51, 39.03, 217.15, 35.49, 48.27]","[52279090690, 109501808221, 44990807438, 141363819580, 228626759780]","[-64957521614, -18079678286, 84636164574, 9424530414, 18323837100]","[-19856287040, -50841790287, -43622103656, -231725385169, -77238574571]","[-12678430924, 91422129935, 129626972012, 150788349994, 246950596880]"
015760,한국전력,KOSPI,20895930706350,2.61,61917960522.5,12.83,3.02,15.29,0.4,5,2026-08-14,"[-5.15, 8.96, 13.85, 12.83]","[0.0, 1.47, 3.4, 3.02]","[0.0, 8.76, 17.57, 15.29]","[0.33, 0.32, 0.63, 0.4]","[3.63, 3.57, 2.64]","[2021, 2022, 2023, 2024, 2025]","[60574819000000, 71257863000000, 88219461000000, 93398896000000, 97429346000000]","[-7085214000000, -33843619000000, -7553977000000, 5256529000000, 11586930000000]","[-11.7, -47.49, -8.56, 5.63, 11.89]","[4473186000000, -23477500000000, 1522162000000, 15876116000000, 20880154000000]","[-12354328000000, -14953753000000, -13073757000000, -14093107000000, -18445453000000]","[8435077000000, 38997899000000, 12661882000000, -3849301000000, -2634601000000]","[-7881142000000, -38431253000000, -11551595000000, 1783009000000, 2434701000000]"
011200,HMM,KOSPI,20468263949000,14.42,33453102742.5,10.73,3.85,4.99,0.71,4,2026-08-13,"[6.96, 30.02, 13.42, 10.73]","[3.77, 11.17, 5.6, 3.85]","[4.52, 13.58, 7.07, 4.99]","[0.87, 0.6, 0.74, 0.71]","[19.29, 4.46, 10.41, 14.29]","[2021, 2022, 2023, 2024, 2025]","[13794148000000, 18582770000000, 8400969000000, 11700224000000, 10891443000000]","[5327233000000, 10215426000000, 1054261000000, 3896566000000, 2000727000000]","[38.62, 54.97, 12.55, 33.3, 18.37]","[7505033000000, 11082071000000, 1979706000000, 4874617000000, 3305131000000]","[-6314410000000, -4851596000000, -1487088000000, -6232183000000, 1070549000000]","[-718212000000, -3330661000000, -2237979000000, -539123000000, -4033134000000]","[1190623000000, 6230475000000, 492618000000, -1357566000000, 4375680000000]"
138040,메리츠금융지주,KOSPI,20416367306000,9.16,27913495840.0,0.0,1.66,19.26,1.6,5,2026-08-14,"[5.01, 0]","[2.08, 2.02, 1.73, 1.66]","[21.05, 21.35, 20.87, 19.26]","[0.98, 1.59, 1.68, 1.6]","[4.65, 7.45, 8.04, 8.29]","[2022, 2023, 2024, 2025]","[67218346531822, 58558358469900, 0, 0]","[2913775440513, 2843924378852, 3141145333026, 3161551397668]","[4.33, 4.86, 0.0, 0.0]","[0, 0, 0, 0]","[0, 0, 0, 0]","[0, 0, 0, 0]","[0, 0, 0, 0]"
000150,두산,KOSPI,20047967730000,72.82,75722182250.0,6.45,1.77,4.62,1.44,8,2026-08-14,"[7.51, 5.54, 5.37, 6.45]","[0.96, 1.0, 0.76, 1.77]","[2.43, 2.54, 2.04, 4.62]","[0.13, 0.34, 1.01, 1.44]","[5.48, 13.39, 49.69, 31.22]","[2021, 2022, 2023, 2024, 2025]","[13204153075980, 16995760103010, 19130129881903, 18132874000000, 19784138000000]","[610361584097, -285903924711, 450973828996, 592954000000, 490166000000]","[4.62, -1.68, 2.36, 3.27, 2.48]","[743214641209, 533183466969, 1908708279056, 307830000000, 981908000000]","[-315051174019, -290918697655, -1106303054421, -994760000000, -430442000000]","[-1035752379256, -482036881086, 636264936670, 573859000000, 700030000000]","[428163467190, 242264769314, 802405224635, -686930000000, 551466000000]"
006800,미래에셋증권,KOSPI,19630210993650,10.89,49273957170.0,9.56,1.96,23.54,1.21,4,2026-08-14,"[2.56, 5.34, 6.54, 9.56]","[0.26, 0.67, 1.05, 1.96]","[3.01, 7.55, 11.74, 23.54]","[0.38, 0.37, 0.98, 1.21]","[12.72, 4.89, 8.31, 5.13]","[2022, 2023, 2024, 2025]","[19161174666050, 20359463366897, 22242327000000, 29283028000000]","[849244642186, 379041851216, 1224458000000, 2079352000000]","[4.43, 1.86, 5.51, 7.1]","[2595094806460, -4077641709374, -10250279000000, -6860961000000]","[-3424161581748, 352432771880, -1369709000000, 5786714000000]","[-295453043881, 2604556201064, 11659806000000, 862114000000]","[-829066775288, -3725208937494, -11619988000000, -1074247000000]"
018260,삼성에스디에스,KOSPI,18802805400000,28.62,62030026650.0,5.49,4.39,6.25,1.77,5,2026-08-14,"[6.09, 6.59, 6.87, 5.49]","[5.69, 5.96, 5.82, 4.39]","[7.81, 8.13, 7.63, 6.25]","[1.48, 1.03, 1.31, 1.77]","[18.99, 12.68, 17.17, 28.28]","[2021, 2022, 2023, 2024, 2025]","[13630002438924, 17234749537662, 13276844204872, 13828232033800, 13929868497711]","[857541761347, 1132080207483, 985508371366, 1102762093370, 1075790026127]","[6.29, 6.57, 7.42, 7.97, 7.72]","[980238874630, 1289793206812, 1460826705639, 1238044504932, 1203327812666]","[-826635058125, -645431185172, -622134371779, -1068791775370, -824218471213]","[-323397914634, -355496158276, -462637398283, -423376343384, -508992625361]","[153603816505, 644362021640, 838692333860, 169252729562, 379109341453]"
010140,삼성중공업,KOSPI,18656000000000,32.55,54011412647.5,9.76,3.1,11.81,3.96,6,2026-08-14,"[2.91, 5.08, 8.1, 9.76]","[-1.0, 0.31, 3.58, 3.1]","[-4.56, 1.44, 13.08, 11.81]","[2.03, 2.69, 5.25, 3.96]","[187.22, 40.15, 33.54]","[2021, 2022, 2023, 2024, 2025]","[6622001487326, 5944667452285, 8009429912108, 9903077919464, 10650010702818]","[-1349816814471, -554711265360, -295712428079, -315502208729, 650478606939]","[-20.38, -9.33, -3.69, -3.19, 6.11]","[845026468770, -1693020710821, -516466559463, 654519940133, 1562848761939]","[99780759079, 1102067053512, -194744488793, 310527356488, -480379865919]","[-1369090963984, 946809744315, 375999701753, -599215683090, -1266516175071]","[944807227849, -590953657309, -711211048256, 965047296621, 1082468896020]"
033780,KT&G,KOSPI,18301783392800,14.36,47393868160.0,21.41,9.59,14.82,1.88,6,2026-08-14,"[19.91, 20.12, 20.42, 21.41]","[7.22, 8.37, 7.77, 9.59]","[9.92, 12.45, 11.81, 14.82]","[0.96, 1.18, 1.56, 1.88]","[9.68, 9.45, 13.25, 12.7]","[2021, 2022, 2023, 2024, 2025]","[5228351596536, 5851406000000, 5862608000000, 5908792000000, 6579707000000]","[1439553489358, 1429519000000, 1248382000000, 1565825000000, 1455291000000]","[27.53, 24.43, 21.29, 26.5, 22.12]","[1419821288927, 887887000000, 1265993000000, 822275000000, 582875000000]","[-797609538428, 547544000000, -848296000000, -529726000000, 101054000000]","[-947573961892, -931786000000, -775827000000, -293438000000, -947893000000]","[622211750499, 1435431000000, 417697000000, 292549000000, 683929000000]"
003550,LG,KOSPI,17583630065200,24.81,31747339630.0,0.0,2.95,3.24,0.54,6,2026-08-14,[0],"[4.67, 2.5, 2.94, 2.95]","[5.23, 2.81, 3.3, 3.24]","[0.47, 0.38, 0.39, 0.54]","[8.94, 13.41, 11.88, 16.58]","[2021, 2022, 2023, 2024, 2025]","[0, 0, 0, 0, 0]","[2390985000000, 2045618000000, 1618368000000, 1007098000000, 1334876000000]","[0.0, 0.0, 0.0, 0.0, 0.0]","[1019525000000, 641024000000, 882694000000, 1361451000000, 1015114000000]","[-271997000000, -175064000000, -179302000000, -66214000000, -543191000000]","[-1008364000000, -653033000000, -976051000000, -706231000000, -342451000000]","[747528000000, 465960000000, 703392000000, 1295237000000, 471923000000]"
278470,에이피알,KOSPI,17277708532500,40.3,129394683400.0,24.91,39.22,66.69,26.66,7,2026-08-14,"[19.89, 16.98, 23.93, 24.91]","[28.38, 19.04, 37.53, 39.22]","[41.4, 33.26, 64.97, 66.69]","[5.75, 19.27, 26.66]","[17.29, 29.66, 39.98]","[2021, 2022, 2023, 2024, 2025]","[259146144182, 397698119336, 523809364559, 722753862301, 1527344973381]","[13737679498, 39204580281, 105823349827, 133300687869, 364304049097]","[5.3, 9.86, 20.2, 18.44, 23.85]","[4585024805, 31630786168, 107840961394, 79124161730, 341046397295]","[-7203428972, -9121425060, -28280436368, -109655123978, -94461511773]","[6900283116, 1440557771, -11480920710, -4830388701, -181672363810]","[-2618404167, 22509361108, 79560525026, -30530962248, 246584885522]"
267250,HD현대,KOSPI,17220492530000,6.33,27849346560.0,13.47,8.39,21.82,0.49,8,2026-08-14,"[3.31, 4.4, 8.56, 13.47]","[1.16, 2.61, 4.67, 8.39]","[3.38, 7.32, 12.12, 21.82]","[0.21, 0.24, 0.49, 0.49]","[6.33, 3.23, 4.03, 2.26]","[2021, 2022, 2023, 2024, 2025]","[28158746399000, 60849668073000, 61331302785000, 67765626088000, 71259438270000]","[513995562000, 2896404503000, 958247988000, 2369304995000, 4796589546000]","[1.83, 4.76, 1.56, 3.5, 6.73]","[205801317000, 2133778170000, 3934871003000, 7511489661000, 7384884225000]","[-1862489886000, 1235407171000, -2622447720000, -2400882029000, -4746311853000]","[1708417573000, -1537397606000, -905816018000, -3927148848000, -1944899536000]","[-1656688569000, 3369185341000, 1312423283000, 5110607632000, 2638572372000]"
003670,포스코퓨처엠,KOSPI,16570680786000,396.25,60254609765.0,2.07,0.56,1.15,3.52,7,2026-08-14,"[0.75, 0.02, 1.12, 2.07]","[0.07, -2.92, 0.4, 0.56]","[0.17, -6.97, 0.81, 1.15]","[11.01, 3.43, 3.43, 3.52]","[6484.4, 423.17, 306.43]","[2021, 2022, 2023, 2024, 2025]","[1989542181862, 3301915805063, 4759871486264, 3699944235821, 2938698184392]","[146029977767, 133944947618, -16092096085, -431906272221, -9872071536]","[7.34, 4.06, -0.34, -11.67, -0.34]","[103036995180, -60953571038, -444846366048, 670850270370, -33577422254]","[-1674965515163, -54628496480, -1031417948354, -1810359760422, -1726807789122]","[1521870975736, 336296643066, 1591574471223, 1375378743191, 1430280253506]","[-1571928519983, -115582067518, -1476264314402, -1139509490052, -1760385211376]"
086520,에코프로,KOSDAQ,12247008910400,201.99,80123930130.0,8.63,2.02,4.54,2.4,6,2026-08-14,"[4.11, -9.37, 6.26, 8.63]","[1.79, -3.63, -1.08, 2.02]","[3.88, -7.69, -2.35, 4.54]","[4.88, 1.97, 2.71, 2.4]","[125.89, 52.9]","[2021, 2022, 2023, 2024, 2025]","[1504112975430, 5639741327318, 7260200345722, 3127853158129, 3413021590101]","[-171026994161, 0, 0, 0, 0]","[-11.37, 0.0, 0.0, 0.0, 0.0]","[-140631424578, -518555082789, 80899715838, 488829329203, 339076295162]","[-408406109957, -444904946504, -1467892601677, -1626261219014, -1530237201325]","[704277674871, 1029798919265, 2151297939222, 959489963877, 1436418285397]","[-549037534535, -963460029293, -1386992885839, -1137431889811, -1191160906163]"
247540,에코프로비엠,KOSDAQ,11563557298800,270.25,46862061475.0,5.69,1.69,4.37,5.52,5,2026-08-14,"[2.26, -1.23, 5.66, 5.69]","[1.25, -1.35, 1.88, 1.69]","[3.42, -2.96, 4.54, 4.37]","[17.24, 5.32, 6.96, 5.52]","[504.13, 153.22, 126.26]","[2021, 2022, 2023, 2024, 2025]","[1485628623826, 5357607238956, 6900867843535, 2766837750152, 2531576384113]","[114425469995, 322533781505, 77700290608, -92973592856, 81655166652]","[7.7, 6.02, 1.13, -3.36, 3.23]","[-100889335917, -241250246729, 20620682315, 670144487342, 214707183992]","[-237286289757, -534742092456, -672543566821, -1021816709275, -490657793392]","[383583882567, 993243884145, 847377985960, 323119486421, 308045844044]","[-338175625674, -775992339185, -651922884506, -351672221933, -275950609400]"
277810,레인보우로보틱스,KOSDAQ,8846335248000,6308.22,54265276575.0,-5.8,0.0,0.0,66.58,2,2026-08-14,"[-292.24, -15.4, -7.27, -5.8]","[-0.64, 0.0, 0.0, 0.0]","[-0.64, 0.0, 0.0, 0.0]","[25.88, 23.54, 67.54, 66.58]",[0],"[2021, 2022, 2023, 2024, 2025]","[8969574693, 13615411936, 15258134872, 19346780087, 34123110054]","[-7844932867, 3068499831, -1086156856, 1359514045, 721586616]","[-87.46, 22.54, -7.12, 7.03, 2.11]","[-2570734182, 1170329441, -468450603, -1913480067, -9285606999]","[-4988354055, -3494647272, -15923221057, -20611837940, -49182910022]","[54158775844, -282948390, 58930939699, 87763929, 92136538]","[-7559088237, -2324317831, -16391671660, -22525318007, -58468517021]"
036930,주성엔지니어링,KOSDAQ,8217862192800,1149.35,208726918970.0,-6.57,0.84,1.22,13.88,3,2026-08-14,"[10.16, 23.74, 10.06, -6.57]","[4.22, 10.82, 4.02, 0.84]","[6.61, 18.85, 6.05, 1.22]","[3.08, 2.41, 2.18, 13.88]","[46.7, 12.8, 36.03, 1133.87]","[2021, 2022, 2023, 2024, 2025]","[377294631076, 437938720318, 284745246660, 409393371588, 310692584812]","[174250274001, 135068830067, 44710749435, 127461618402, 41226195380]","[46.18, 30.84, 15.7, 31.13, 13.27]","[110703979209, 100995569624, 886629703, 224672730163, -30678160138]","[6947517717, -48396816601, -1171928652, -40332274846, -53872736602]","[-18027143092, -48392963980, -10166855840, -50682778850, -828559000]","[117651496926, 52598753023, -285298949, 184340455317, -84550896740]"
240810,원익IPS,KOSDAQ,5453221401100,31.62,98264743950.0,0.0,0.0,0.0,5.08,5,2026-08-14,"[0.0, 0.0, 0.0, 0.0]","[0.0, 0.0, 0.0, 0.0]","[0.0, 0.0, 0.0, 0.0]","[1.92, 1.23, 3.42, 5.08]",[0],"[2021, 2022, 2023, 2024, 2025]","[1232302198954, 1011484981702, 690337586778, 748176487524, 909795691103]","[189288167815, 117338639677, -20856769187, 17421121116, 106153540121]","[15.36, 11.6, -3.02, 2.33, 11.67]","[137290457928, 28026783322, -12315183037, 78280504451, 156607028356]","[-223783631960, 60744469876, -46027866311, 5495162371, -178509048975]","[-11025495966, -27904041972, 13815950359, -3469412940, -5649629550]","[-86493174032, 88771253198, -58343049348, 83775666822, -21902020619]"
058470,리노공업,KOSDAQ,5090951580000,27.02,35913836985.0,49.33,21.92,0.0,0.0,6,2026-08-14,"[44.75, 44.65, 47.51, 49.33]","[19.03, 17.23, 19.19, 21.92]","[19.91, 18.19, 20.78, 0]","[5.56, 4.71, 6.3, 0]","[27.94, 25.89, 30.33, 27.1]","[2021, 2022, 2023, 2024, 2025]","[280166833067, 322422803089, 255573034656, 278186189427, 372534084608]","[138893100157, 154075514572, 142243468095, 146539081944, 195856560281]","[49.58, 47.79, 55.66, 52.68, 52.57]","[130580737722, 108593008315, 110391022028, 110106597065, 179468846374]","[-131720027625, -117259026467, -61048311242, -46761936241, -103850828522]","[-22902218748, -38069068174, -45645540820, -45636652253, -45642859676]","[-1139289903, -8666018152, 49342710786, 63344660824, 75618017852]"
039030,이오테크닉스,KOSDAQ,4909340675000,45.87,42107986475.0,24.58,13.05,14.5,6.56,7,2026-08-14,"[8.96, 9.72, 21.2, 24.58]","[5.95, 6.53, 7.4, 13.05]","[6.47, 7.08, 8.37, 14.5]","[3.3, 2.81, 4.8, 6.56]","[51.05, 39.64, 57.42, 45.24]","[2021, 2022, 2023, 2024, 2025]","[390860189675, 447157589742, 316384019477, 320945496298, 380890608578]","[92784112132, 100770243229, 50234776133, 64384180425, 83981790294]","[23.74, 22.54, 15.88, 20.06, 22.05]","[1562854076, 92745130018, 31583430990, 55361110767, 100287776582]","[-6890070591, -5843240872, 25560486612, -37576788470, -115567294480]","[-3196720846, -21146395955, -15652947543, -6357568850, 31690700144]","[-5327216515, 86901889146, 57143917602, 17784322297, -15279517898]"
214450,파마리서치,KOSDAQ,4794822552000,26.53,77776305450.0,39.36,17.63,24.74,6.08,8,2026-08-14,"[35.35, 36.0, 39.98, 39.36]","[14.43, 10.39, 16.12, 17.63]","[16.72, 15.62, 23.24, 24.74]","[2.67, 5.19, 6.27, 6.08]","[15.95, 33.22, 26.96, 24.57]","[2021, 2022, 2023, 2024, 2025]","[154082897894, 194758643934, 261010910564, 350115068641, 536289118812]","[56033421122, 54048007703, 100704567366, 115812758336, 216513993298]","[36.37, 27.75, 38.58, 33.08, 40.37]","[65297140554, 59403807966, 64945249419, 138121879153, 183162279104]","[-93754918037, -11907643133, -44667653261, -225538402744, -155917951227]","[42965405699, -9301360636, -25968629220, 182643385738, -15272563396]","[-28457777483, 47496164833, 20277596158, -87416523591, 27244327877]"
403870,HPSP,KOSDAQ,4205530000000,48.69,119856544895.0,53.45,21.06,27.35,13.42,5,2026-08-14,"[53.16, 51.79, 51.98, 53.45]","[25.08, 26.97, 19.65, 21.06]","[29.03, 31.05, 23.57, 27.35]","[13.26, 7.85, 9.11, 13.42]","[45.67, 25.29, 38.62, 49.06]","[2022, 2023, 2024, 2025]","[159336322822, 179086660832, 181401607828, 172964572189]","[86909297369, 104224110633, 113819054289, 94351707892]","[54.54, 58.2, 62.74, 54.55]","[95979642338, 90318133969, 83829271621, 100205138390]","[-78618176259, -147900028722, 19759115436, -19164633777]","[72325384415, -4241573644, -93933043745, -48272077072]","[17361466079, -57581894753, 103588387057, 81040504613]"
000250,삼천당제약,KOSDAQ,4011227712000,221.5,29398562775.0,6.83,4.43,6.36,10.01,8,2026-08-14,"[4.96, 1.25, 3.65, 6.83]","[-1.03, -0.98, 2.14, 4.43]","[-1.4, -1.45, 3.31, 6.36]","[6.19, 10.15, 15.28, 10.01]","[461.73, 157.46]","[2021, 2022, 2023, 2024, 2025]","[167274903875, 177335410013, 192668515628, 210923804522, 231805277738]","[-19549099496, 8919524090, -4548519771, 11037671305, 12517587449]","[-11.69, 5.03, -2.36, 5.23, 5.4]","[-7706965272, 13278998700, 23428068368, 21770705374, 9793496690]","[-30050292677, -53937909031, -8421494008, -23157647503, -42356058487]","[27691109113, 13325211715, 3386553071, 65759144315, 22779368821]","[-37757257949, -40658910331, 15006574360, -1386942129, -32562561797]"
319660,피에스케이,KOSDAQ,3725119420400,29.61,40936285335.0,25.0,6.18,7.55,6.06,8,2026-08-14,"[15.38, 21.08, 19.36, 25.0]","[10.62, 0.0, 0.0, 6.18]","[13.38, 0.0, 0.0, 7.55]","[1.56, 1.02, 2.0, 6.06]","[11.69, 80.27]","[2021, 2022, 2023, 2024, 2025]","[445803726054, 460909201007, 351863805650, 398050977575, 457213151918]","[100447723543, 100020927443, 65909245151, 97408260831, 92506540496]","[22.53, 21.7, 18.73, 24.47, 20.23]","[114603470770, 46284494056, 50281470015, 67531924428, 61731136881]","[-91865718494, -36165066547, -36436599654, -34424696928, -17161223038]","[3956188075, -18286752569, -4067183666, -9249244373, -20241932191]","[22737752276, 10119427509, 13844870361, 33107227500, 44569913843]"
095340,ISC,KOSDAQ,3675569857200,64.01,24805489345.0,30.31,11.94,13.37,6.3,7,2026-08-14,"[7.66, 25.67, 27.27, 30.31]","[2.51, 9.42, 9.05, 11.94]","[2.87, 10.49, 10.49, 13.37]","[3.68, 2.99, 4.48, 6.3]","[128.19, 28.48, 42.76, 47.15]","[2021, 2022, 2023, 2024, 2025]","[144669824213, 178871264564, 140221939908, 174480093980, 220194751972]","[37390931891, 62127598132, 17562959334, 69585298543, 66595849807]","[25.85, 34.73, 12.53, 39.88, 30.24]","[39254158334, 65415841493, 22378623635, 50672432870, 41712020998]","[-4047972401, -75883242373, -1629910327, -251869254329, 13991425371]","[-21473755628, 14397933079, 193733028010, -27006085434, -17060276708]","[35206185933, -10467400880, 20748713308, -201196821459, 55703446369]"
257720,실리콘투,KOSDAQ,3495214231600,16.09,91976592065.0,18.68,22.9,32.06,5.07,3,2026-08-14,"[13.94, 19.89, 18.4, 18.68]","[17.66, 26.38, 23.76, 22.9]","[28.17, 46.16, 36.85, 32.06]","[3.68, 8.06, 5.45, 5.07]","[13.08, 17.47, 14.78, 15.82]","[2021, 2022, 2023, 2024, 2025]","[131001972745, 165272164547, 342860997946, 691522368911, 1116287364104]","[10262710819, 14267181469, 48123416307, 148708060396, 216701602732]","[7.83, 8.63, 14.04, 21.5, 19.41]","[0, 0, 0, 60126008213, 1140985003]","[0, 0, 0, -72087426839, -42918538519]","[0, 0, 0, 80759252921, 33600222933]","[0, 0, 0, -11961418626, -41777553516]"
145020,휴젤,KOSDAQ,3241429807000,19.63,13374316825.0,43.56,13.69,15.0,2.98,8,2026-08-14,"[36.84, 44.56, 47.25, 43.56]","[10.51, 15.24, 13.65, 13.69]","[12.53, 17.02, 14.99, 15.0]","[2.46, 4.29, 3.02, 2.98]","[19.68, 25.21, 20.17, 19.86]","[2021, 2022, 2023, 2024, 2025]","[245153111424, 281675135067, 319699941151, 373046885998, 425109983561]","[88989218930, 73086582121, 133269750423, 165179546912, 196751287551]","[36.3, 25.95, 41.69, 44.28, 46.28]","[85940034914, 80626442310, 117705306304, 149050888807, 150058740523]","[180130227132, -191831663694, 43198399360, 42383660430, -48744554194]","[-36027646662, -51369968859, -187068751504, -172065830373, -21673257958]","[266070262046, -111205221384, 160903705664, 191434549237, 101314186329]"
084370,유진테크,KOSDAQ,3070749628000,27.46,19019144730.0,15.48,16.77,19.78,5.32,6,2026-08-14,"[8.8, 18.1, 14.75, 15.48]","[5.81, 12.13, 7.66, 16.77]","[6.89, 15.02, 9.05, 19.78]","[2.55, 1.65, 3.52, 5.32]","[37.01, 11.02, 38.84, 26.88]","[2021, 2022, 2023, 2024, 2025]","[324575857261, 310632917779, 276533350776, 338067812312, 350324287104]","[84212985420, 59182009132, 31795455802, 76862916494, 54221150766]","[25.95, 19.05, 11.5, 22.74, 15.48]","[72457608239, 38949017461, 47693888794, 61502669541, 66476818240]","[-66066025501, -12203339671, -43146128894, -75827511736, -55048153074]","[715680075, -12835634754, -7212064571, 2912309931, 13915177327]","[6391582738, 26745677790, 4547759900, -14324842195, 11428665166]"
214370,케어젠,KOSDAQ,2841523500000,121.13,5073183675.0,24.35,9.48,10.46,13.0,5,2026-08-14,"[50.98, 41.47, 28.02, 24.35]","[16.15, 13.43, 8.69, 9.48]","[17.57, 14.49, 9.46, 10.46]","[6.66, 7.11, 18.61, 13.0]","[37.93, 49.08, 196.73, 124.23]","[2021, 2022, 2023, 2024, 2025]","[59087882662, 69097674884, 79209511675, 82585947786, 72807992793]","[33580886637, 34457008420, 49572305847, 40166709566, 22350108531]","[56.83, 49.87, 62.58, 48.64, 30.7]","[51922402494, -27680623280, 28602567224, 13486611789, 18589458609]","[-25170935659, 34587812151, 26107639371, -4010794507, 16490096555]","[-20470988489, -23849919767, -28321458213, -36353683660, -31180689408]","[26751466835, 6907188871, 54710206595, 9475817282, 35079555164]"
095610,테스,KOSDAQ,2762672000000,34.45,52768024550.0,17.12,14.27,17.27,5.91,7,2026-08-13,"[-3.99, 16.03, 16.47, 17.12]","[0.49, 11.19, 11.68, 14.27]","[0.52, 12.9, 14.53, 17.27]","[1.3, 0.91, 2.2, 5.91]","[248.84, 7.05, 15.17, 34.21]","[2021, 2022, 2023, 2024, 2025]","[375194330803, 357991682573, 146938072263, 240077826420, 351115732341]","[78077523222, 54269567471, 2268482266, 49835432228, 65766297768]","[20.81, 15.16, 1.54, 20.76, 18.73]","[76534760051, 15440038685, 28623468169, 30510621174, 82422859490]","[-33777538307, -13198013119, -34579807401, -50116977999, -117900233464]","[-19175571790, -31511551123, -6763992972, 10091486104, 35995555964]","[42757221744, 2242025566, -5956339232, -19606356825, -35477373974]"
357780,솔브레인,KOSDAQ,2695273119000,20.87,9815929300.0,15.85,8.32,10.15,2.06,8,2026-08-14,"[15.82, 19.45, 14.47, 15.85]","[13.16, 10.24, 5.81, 8.32]","[14.25, 11.53, 7.56, 10.15]","[2.6, 1.25, 1.85, 2.06]","[18.27, 10.88, 24.55, 20.24]","[2021, 2022, 2023, 2024, 2025]","[1023913370455, 1090867446512, 844029122465, 863356156458, 923381966875]","[203223531001, 215442885163, 161303661840, 167121347746, 113441787760]","[19.85, 19.75, 19.11, 19.36, 12.29]","[131901304526, 190815190274, 221045860074, 262345359082, 146921893948]","[-53091160899, -146011696637, -214975750181, -175689919309, -250830374925]","[-100421948321, -44080685028, -13472094030, -17189018701, 109331492734]","[78810143627, 44803493637, 6070109893, 86655439773, -103908480977]"
064760,티씨케이,KOSDAQ,2666290716000,34.03,16820224320.0,28.28,13.75,15.08,4.84,6,2026-08-14,"[29.43, 29.29, 27.84, 28.28]","[12.36, 12.78, 12.32, 13.75]","[13.36, 13.95, 13.46, 15.08]","[2.61, 1.48, 2.94, 4.84]","[19.54, 10.59, 21.87, 32.06]","[2021, 2022, 2023, 2024, 2025]","[270766567696, 319562836196, 226652881531, 275724843444, 301334302844]","[106324889168, 127921796769, 75251224180, 90726215742, 91368646804]","[39.27, 40.03, 33.2, 32.9, 30.32]","[78650104268, 87311102557, 20979642673, 74417172514, 54111434312]","[-63738558950, -96045963737, -33572720459, -72043319977, 4361225849]","[-298710033, -316495086, -308705985, -286677204, -50508261180]","[14911545318, -8734861180, -12593077786, 2373852537, 58472660161]"
319400,현대무벡스,KOSDAQ,2645180926250,149.68,45186297990.0,2.84,5.06,10.41,15.86,3,2026-08-14,"[1.55, 7.2, 4.62, 2.84]","[1.69, 9.01, 3.98, 5.06]","[2.62, 15.64, 7.05, 10.41]","[2.37, 2.21, 13.19, 15.86]","[90.7, 14.16, 187.27, 152.34]","[2021, 2022, 2023, 2024, 2025]","[240087700147, 210456108794, 267838061818, 341383043004, 393940640251]","[11708747755, 12485209347, 4551886723, 34168144128, 11943231721]","[4.88, 5.93, 1.7, 10.01, 3.03]","[6725303868, -25991963166, -9935983695, 55105691502, -1431766908]","[2551495133, 36097145827, -5437614648, 8928380555, -13849627013]","[-1470228213, -369562032, 6360152459, -25480910459, -6857168408]","[9276799001, 10105182661, -15373598343, 64034072057, -15281393921]"
080220,제주반도체,KOSDAQ,2641765291100,11.68,149018657640.0,32.21,31.56,51.62,5.91,6,2026-08-13,"[12.23, 5.9, 11.87, 32.21]","[8.52, 8.61, 11.76, 31.56]","[10.67, 10.53, 17.39, 51.62]","[2.92, 1.64, 3.92, 5.91]","[27.35, 15.53, 22.54, 11.45]","[2021, 2022, 2023, 2024, 2025]","[193314675877, 158258062887, 145899793599, 162349945455, 302230571186]","[18236761031, 31132828496, 22007168740, 23242515921, 42745959864]","[9.43, 19.67, 15.08, 14.32, 14.14]","[7283157207, -2177606726, 2510859925, -9682087226, 25554903161]","[-4673129593, -2847881243, -3028003579, -1113592600, 4591699774]","[-10514606888, -156267348, 1345669255, 10017987915, 35475132531]","[2610027614, -5025487969, -517143654, -10795679826, 30146602935]"
131290,티에스이,KOSDAQ,2638150816500,25.05,29977547755.0,22.15,14.73,19.98,4.54,7,2026-08-14,"[-0.96, 11.46, 11.46, 22.15]","[-0.47, 8.67, 6.59, 14.73]","[-0.6, 11.27, 8.62, 19.98]","[1.58, 1.15, 1.38, 4.54]","[10.2, 16.01, 22.73]","[2021, 2022, 2023, 2024, 2025]","[307663254437, 339264169508, 249147689845, 348053207965, 428900789083]","[64123601820, 65401668593, -3393293464, 55477255878, 47662101763]","[20.84, 19.28, -1.36, 15.94, 11.11]","[46217811423, 54820649604, 2599977797, 29736113109, 48569539234]","[-63545638116, -54090413330, -33722912883, -31631274782, -34648936308]","[9935031052, 21436023497, 15448774135, 5904885096, 14343925861]","[-17327826693, 730236274, -31122935086, -1895161673, 13920602926]"
031980,피에스케이홀딩스,KOSDAQ,2589643639500,26.1,18864888710.0,36.08,16.04,19.19,4.82,5,2026-08-14,"[28.48, 41.06, 35.33, 36.08]","[10.64, 18.66, 15.68, 16.04]","[12.51, 22.21, 18.11, 19.19]","[1.64, 1.83, 1.9, 4.82]","[13.1, 8.24, 10.48, 25.11]","[2021, 2022, 2023, 2024, 2025]","[81623934759, 72790993366, 94716683944, 215508095005, 207764042799]","[57730933160, 33902208406, 48926224605, 116893816209, 107273147038]","[70.73, 46.57, 51.66, 54.24, 51.63]","[28477069630, 19108647640, 32458332894, 66625215940, 81417272271]","[-17058956932, -17441955479, -15036163087, -23949808588, -833158771]","[5292768966, -10130114460, 23481977932, -17030997586, -17536627375]","[11418112698, 1666692161, 17422169807, 42675407352, 80584113500]"
067310,하나마이크론,KOSDAQ,2350452219150,13.79,61023714157.5,14.47,8.86,26.09,2.84,7,2026-08-14,"[5.98, 8.54, 8.32, 14.47]","[0.06, -0.57, 3.25, 8.86]","[0.18, -1.84, 10.05, 26.09]","[3.03, 1.01, 2.61, 2.84]","[1710.63, 25.96, 10.89]","[2021, 2022, 2023, 2024, 2025]","[669511962324, 894395892458, 967971484717, 1250692575645, 1534418874072]","[86162116169, 90660180773, 13978752927, -2040213892, 80019458822]","[12.87, 10.14, 1.44, -0.16, 5.21]","[149226058931, 129955135752, 83115094568, 40971029889, 174918894576]","[-184330955892, -398886577162, -408102565655, -146143913739, -156830059010]","[105854327401, 245332836919, 330697252819, 146651822202, -70955529049]","[-35104896961, -268931441410, -324987471087, -105172883850, 18088835566]"
237690,에스티팜,KOSDAQ,2300605507600,31.22,22609144560.0,18.33,9.06,12.21,3.66,7,2026-08-14,"[11.76, 10.12, 16.56, 18.33]","[2.59, 4.5, 6.97, 9.06]","[4.53, 6.45, 9.2, 12.21]","[3.83, 3.87, 4.4, 3.66]","[84.61, 59.89, 47.78, 29.94]","[2021, 2022, 2023, 2024, 2025]","[165641947051, 249321677973, 284991652409, 273751342840, 331681282447]","[1260206278, 19237033363, 23354253463, 42746584643, 58723396809]","[0.76, 7.72, 8.19, 15.62, 17.7]","[7269872745, 7030980847, 1298383439, 109451358165, 13989325017]","[-8033541371, -5724244404, -82388093117, -86542775340, -26325858708]","[-115590621, 10808138703, 81401259384, -10953895479, -20082958731]","[-763668626, 1306736443, -81089709678, 22908582825, -12336533691]"
214150,클래시스,KOSDAQ,2169085661750,16.09,14040946820.0,46.04,0.0,24.22,3.91,3,2026-08-14,"[49.76, 50.4, 50.65, 46.04]","[19.77, 16.03, 18.73, 0]","[26.18, 21.55, 23.92, 24.22]","[8.53, 6.75, 6.33, 3.91]","[32.59, 31.3, 26.46, 16.13]","[2021, 2022, 2023, 2024, 2025]","[100596935574, 141803242402, 180122798016, 242938965374, 336819637856]","[55624588693, 96758436672, 93841844388, 127930993299, 168631660891]","[55.29, 68.23, 52.1, 52.66, 50.07]","[36367042257, 0, 0, 102800406889, 163935787746]","[-92466134619, -91994852657, -48157757772, -82247360752, -109025500649]","[30719729449, 21055238698, -25643961606, -16738605421, -39505350443]","[-56099092362, -91994852657, -48157757772, 20553046137, 54910287097]"
005290,동진쎄미켐,KOSDAQ,2161133342400,10.46,16729677575.0,16.19,9.06,16.45,1.74,7,2026-08-14,"[13.45, 15.76, 14.44, 16.19]","[7.69, 7.11, 4.69, 9.06]","[14.79, 14.06, 8.54, 16.45]","[2.35, 1.04, 1.69, 1.74]","[15.89, 7.39, 19.76, 10.57]","[2021, 2022, 2023, 2024, 2025]","[1161284077161, 1457214808307, 1309924437990, 1112812913021, 1194144534567]","[135796392250, 210963962073, 162943104164, 171567475914, 112948343148]","[11.69, 14.48, 12.44, 15.42, 9.46]","[76098753709, 190056242655, 114685604318, 226861923132, 191257331406]","[-96276916853, -147320572980, -260654256749, -267472661689, -32797015301]","[39134394743, 10248562076, 136915539516, 150036513236, -101073659320]","[-20178163144, 42735669675, -145968652431, -40610738557, 158460316105]"
058610,에스피지,KOSDAQ,2055841272000,217.48,76332777750.0,5.46,2.07,3.47,7.5,7,2026-08-14,"[4.06, 3.18, 5.25, 5.46]","[3.17, 3.3, 2.13, 2.07]","[5.02, 5.16, 3.54, 3.47]","[3.62, 2.03, 6.94, 7.5]","[72.14, 39.32, 196.14, 216.25]","[2021, 2022, 2023, 2024, 2025]","[416334206457, 440476416653, 393785730793, 388476767485, 341670161923]","[25544835236, 21916514594, 12619456677, 14315578761, 14555210657]","[6.14, 4.98, 3.2, 3.69, 4.26]","[-15628773967, 22297351939, 34926408559, 11302814082, 28370862455]","[-6533851938, -5942189585, -6603658264, -8800021119, -3041407603]","[27434079228, -12184065585, -17690099478, -8789684073, -11839471809]","[-22162625905, 16355162354, 28322750295, 2502792963, 25329454852]"
263750,펄어비스,KOSDAQ,2042427075000,13.62,16565487717.5,0.0,21.19,25.94,1.95,7,2026-08-14,"[0.0, 0.0, 0.0, 0.0]","[1.25, 5.28, -0.73, 21.19]","[2.1, 7.49, -1.05, 25.94]","[3.45, 2.22, 3.03, 1.95]","[164.7, 29.67, 7.53]","[2021, 2022, 2023, 2024, 2025]","[403789463993, 385680123805, 333484523009, 342384719856, 365564943738]","[77734429750, -55803077266, 22141566462, 77655703638, -8988397008]","[19.25, -14.47, 6.64, 22.68, -2.46]","[64436408118, 47554086985, 32415277445, -5388079092, 23933800287]","[-237679464412, -107979963885, 134332682478, 56490355954, -22415554248]","[211019013324, -22610043431, -89598976535, -151810863521, -9350327755]","[-173243056294, -60425876900, 166747959923, 51102276862, 1518246039]"
083650,비에이치아이,KOSDAQ,2023762125000,37.34,24147611545.0,11.8,4.73,25.77,10.02,7,2026-08-14,"[4.11, 5.42, 9.75, 11.8]","[1.75, 3.73, 7.85, 4.73]","[10.13, 16.82, 36.7, 25.77]","[3.54, 4.27, 9.49, 10.02]","[34.97, 25.41, 25.85, 38.88]","[2021, 2022, 2023, 2024, 2025]","[234883716342, 330197109400, 367399208640, 404741038609, 774116878915]","[-34484581408, -20775115442, 3824915907, -3945209623, 79465081718]","[-14.68, -6.29, 1.04, -0.97, 10.27]","[-17568809782, 15242141340, 43715223925, 39963225786, 112298107754]","[-6620877157, -25183734648, -15002307342, -211589828, -87769290815]","[12965629057, 22542513922, -38695886589, -36617071059, 17641485272]","[-24189686939, -9941593308, 28712916583, 39751635958, 24528816939]"
098460,고영,KOSDAQ,1957460913100,71.66,28802581770.0,12.39,10.43,13.16,5.4,6,2026-08-14,"[9.03, 1.64, 7.45, 12.39]","[5.97, 5.56, 3.6, 10.43]","[7.18, 6.5, 4.4, 13.16]","[3.73, 1.73, 4.7, 5.4]","[51.93, 26.57, 106.78, 41.08]","[2021, 2022, 2023, 2024, 2025]","[247301342081, 275359587202, 225630691398, 202538127214, 232647218656]","[50623085522, 50419495591, 30583850686, 28137138156, 18549857561]","[20.47, 18.31, 13.55, 13.89, 7.97]","[42480322829, 29302033637, 29540204383, 36395606644, 18090229309]","[-12063397303, -23792848155, -12832419308, 2520431970, -18473867719]","[-7334975076, -22628210134, -38513608306, -15119501714, -14952750860]","[30416925526, 5509185482, 16707785075, 38916038614, -383638410]"
140860,파크시스템스,KOSDAQ,1897669099000,79.19,8083995600.0,12.01,4.89,6.82,5.58,5,2026-08-14,"[19.03, 22.01, 20.52, 12.01]","[12.18, 15.6, 9.85, 4.89]","[17.12, 22.78, 15.31, 6.82]","[8.74, 8.14, 6.71, 5.58]","[51.06, 35.72, 43.83, 81.82]","[2021, 2022, 2023, 2024, 2025]","[85250257554, 124522011401, 144806376321, 175059849427, 205613479882]","[8754708230, 31881837588, 27143091967, 47230432680, 41224146956]","[10.27, 25.6, 18.74, 26.98, 20.05]","[10790189960, 27577839233, 31304063628, 34715731945, 24479318934]","[-3838826875, -14277999295, -12803644035, -28723684800, -70876020669]","[-2426499180, -8820848762, 6449316211, 10124181834, 29205718816]","[6951363085, 13299839938, 18500419593, 5992047145, -46396701735]"
068760,셀트리온제약,KOSDAQ,1891539343200,43.3,3560478845.0,10.73,5.5,9.55,4.21,7,2026-08-14,"[9.28, 7.79, 10.46, 10.73]","[3.31, 3.28, 5.1, 5.5]","[5.65, 5.53, 8.89, 9.55]","[10.38, 6.35, 6.03, 4.21]","[183.81, 114.82, 67.89, 44.11]","[2021, 2022, 2023, 2024, 2025]","[398738209298, 386039612595, 388794335490, 477835307770, 536400308882]","[42522485747, 30468673930, 26208870105, 29759292897, 49712456011]","[10.66, 7.89, 6.74, 6.23, 9.27]","[93151163753, -4045950275, 8756670843, 56588067889, 86430331164]","[-16303962512, -14565992470, -4221141107, -12116188605, -57538665270]","[-22410209672, -30181023227, -16214991032, -18706103663, -24498594935]","[76847201241, -18611942745, 4535529736, 44471879284, 28891665894]"
096530,씨젠,KOSDAQ,1861856686100,19.12,13072163065.0,12.11,7.26,8.84,1.79,8,2026-08-14,"[-8.18, -3.98, 7.29, 12.11]","[0.06, -0.71, 3.92, 7.26]","[0.07, -0.88, 4.77, 8.84]","[1.23, 1.27, 1.3, 1.79]","[1730.68, 27.22, 20.27]","[2021, 2022, 2023, 2024, 2025]","[1370833012026, 853561091243, 367375048980, 414251733221, 474231586051]","[689156282733, 225559426245, -1413420129, -9425505128, 56435242512]","[50.27, 26.43, -0.38, -2.28, 11.9]","[334024477480, 319008873805, 94932061457, 85390804877, 149333824192]","[-102673010842, -103980104651, -278326844761, 34668575354, -133172552873]","[-110302438882, -144501125649, -156700105686, -63704539174, -64005835220]","[231351466638, 215028769154, -183394783304, 120059380231, 16161271319]"
089030,테크윙,KOSDAQ,1848976885500,196.83,27089973722.5,16.18,-1.87,-5.87,8.92,6,2026-08-14,"[2.37, 12.62, 9.95, 16.18]","[-2.28, -4.34, 1.42, -1.87]","[-5.15, -11.67, 4.24, -5.87]","[1.98, 7.61, 8.05, 8.92]","[189.78, 0]","[2021, 2022, 2023, 2024, 2025]","[255915216713, 267491091324, 133604260260, 185507171034, 159128398402]","[21925674928, 42737032963, -12886152855, -35417842142, 7526105818]","[8.57, 15.98, -9.65, -19.09, 4.73]","[2406698360, 68170988306, 20371517264, 32722277624, -16089053787]","[-64687859770, -24877006267, -67217103146, -29905589196, -109263739041]","[52768612470, -40044588152, 37353228618, 8481189743, 142550366492]","[-62281161410, 43293982039, -46845585882, 2816688428, -125352792828]"
119850,지엔씨에너지,KOSDAQ,858633049800,17.36,50189057160.0,14.27,10.65,17.66,3.48,6,2026-08-13,"[6.62, 14.01, 18.8, 14.27]","[6.26, 14.65, 10.79, 10.65]","[9.53, 24.07, 18.07, 17.66]","[0.65, 0.95, 2.6, 3.48]","[6.77, 3.93, 14.38, 19.68]","[2021, 2022, 2023, 2024, 2025]","[146520018942, 148546394356, 166417408343, 226316215163, 262633597538]","[5326775949, 3485057391, 13869194566, 48387116458, 54763953100]","[3.64, 2.35, 8.33, 21.38, 20.85]","[13943848465, -30656036510, 58389167030, 12994219841, 41079015426]","[-10389684610, 20294112625, -20586179542, -3209083429, -53910442120]","[7305106304, -1798751098, -18832935908, 5985275998, 46684849281]","[3554163855, -10361923885, 37802987488, 9785136412, -12831426694]"
252990,샘씨엔에스,KOSDAQ,836426478210,25.65,7129005608.5,26.47,10.89,15.26,4.29,7,2026-08-14,"[-9.41, 9.75, 18.81, 26.47]","[-0.68, 1.49, 5.94, 10.89]","[-1.28, 2.3, 9.05, 15.26]","[3.53, 1.77, 2.62, 4.29]","[76.6, 28.97, 28.11]","[2021, 2022, 2023, 2024, 2025]","[47572154757, 50118586232, 30934610500, 53315552043, 77985021913]","[13480132256, 17291549992, -934095788, 5048220626, 14304778885]","[28.34, 34.5, -3.02, 9.47, 18.34]","[16484267309, 16967563313, 292792705, 5618810690, 19243268598]","[-117306175320, -29359805411, -6974721286, -49385511859, -30568184803]","[101058671467, 19349436495, 4912084145, 32924807351, 15622164458]","[-100821908011, -12392242098, -6681928581, -43766701169, -11324916205]"
099320,쎄트렉아이,KOSDAQ,815870211000,85.8,3501693300.0,2.74,1.78,3.09,3.48,5,2026-08-13,"[-3.47, -1.79, 4.92, 2.74]","[13.21, 1.4, 3.43, 1.78]","[19.0, 2.79, 5.94, 3.09]","[1.58, 2.0, 3.23, 3.48]","[8.33, 71.53, 54.36, 112.34]","[2021, 2022, 2023, 2024, 2025]","[73449328696, 91357563655, 125433494958, 171279451654, 206916796302]","[-15706998401, 738925068, 6052876592, 3133472561, 12435841498]","[-21.38, 0.81, 4.83, 1.83, 6.01]","[-3745222113, 24143605932, 28555034060, 68326063940, -74017199715]","[-20405314950, -47776798567, -11897111016, -61963615101, 18980961778]","[117562114498, -633327790, -4189746943, 16095478611, 5887564150]","[-24150537063, -23633192635, 16657923044, 6362448839, -55036237937]"
281740,레이크머티리얼즈,KOSDAQ,787451965040,104.62,4623927647.5,11.11,3.45,9.15,5.13,7,2026-08-14,"[25.07, 15.98, 9.4, 11.11]","[8.13, 5.98, 2.19, 3.45]","[22.01, 16.0, 5.74, 9.15]","[10.08, 5.37, 6.99, 5.13]","[45.8, 33.54, 121.61, 56.05]","[2021, 2022, 2023, 2024, 2025]","[81853769513, 131506715480, 117789811143, 138725778383, 141233860094]","[19862722952, 30082739473, 24365460137, 18628495311, 6855107820]","[24.27, 22.88, 20.69, 13.43, 4.85]","[18722838135, 16996193209, 14773140379, 896169257, 15478483153]","[-40667444393, -44804685886, -67439171317, -38391076322, -17694851549]","[28496411321, 36492111774, 64857314998, 21566580545, 2607655863]","[-21944606258, -27808492677, -52666030938, -37494907065, -2216368396]"
417200,LS머트리얼즈,KOSDAQ,786123897580,645.56,5504077502.5,0.17,-0.34,-0.5,3.87,4,2026-08-14,"[9.91, 4.36, -0.09, 0.17]","[4.59, 2.25, -0.37, -0.34]","[6.02, 2.75, -0.49, -0.5]","[14.78, 3.85, 4.0, 3.87]","[245.44, 140.05, 0]","[2022, 2023, 2024, 2025]","[161987191236, 136884683735, 142075605799, 153582399002]","[10651300729, 15191668763, 7615646538, 706969774]","[6.58, 11.1, 5.36, 0.46]","[2004202504, 6851285941, -10920191323, 5641108239]","[-14854779809, -17781035816, -49532188544, -23940280954]","[13669248681, 114152160511, -8903815716, 25462662890]","[-12850577305, -10929749875, -60452379867, -18299172715]"
032190,다우데이타,KOSDAQ,779405000000,3.05,1378648671.5,6.46,1.62,20.86,0.09,6,2026-08-14,"[6.46, 9.94, 8.86, 6.46]","[0.82, 1.5, 1.43, 1.62]","[7.75, 13.38, 15.56, 20.86]","[0.09, 0.06, 0.09, 0.09]","[1.2, 0.45, 0.59, 0.43]","[2021, 2022, 2023, 2024, 2025]","[6580054062920, 9747210930928, 10334025110546, 12136122777332, 18051961355773]","[1325223579454, 780363530784, 650252218523, 1164443034386, 1723851527965]","[20.14, 8.01, 6.29, 9.59, 9.55]","[-3421598421532, -1936429597975, -2035425914358, -4860733452404, -6533460947223]","[-388477032307, -449083680347, -340719571991, -301407015024, -1580708051955]","[3977943072090, 2568207488849, 2706071228148, 5371131928222, 8662653576363]","[-3810075453839, -2385513278322, -2376145486349, -5162140467428, -8114168999178]"
033100,제룡전기,KOSDAQ,775814354700,13.9,6542914210.0,22.68,19.39,22.18,3.13,5,2026-08-13,"[38.14, 37.24, 29.92, 22.68]","[35.53, 33.06, 22.0, 19.39]","[45.18, 40.63, 24.53, 22.18]","[2.62, 3.81, 2.39, 3.13]","[5.8, 9.38, 9.75, 14.12]","[2021, 2022, 2023, 2024, 2025]","[48783124675, 86061155911, 183941144839, 262736051492, 224017012923]","[1079364786, 15536672803, 71868526635, 102828895371, 74498788817]","[2.21, 18.05, 39.07, 39.14, 33.26]","[7461200303, -17020269052, 39533019224, 95691869431, 67170347966]","[-9260930676, 26352094545, -29255936425, -86314876983, -23618380186]","[-984310758, -1015038793, -2614780368, -8252021747, -16321044612]","[-1799730373, 9331825493, 10277082799, 9376992448, 43551967780]"
251970,펌텍코리아,KOSDAQ,765080000000,16.84,6036814317.5,0.0,0.0,0.0,1.97,5,2026-08-14,"[12.4, 0.0, 0.0, 0.0]","[8.18, 0.0, 0.0, 0.0]","[10.13, 0.0, 0.0, 0.0]","[1.08, 1.76, 1.9, 1.97]","[10.66, 0]","[2021, 2022, 2023, 2024, 2025]","[222029183556, 236643004231, 284481252453, 337483151664, 371960508790]","[27478337728, 25127122007, 37437732116, 48111695034, 53615258325]","[12.38, 10.62, 13.16, 14.26, 14.41]","[24057382919, 29420911113, 38515831176, 58185434767, 61175929674]","[-10624194100, -12910839526, -38311699898, -54933351514, -61789088202]","[-13101395469, -7825778509, 245821404, 2504968356, 12003204340]","[13433188819, 16510071587, 204131278, 3252083253, -613158528]"
090360,로보스타,KOSDAQ,759525000000,1955.0,16391603660.0,-2.02,0.34,0.44,8.54,6,2026-08-14,"[1.11, 0.17, -7.47, -2.02]","[0.6, 1.97, -4.76, 0.34]","[0.77, 2.41, -5.99, 0.44]","[3.22, 2.31, 8.96, 8.54]","[417.33, 95.94, 1945.19]","[2021, 2022, 2023, 2024, 2025]","[142465023658, 143240218469, 102679156147, 89140364461, 75735139041]","[2660199118, 2438272804, 567199795, 2541220447, -4992852520]","[1.87, 1.7, 0.55, 2.85, -6.59]","[-5099257833, 701368476, 7324098853, 8863556695, 55687262]","[303812406, -671706730, -1052782911, -228183576, -305414995]","[-1373508650, -1019439171, -776257113, -155534673, -136736392]","[-4795445427, 29661746, 6271315942, 8635373119, -249727733]"
085660,차바이오텍,KOSDAQ,758658423360,48.04,3267420821.0,-5.68,-0.57,-1.6,0.74,2,2026-08-13,"[-1.0, -5.71, -3.85, -5.68]","[-0.32, -0.52, -5.76, -0.57]","[-0.85, -1.59, -18.13, -1.6]","[2.59, 1.4, 1.7, 0.74]",[0],"[2021, 2022, 2023, 2024, 2025]","[727476086769, 844582867317, 953951423132, 1045049021124, 1268253668584]","[-10032603765, -71302408963, 3187927560, -2913705322, -143262854285]","[-1.38, -8.44, 0.33, -0.28, -11.3]","[22229780701, -20630514157, 11511386561, -49546238746, -72522501543]","[-110314504941, -95616228810, -83720546792, 7364500574, -140399768396]","[80123181765, 72684229873, 67876209750, 214040145390, 223302087984]","[-88084724240, -116246742967, -72209160231, -42181738172, -212922269939]"
122870,와이지엔터테인먼트,KOSDAQ,756052932050,22.71,5613578952.5,13.53,0.0,0.0,1.14,4,2026-08-14,"[15.27, -5.63, 13.08, 13.53]","[10.37, 0.0, 0.0, 0.0]","[13.16, 0.0, 0.0, 0.0]","[1.6, 1.39, 1.96, 1.14]","[12.15, 0]","[2021, 2022, 2023, 2024, 2025]","[355630812379, 391174512956, 569195078742, 364948984163, 545404261988]","[39415941999, 0, 0, 28822376885, 75223583979]","[11.08, 0.0, 0.0, 7.9, 13.79]","[36865797260, 55087918734, 93596369913, 48805135, 90908918011]","[-77021720739, -17881364928, -69709783145, 628239911, 3066232423]","[32497008533, -1291791816, -6302941279, -12300497924, -11889284236]","[-40155923479, 37206553806, 23886586768, 677045046, 93975150434]"
093320,케이아이엔엑스,KOSDAQ,743224000000,29.35,1961673850.0,18.58,7.59,10.39,2.89,7,2026-08-14,"[21.65, 17.09, 15.0, 18.58]","[10.57, 5.45, 5.79, 7.59]","[14.59, 7.97, 7.89, 10.39]","[2.76, 1.7, 2.5, 2.89]","[18.94, 21.35, 31.66, 27.84]","[2021, 2022, 2023, 2024, 2025]","[84460348323, 110928475556, 122686237442, 138902594495, 159244052752]","[21536659786, 33397166498, 33317493580, 21987664446, 24133253935]","[25.5, 30.11, 27.16, 15.83, 15.15]","[23813637546, 34565527695, 36056982232, 26251026262, 45518500370]","[-23716544355, -5459050587, -42170431324, -48877825547, -33325458002]","[-11865688770, -15257928067, 3811467119, 16435113224, -17730433902]","[97093191, 29106477108, -6113449092, -22626799285, 12193042368]"
171090,선익시스템,KOSDAQ,725138021600,7.05,3465029560.0,18.69,2.48,7.37,4.1,4,2026-08-14,"[-6.5, 7.0, 21.62, 18.69]","[-6.85, -9.27, 26.4, 2.48]","[-13.02, -60.47, 67.12, 7.37]","[4.21, 9.12, 3.71, 4.1]","[5.53, 55.68]","[2021, 2022, 2023, 2024, 2025]","[46229294491, 74052657060, 62412802428, 112925047956, 515761033577]","[-10169688452, -1496697939, -9538481542, -30896520337, 107356558470]","[-22.0, -2.02, -15.28, -27.36, 20.82]","[-10788745824, -12380459622, 5575203307, -33998696567, 97303264538]","[13829167371, 13381988236, -3047090065, -16977379089, -27913798843]","[-675185025, 22163952378, 532864513, 75287074094, 24875193594]","[3040421547, 1001528614, 2528113242, -50976075656, 69389465695]"
006730,서부T&D,KOSDAQ,716687691450,7.38,5105715914.0,26.99,4.11,9.5,0.51,5,2026-08-14,"[22.0, 26.55, 28.32, 26.99]","[6.28, 2.23, 3.57, 4.11]","[14.79, 5.21, 8.38, 9.5]","[0.46, 0.28, 0.61, 0.51]","[3.14, 5.4, 7.26, 5.41]","[2021, 2022, 2023, 2024, 2025]","[96732675316, 135281001825, 169161889592, 180946752003, 248329962530]","[36126657182, 30498487923, 176775970655, 57130855489, 148362274773]","[37.35, 22.54, 104.5, 31.57, 59.74]","[8259563103, 38689781586, 49339381799, 62886037142, 106128379142]","[-18985136727, 15729072630, -57245685649, 3210070606, -279786007677]","[35075837593, -55044289711, 10605107147, -11385703281, 177312351491]","[-10725573624, 54418854216, -7906303850, 66096107748, -173657628535]"
137400,피엔티,KOSDAQ,709537303600,9.36,4712165015.0,10.19,3.93,10.61,0.96,4,2026-08-12,"[14.1, 15.84, 12.84, 10.19]","[4.28, 8.78, 4.05, 3.93]","[14.74, 22.77, 9.96, 10.61]","[2.54, 1.42, 1.26, 0.96]","[17.21, 6.22, 12.64, 9.01]","[2021, 2022, 2023, 2024, 2025]","[377728397182, 417814489256, 545413968484, 1035042902706, 744889433349]","[70865550581, 72458936622, 83105308804, 185419288446, 88096426145]","[18.76, 17.34, 15.24, 17.91, 11.83]","[41926421558, 35207974800, -39929922239, 39716133106, 4447459020]","[-24475237273, -67748147750, -136546161591, -67766342791, -121314358364]","[-1989292185, 18775440766, 184967062734, 37740960384, 129988213384]","[17451184285, -32540172950, -176476083830, -28050209685, -116866899344]"
023160,태광,KOSDAQ,688068637200,5.52,3625838947.5,12.27,16.42,18.33,0.9,6,2026-08-14,"[18.5, 14.94, 13.04, 12.27]","[9.28, 6.98, 8.84, 16.42]","[10.1, 7.57, 9.78, 18.33]","[0.67, 0.76, 0.85, 0.9]","[6.64, 10.04, 8.68, 4.93]","[2021, 2022, 2023, 2024, 2025]","[185147913272, 249742674195, 312067468098, 266809991545, 296965688227]","[22036747060, 46787634930, 70645119401, 57831062989, 86192865209]","[11.9, 18.73, 22.64, 21.67, 29.02]","[41256481575, 46306029901, 54335483554, 59235037820, 19365684614]","[-46363754285, -62569115529, -63074743280, -45768921101, 1047668639]","[-7649785364, 22725814555, -7531179487, -12529809841, -16723537614]","[-5107272710, -16263085628, -8739259726, 13466116719, 20413353253]"
074600,원익QnC,KOSDAQ,687431200000,14.27,6623673825.0,7.86,0.06,0.15,1.11,8,2026-08-14,"[10.3, 10.16, 6.32, 7.86]","[3.7, 4.01, 0.06, 0.06]","[10.01, 10.81, 0.17, 0.15]","[1.47, 0.82, 0.98, 1.11]","[14.74, 7.59, 586.31, 717.52]","[2021, 2022, 2023, 2024, 2025]","[624119007652, 783178805875, 805948142955, 891539336878, 943641492868]","[83972758394, 77426601032, 60644593762, 69749599862, 19875879699]","[13.45, 9.89, 7.52, 7.82, 2.11]","[104928576538, 64569270043, 79922979065, 79871945367, 84849481802]","[-53223663787, -300100709173, -193530372021, -129251768705, -86986025327]","[-37841131491, 239949750461, 93704750624, 36111776564, 20266999688]","[51704912751, -235531439130, -113607392956, -49379823338, -2136543525]"
189300,인텔리안테크,KOSDAQ,685052308600,15.41,5918071990.0,8.24,8.09,0.0,0.0,6,2026-08-14,"[3.52, -7.54, 3.74, 8.24]","[1.22, -0.68, 1.5, 8.09]","[2.01, -1.14, 2.8, 0]","[2.87, 1.54, 2.43, 0]","[142.5, 86.68, 15.61]","[2021, 2022, 2023, 2024, 2025]","[137999647178, 239465349593, 305042847051, 257769448883, 319628351040]","[6583454676, 16802562536, 7156136817, -2237434417, 6700241765]","[4.77, 7.02, 2.35, -0.87, 2.1]","[-9731417374, -26082275337, 29818281841, 3956964481, -18239219642]","[-65694007069, -27577506314, -87553880303, -26534890599, 16146106240]","[84261636800, 55853403235, 88973994168, -13461506239, 13072087056]","[-75425424443, -53659781651, -57735598462, -22577926118, -2093113402]"
094170,동운아나텍,KOSDAQ,677481926400,29.9,2843292372.5,-5.56,18.96,28.98,7.86,5,2026-08-14,"[22.52, 12.63, 1.89, -5.56]","[30.36, 25.04, 0.93, 18.96]","[43.21, 34.71, 1.48, 28.98]","[5.99, 4.79, 7.87, 7.86]","[13.85, 13.8, 533.43, 27.13]","[2021, 2022, 2023, 2024, 2025]","[50661220735, 50138173079, 111486613090, 138261288524, 127630547202]","[-17337473461, -8990751502, 31426329036, 26127637763, 1348707715]","[-34.22, -17.93, 28.19, 18.9, 1.06]","[-9445619834, 575636963, 23573018605, 0, 0]","[-1820359827, -896691970, -5810106512, 2233837261, -2040566355]","[2983994650, 4606027429, -8166447743, -12702968102, 5833760163]","[-11265979661, -321055007, 17762912093, 2233837261, -2040566355]"
053800,안랩,KOSDAQ,662027107000,13.22,2165624305.0,12.95,8.9,12.21,1.77,4,2026-08-13,"[11.05, 10.62, 12.43, 12.95]","[9.24, 6.97, 10.56, 8.9]","[12.19, 8.78, 13.69, 12.21]","[2.71, 2.01, 1.79, 1.77]","[22.24, 22.89, 13.07, 14.46]","[2021, 2022, 2023, 2024, 2025]","[207272160249, 227975280500, 239201057076, 260569413451, 267656916942]","[50302853470, 16542117754, 41551149557, 40751182984, 60921647040]","[24.27, 7.26, 17.37, 15.64, 22.76]","[31852133885, 33519259545, 39098867969, 31357699784, 64201454965]","[-8498791859, -21875935243, -32692359478, -58631889526, -6277267666]","[-9768145710, -10073874183, -10125413139, 48668523800, -45295150498]","[23353342026, 11643324302, 6406508491, -27274189742, 57924187299]"
253450,스튜디오드래곤,KOSDAQ,661286956000,65.31,2023513847.5,8.72,3.03,4.01,0.85,6,2026-08-14,"[7.42, 6.62, 5.72, 8.72]","[2.75, 3.62, 1.0, 3.03]","[4.25, 4.53, 1.29, 4.01]","[2.15, 1.72, 1.58, 0.85]","[50.54, 37.95, 122.3, 21.16]","[2021, 2022, 2023, 2024, 2025]","[487113525190, 697945822981, 753145749935, 550080744350, 530685384145]","[52008442421, 58619869646, 37216322459, 28203104129, 11576840210]","[10.68, 8.4, 4.94, 5.13, 2.18]","[-8375258954, -62911673466, 44744697167, 179617417522, -9806949401]","[26521845627, -43354515451, -746709908, 9642542341, -122698774072]","[-2969037633, 165344372939, -8935628232, -174803100572, 18635771118]","[18146586673, -106266188917, 43997987259, 189259959863, -132505723473]"
044490,태웅,KOSDAQ,660243573000,61.64,6490196757.5,1.43,1.22,1.64,1.07,8,2026-08-14,"[8.91, 5.91, 1.44, 1.43]","[4.6, 3.04, 0.67, 1.22]","[6.66, 4.08, 0.89, 1.64]","[0.7, 0.42, 0.89, 1.07]","[10.51, 10.18, 100.48, 65.05]","[2021, 2022, 2023, 2024, 2025]","[322331646673, 393866356422, 443760096450, 386324125935, 349653597289]","[7573570088, 145570849, 32761701920, 24059070754, 6144393136]","[2.35, 0.04, 7.38, 6.23, 1.76]","[27844189179, 9177549409, 19939121257, 66693005456, 27815069635]","[-6558934930, 36791920937, -6687690923, -23667646692, -25272026985]","[-44752910416, -30706581052, -22855266428, -46804101600, -2421708000]","[21285254249, 45969470346, 13251430334, 43025358764, 2543042650]"
122640,예스티,KOSDAQ,653870015000,101.37,10989152230.0,5.9,3.45,5.82,4.42,6,2026-08-14,"[-0.52, 11.25, 4.36, 5.9]","[-13.7, 5.49, 0.29, 3.45]","[-37.1, 8.91, 0.49, 5.82]","[4.73, 1.72, 2.89, 4.42]","[19.34, 590.68, 75.92]","[2021, 2022, 2023, 2024, 2025]","[72405194962, 75993760726, 79808251218, 100095115191, 87055847267]","[-20680497962, -7315780594, -29933827847, 12400148666, -371494164]","[-28.56, -9.63, -37.51, 12.39, -0.43]","[-5198476253, -17766897428, 1715816046, 8503833666, -7443039427]","[-3401367958, 2458168595, 10024457016, -16071544934, -1220934382]","[29323917817, -9005071513, 10834812682, -11807074294, 20189443637]","[-8599844211, -15308728833, 11740273062, -7567711268, -8663973809]"
059090,미코,KOSDAQ,650624667660,40.06,4051168308.0,6.24,1.58,5.68,0.88,6,2026-08-14,"[5.45, 17.51, 10.34, 6.24]","[-0.24, 5.49, 3.31, 1.58]","[-0.56, 14.36, 10.88, 5.68]","[0.83, 0.51, 0.65, 0.88]","[3.52, 6.0, 15.56]","[2021, 2022, 2023, 2024, 2025]","[365490680610, 414832269255, 387340942797, 540504643904, 977036793661]","[62035046957, -20265814633, 10988324633, 0, 0]","[16.97, -4.89, 2.84, 0.0, 0.0]","[79762640958, 80429298447, 41646262032, 120460924494, 24830688331]","[-185943217722, -129102451346, -87245250169, -161288125431, -566350071888]","[127168693444, -2119555574, 83847362457, 91403714053, 623677743624]","[-106180576764, -48673152899, -45598988137, -40827200937, -541519383557]"
060250,NHN KCP,KOSDAQ,648593867650,11.12,9165064410.0,4.39,7.93,17.3,2.02,7,2026-08-14,"[4.32, 3.96, 4.43, 4.39]","[6.75, 7.94, 6.94, 7.93]","[15.75, 17.07, 15.23, 17.3]","[1.96, 1.14, 2.11, 2.02]","[12.43, 6.68, 13.87, 11.7]","[2021, 2022, 2023, 2024, 2025]","[745418208065, 822763112832, 972016222465, 1105325511837, 1234882750705]","[43937169552, 46400778069, 45601101669, 58847578736, 61254428188]","[5.89, 5.64, 4.69, 5.32, 4.96]","[68315120547, 41376250765, 63445951814, -61189884982, 200325990515]","[-20913070912, -11697779095, -11717900961, -27065134557, 28283679302]","[-26858120017, -10343372362, -8256628584, -8028452440, -12753939615]","[47402049635, 29678471670, 51728050853, -88255019539, 228609669817]"
102710,이엔에프테크놀로지,KOSDAQ,646524579000,11.11,3912933277.5,12.21,7.12,11.44,1.31,8,2026-08-13,"[4.3, 10.19, 11.64, 12.21]","[-3.53, 4.11, 6.71, 7.12]","[-6.35, 7.41, 11.18, 11.44]","[0.98, 0.61, 1.52, 1.31]","[8.22, 13.57, 11.43]","[2021, 2022, 2023, 2024, 2025]","[521795722530, 680206980850, 574762367332, 582433714374, 670896289801]","[29192441307, 63819436162, -19823012191, 53060512492, 70156218601]","[5.59, 9.38, -3.45, 9.11, 10.46]","[14741468172, 60877072895, 51774962251, 107853954002, 103080225506]","[-68966792009, -44878222957, -103559609181, -99207209806, -55399705645]","[49668163381, -1048815316, 38659552948, -18340182470, -7858194551]","[-54225323837, 15998849938, -51784646930, 8646744196, 47680519861]"
327260,RF머트리얼즈,KOSDAQ,627810481100,53.11,18757849462.5,16.27,9.74,12.99,5.02,6,2026-08-14,"[-0.07, -3.27, 11.5, 16.27]","[0.74, -6.68, 8.09, 9.74]","[1.19, -10.86, 12.01, 12.99]","[1.5, 0.58, 2.23, 5.02]","[125.53, 18.55, 38.62]","[2021, 2022, 2023, 2024, 2025]","[37771227715, 50442251582, 47911985391, 44496976185, 64084381231]","[-65898751, 3024151898, 388183556, -7498206217, 8274015251]","[-0.17, 6.0, 0.81, -16.85, 12.91]","[3963890558, 4596666029, 5180473165, 2005448558, 7160653825]","[-18549719810, -14811265866, -4805479570, 16896359103, -12972670925]","[8793113296, 23057363102, -3194651259, -1457678311, -1866003577]","[-14585829252, -10214599837, 374993595, 18901807661, -5812017100]"
222080,SFA넥셀,KOSDAQ,619129946240,14.96,3771503038.5,10.56,6.07,7.85,1.16,6,2026-08-18,"[12.56, 11.67, 8.23, 10.56]","[4.79, 7.66, 4.35, 6.07]","[10.78, 11.73, 5.66, 7.85]","[3.17, 1.18, 1.0, 1.16]","[29.45, 10.09, 17.74, 14.79]","[2021, 2022, 2023, 2024, 2025]","[132737951313, 159362402652, 310163525240, 508540762515, 407181174584]","[-23649358176, 15682198047, 36034022081, 69853348980, 36294253259]","[-17.82, 9.84, 11.62, 13.74, 8.91]","[-30783989926, 55206583744, -71592784347, 29436933502, 101397690254]","[-51645324819, -11194079211, -6541015183, 40999814516, -21485706288]","[70954155664, 945542733, 54384936684, -20756090181, -1666611799]","[-82429314745, 44012504533, -78133799530, 70436748018, 79911983966]"
121600,나노신소재,KOSDAQ,615561988200,40.54,2634040395.0,8.23,3.92,5.79,2.32,6,2026-08-14,"[14.3, 3.4, 4.19, 8.23]","[3.9, -0.42, 0.36, 3.92]","[7.0, -0.76, 0.66, 5.79]","[6.08, 2.88, 2.44, 2.32]","[86.78, 368.74, 40.03]","[2021, 2022, 2023, 2024, 2025]","[61068879919, 79912146327, 83170197743, 87767284001, 111745369751]","[7893326059, 19687763221, 19151569068, -5014307988, 2298193946]","[12.93, 24.64, 23.03, -5.71, 2.06]","[10600692726, 19419372961, 9307059393, 24521619455, 16753922734]","[-14426781987, -75516338327, -174856731528, -29177299001, -4578224509]","[6450051681, 70861529418, 185864418628, -5098435282, -3774587674]","[-3826089261, -56096965366, -165549672135, -4655679546, 12175698225]"
079940,가비아,KOSDAQ,615338361400,33.73,1608551750.0,14.18,6.05,10.16,1.6,9,2026-08-14,"[16.29, 12.43, 12.06, 14.18]","[7.49, 4.51, 4.96, 6.05]","[11.87, 8.25, 8.33, 10.16]","[0.78, 0.64, 1.17, 1.6]","[6.53, 7.79, 14.02, 15.8]","[2021, 2022, 2023, 2024, 2025]","[200442777990, 239153945319, 261590696584, 282417869366, 335681176239]","[32507647061, 43977178075, 38509894269, 32753301271, 36387263235]","[16.22, 18.39, 14.72, 11.6, 10.84]","[40918497641, 70189934358, 58194841828, 68246488698, 71756908745]","[-41060142402, -50513889725, -43901467087, -142918915270, -58264277090]","[-13627698504, -3464229419, 9185806602, 65479381034, -25818916568]","[-141644761, 19676044633, 14293374741, -74672426572, 13492631655]"
052400,코나아이,KOSDAQ,590541450050,5.99,2236624522.5,30.52,16.3,34.14,2.1,9,2026-08-13,"[12.02, 14.14, 28.75, 30.52]","[6.26, 7.3, 13.33, 16.3]","[16.68, 15.25, 28.9, 34.14]","[1.55, 2.09, 2.64, 2.1]","[9.28, 13.72, 9.12, 6.16]","[2021, 2022, 2023, 2024, 2025]","[194500104691, 242182949921, 280222091498, 236308177383, 309163673263]","[52697581997, 45481765418, 36397281809, 40594974541, 95385469825]","[27.09, 18.78, 12.99, 17.18, 30.85]","[350421521987, -684680357492, 19984018146, 32930416590, 152370530738]","[25030673609, -14137014421, -40623878211, -17338498472, -42729645375]","[-24990763571, -30223879296, 14956533830, -15981413062, -17875132917]","[375452195596, -698817371913, -20639860065, 15591918118, 109640885363]"
425420,티에프이,KOSDAQ,586491097500,25.79,4168647427.5,16.52,10.71,14.12,3.88,5,2026-08-14,"[11.48, 5.96, 17.05, 16.52]","[12.15, 1.15, 12.61, 10.71]","[15.6, 1.85, 16.58, 14.12]","[6.41, 2.61, 4.23, 3.88]","[41.09, 141.1, 25.49, 27.51]","[2022, 2023, 2024, 2025]","[63746725969, 80325243852, 73626688796, 111742413458]","[6777896143, 11449643308, 399949199, 22903509875]","[10.63, 14.25, 0.54, 20.5]","[3560908293, 16160256445, 4464263660, 12808751016]","[-31932623515, 15256929197, -51660256318, -7903535733]","[23114033599, -3579016093, 25098388763, -5281161030]","[-28371715222, 31417185642, -47195992658, 4905215283]"
295310,에이치브이엠,KOSDAQ,578063528000,35.42,8031351252.5,8.26,1.17,2.46,4.12,2,2026-08-14,"[-15.04, 8.77, 8.26]","[-7.01, 7.28, 1.17]","[-12.69, 13.99, 2.46]","[4.67, 8.23, 4.12]","[58.82, 167.6]","[2024, 2025]","[45140439641, 66531544743]","[-9183826440, 9493791512]","[-20.35, 14.27]","[-14010320981, -8827636205]","[-16184529829, -27100903119]","[42046007258, 38190728433]","[-30194850810, -35928539324]"
033790,피노,KOSDAQ,562422737250,120.77,6914098915.0,5.31,2.1,2.48,2.83,7,2026-08-14,"[-30.49, 0.02, 3.34, 5.31]","[-8.11, -2.12, -3.58, 2.1]","[-9.02, -4.4, -5.95, 2.48]","[4.95, 6.49, 4.01, 2.83]",[114.17],"[2021, 2022, 2023, 2024, 2025]","[11254669398, 11406060324, 6967041262, 30676302081, 264760884474]","[2240401666, 1726255822, -1942923931, -2462601934, -5852352943]","[19.91, 15.13, -27.89, -8.03, -2.21]","[-456676650, 1356642729, -2499571535, -677132751, -11112118716]","[5501461820, -46050457, -11946408, -13593366094, -12942224921]","[-90294000, -1355185213, 8000000, 77668192537, -51268582]","[5044785170, 1310592272, -2511517943, -14270498845, -24054343637]"
033500,동성화인텍,KOSDAQ,550607109840,6.79,1849998182.5,0.0,4.66,8.14,1.89,7,2026-08-14,"[7.03, 0.0, 0.0, 0.0]","[7.89, 0.0, 0.0, 4.66]","[17.02, 0.0, 0.0, 8.14]","[2.21, 2.25, 2.99, 1.89]","[12.99, 23.29]","[2021, 2022, 2023, 2024, 2025]","[365039209420, 434151552353, 531408738039, 597409682162, 742186008411]","[33652478583, 13918366128, 36879574939, 50877047618, 73079880098]","[9.22, 3.21, 6.94, 8.52, 9.85]","[-5617245137, 9728740563, 64724856446, 67578275983, 84702106506]","[-5048927641, -4420398546, -16970683944, -21837531079, -36327006451]","[10468858887, -520604419, -47834052632, -15595852016, -24401896991]","[-10666172778, 5308342017, 47754172502, 45740744904, 48375100055]"
053610,프로텍,KOSDAQ,546300000000,7.42,1651902080.0,26.17,15.31,18.94,1.28,8,2026-08-14,"[11.17, 7.89, 20.09, 26.17]","[4.72, 3.38, 7.99, 15.31]","[5.44, 3.95, 9.99, 18.94]","[1.31, 0.61, 0.87, 1.28]","[24.04, 15.43, 8.69, 6.77]","[2021, 2022, 2023, 2024, 2025]","[173996810089, 198772415105, 156071199156, 170289499168, 230542705719]","[58199453973, 56015169092, 22026318199, 20031407160, 52547281924]","[33.45, 28.18, 14.11, 11.76, 22.79]","[19814934159, 46846584183, 25923735944, 19066041089, 29622029288]","[-26499919700, -4022467877, -11500598266, -72915998272, -12128792236]","[-3153421739, -24604663982, 7430521650, 162299906, 13070749622]","[-6684985541, 42824116306, 14423137678, -53849957183, 17493237052]"
383310,에코프로에이치엔,KOSDAQ,545348232000,33.8,3493334777.5,10.03,3.45,5.07,1.76,6,2026-08-14,"[18.25, 10.33, 8.3, 10.03]","[14.86, 4.62, 2.88, 3.45]","[30.34, 7.27, 4.34, 5.07]","[12.52, 2.36, 1.7, 1.76]","[41.25, 32.45, 39.13, 34.66]","[2021, 2022, 2023, 2024, 2025]","[90904348393, 218237744878, 228946023204, 234500459609, 141057118027]","[13763696501, 40400827757, 40493114175, 25184676395, 15203383937]","[15.14, 18.51, 17.69, 10.74, 10.78]","[4372030730, 12840688274, 5440163154, 58242139624, -4869001747]","[-20742571565, -219591435, -18575491628, -181094463100, 63907951346]","[-2242814130, -10264814785, 26084314481, 205905269874, -11249526081]","[-16370540835, 12621096839, -13135328474, -122852323476, 59038949599]"
041190,우리기술투자,KOSDAQ,545160000000,4.63,37742841584.0,0.0,3.85,4.67,0.64,3,2026-08-14,"[0.0, 0.0, 0.0, 0.0]","[19.32, 18.38, 11.75, 3.85]","[23.41, 22.18, 14.24, 4.67]","[1.11, 0.93, 0.85, 0.64]","[4.75, 4.21, 5.99, 13.68]","[2022, 2023, 2024, 2025]","[35352148402, 170741464684, 192251177787, 162866987251]","[-430893177458, 153847963737, 175707658187, 138042175345]","[-1218.86, 90.11, 91.39, 84.76]","[0, 0, 0, 0]","[0, 0, 0, 0]","[0, 0, 0, 0]","[0, 0, 0, 0]"
009520,포스코엠텍,KOSDAQ,544270128210,34.39,3070178600.5,0.29,9.4,12.57,4.34,7,2026-08-14,"[1.31, 0.41, 0.29, 0.29]","[3.14, 0.38, 0.91, 9.4]","[4.21, 0.51, 1.24, 12.57]","[10.63, 4.47, 5.79, 4.34]","[252.84, 881.6, 468.35, 34.56]","[2021, 2022, 2023, 2024, 2025]","[323878359080, 342175910791, 341410235234, 346628290419, 357432185147]","[16636802026, 6644255345, 5768722910, 2694146467, 1675564201]","[5.14, 1.94, 1.69, 0.78, 0.47]","[3411845895, -7894212459, 17154396385, -7687294340, 1556128510]","[-108544357, 9448057227, -4430608956, 10791000789, 8599638529]","[-3700161502, -4003912649, -2529021773, -2284980302, -1390618541]","[3303301538, 1553844768, 12723787429, 3103706449, 10155767039]"
050890,쏠리드,KOSDAQ,540733152600,9.91,7288748281.5,9.56,9.06,14.5,1.44,4,2026-08-14,"[11.29, 10.61, 11.29, 9.56]","[8.94, 9.31, 6.79, 9.06]","[14.97, 14.32, 10.31, 14.5]","[1.35, 1.25, 1.27, 1.44]","[9.03, 8.75, 12.31, 9.93]","[2021, 2022, 2023, 2024, 2025]","[212258023378, 279785548725, 321364602371, 331067887419, 294830329228]","[33798144316, 36253484618, 49144869855, 54324978424, 39518790573]","[15.92, 12.96, 15.29, 16.41, 13.4]","[-34009296816, 15117566371, 54821123399, 56907888035, 22837487502]","[-22530432912, -8659114289, -27749297682, -8990199074, -24884591276]","[49254166483, 10428731247, -36104162842, -14625552637, -7747315701]","[-56539729728, 6458452082, 27071825717, 47917688961, -2047103774]"
033640,네패스,KOSDAQ,539585326800,42.91,3038128580.5,6.85,3.22,8.93,2.1,9,2026-08-14,"[-14.58, 0.73, 4.56, 6.85]","[-11.36, -11.18, 2.9, 3.22]","[-38.66, -38.31, 8.21, 8.93]","[1.65, 0.75, 1.51, 2.1]","[18.39, 23.47]","[2021, 2022, 2023, 2024, 2025]","[418366537537, 588039209962, 480111639417, 464331506206, 521439287008]","[-26059289775, 83877723664, -111221050997, -10684082749, 35532389434]","[-6.23, 14.26, -23.17, -2.3, 6.81]","[75905436221, 97638800104, 79960446991, 109133376580, 103543972416]","[-252278426937, -300654619234, -153987040630, 55700689234, -46820260508]","[251098211415, 92649167488, 32808398436, -196133349519, -32169997888]","[-176372990716, -203015819130, -74026593639, 164834065814, 56723711908]"
019210,와이지-원,KOSDAQ,538937118720,7.1,14864579821.0,16.73,4.96,14.77,1.06,6,2026-08-14,"[9.89, 9.71, 10.41, 16.73]","[2.53, 1.58, 2.15, 4.96]","[6.85, 4.21, 5.83, 14.77]","[0.61, 0.48, 0.46, 1.06]","[8.9, 11.36, 7.89, 7.21]","[2021, 2022, 2023, 2024, 2025]","[457813194133, 549800690069, 553181695854, 574990223686, 639382631795]","[34900118389, 55988794784, 30912814201, 27802838971, 37918093152]","[7.62, 10.18, 5.59, 4.84, 5.93]","[90899546033, 13113499574, 40215062741, 50850708655, 38308790587]","[-35036048789, -26368881503, -56528418915, -45203864835, -50037060409]","[-90974657250, 21503608577, 4371012157, -390921900, 28826553936]","[55863497244, -13255381929, -16313356174, 5646843820, -11728269822]"
211050,인카금융서비스,KOSDAQ,536973861300,7.62,916066950.0,9.08,7.54,34.46,2.24,5,2026-08-14,"[10.37, 9.28, 9.08]","[5.93, 8.77, 7.09, 7.54]","[30.5, 42.12, 33.09, 34.46]","[1.64, 1.9, 2.98, 2.24]","[5.37, 4.52, 9.02, 6.51]","[2021, 2022, 2023, 2024, 2025]","[0, 0, 0, 832258694000, 1021768500000]","[0, 0, 0, 80400661000, 95828439000]","[0.0, 0.0, 0.0, 9.66, 9.38]","[-549495926, -884913947, 8696586961, 74872399000, 56174712000]","[8939423240, -2949427725, -28670686100, -31878327000, -8733944000]","[-7114890497, 2994909342, 17159344368, -28390531000, -27202378000]","[8389927314, -3834341672, -19974099139, 42994072000, 47440768000]"
045100,한양이엔지,KOSDAQ,525875000000,8.39,3017928302.5,5.78,6.42,9.03,0.74,8,2026-08-13,"[8.29, 7.27, 4.8, 5.78]","[9.35, 8.41, 4.51, 6.42]","[14.51, 12.69, 6.68, 9.03]","[0.51, 0.48, 0.6, 0.74]","[3.5, 3.8, 8.96, 8.2]","[2021, 2022, 2023, 2024, 2025]","[891031858796, 1162892663583, 1026166723740, 1186292543978, 1118180793899]","[58641167198, 88707324444, 95878585925, 99670113630, 52225895803]","[6.58, 7.63, 9.34, 8.4, 4.67]","[-5021025394, 80766897090, 148648860710, 97072911622, 2350443562]","[-17953689438, -43328655017, -47665975462, -14865417916, -179912368925]","[-12703657847, -18640188322, -17355374385, -21646219008, 2638205253]","[-22974714832, 37438242073, 100982885248, 82207493706, -177561925363]"
086900,메디톡스,KOSDAQ,518923136700,34.82,2431273120.0,6.91,2.65,3.99,1.37,6,2026-08-13,"[7.83, 8.9, 6.88, 6.91]","[1.58, 2.61, 2.69, 2.65]","[2.04, 3.41, 3.45, 3.99]","[3.83, 2.0, 2.0, 1.37]","[187.32, 58.48, 58.1, 34.26]","[2021, 2022, 2023, 2024, 2025]","[184869547955, 195096220132, 221120682597, 228621968787, 247290289368]","[128265330912, 49526136526, 15853002352, 17499170183, 6582911535]","[69.38, 25.39, 7.17, 7.65, 2.66]","[19965517783, 26199414180, 13521518663, 36556164504, 61409930215]","[-27777106651, -36123712226, 13254809923, -646923525, -20628001872]","[34803515708, -40387681422, -13543576730, -24047919640, -37633595568]","[-7811588868, -9924298046, 26776328586, 35909240979, 40781928343]"
112040,위메이드,KOSDAQ,510924669150,7.96,4123123551.5,6.17,2.73,5.69,0.64,7,2026-08-14,"[-18.25, 0.99, 1.74, 6.17]","[-14.58, 9.68, -1.55, 2.73]","[-51.57, 21.83, -3.33, 5.69]","[5.14, 1.43, 1.04, 0.64]","[6.55, 11.28]","[2021, 2022, 2023, 2024, 2025]","[334983131724, 463491566220, 605252428314, 711871164004, 614039504365]","[391820836295, -181695010645, -160120821203, 155945274975, 1966052298]","[116.97, -39.2, -26.46, 21.91, 0.32]","[94395580798, -37019525545, -10289938210, -80206752362, 64255777601]","[83141079493, -130906428428, 85466376412, 54640120406, -25901385193]","[48830978717, 166847940250, -27792079177, -25489008251, -12278162765]","[177536660291, -167925953973, 75176438202, -25566631956, 38354392408]"
340570,티앤엘,KOSDAQ,496566708000,10.05,3660294758.25,33.9,20.05,22.65,2.21,6,2026-08-21,"[26.71, 32.57, 28.24, 33.9]","[19.31, 23.55, 17.54, 20.05]","[21.18, 27.07, 18.93, 22.65]","[2.44, 3.09, 1.93, 2.21]","[11.54, 11.41, 10.2, 9.78]","[2021, 2022, 2023, 2024, 2025]","[71895885464, 81577391444, 115461318940, 174891676241, 164157781834]","[23432098699, 25561098068, 33059714184, 62287344717, 47822323862]","[32.59, 31.33, 28.63, 35.61, 29.13]","[19005563601, 15407303760, 32591101671, 46569584536, 37691797461]","[-15322085481, -5994028914, -30100160007, -661991775, -15679917569]","[-1803177597, -5144191316, -3689751589, -4581763221, -8865278589]","[3683478120, 9413274846, 2490941664, 45907592761, 22011879892]"
037460,삼지전자,KOSDAQ,496083068800,2.07,2989656917.5,8.66,15.78,39.8,0.45,7,2026-08-14,"[3.1, 3.44, 3.79, 8.66]","[5.05, 7.83, 6.48, 15.78]","[9.38, 14.7, 15.89, 39.8]","[0.25, 0.22, 0.32, 0.45]","[2.67, 1.48, 2.01, 1.12]","[2021, 2022, 2023, 2024, 2025]","[2500016130715, 2918903060210, 2526207927918, 3359681220937, 4291096557599]","[88053763151, 85894670837, 65611664875, 100631743956, 149813458255]","[3.52, 2.94, 2.6, 3.0, 3.49]","[195828525274, 29505883302, 184508891719, -109951615123, -140763325922]","[-83447919208, -66893452426, -22293843824, 686028150, -31369974020]","[-106981682966, 30535876372, -96009441523, 127752497310, 172648782134]","[112380606066, -37387569124, 162215047895, -109265586973, -172133299942]"
101160,월덱스,KOSDAQ,493678690700,6.43,2075090262.5,22.4,16.37,19.98,1.3,8,2026-08-14,"[22.5, 22.92, 20.07, 22.4]","[17.17, 16.6, 9.54, 16.37]","[22.48, 21.15, 11.82, 19.98]","[1.79, 0.92, 1.04, 1.3]","[7.94, 4.35, 8.79, 6.51]","[2021, 2022, 2023, 2024, 2025]","[190057368425, 255929775545, 288087193001, 306791365556, 291764969976]","[42637211362, 49833441370, 66788029150, 87498008121, 55883055797]","[22.43, 19.47, 23.18, 28.52, 19.15]","[26203403413, 22300830924, 82875317763, 35037235881, 60759780767]","[-24237799262, -30037220770, -11546702845, -5148339983, -10848926004]","[-2789386782, 424679448, -3296560271, -4374060511, -5825658356]","[1965604151, -7736389846, 71328614918, 29888895898, 49910854763]"
460930,현대힘스,KOSDAQ,485430872570,19.22,6678452703.0,12.83,7.45,9.45,1.84,9,2026-08-13,"[7.65, 9.66, 11.59, 12.83]","[4.04, 5.07, 6.42, 7.45]","[5.72, 7.09, 8.46, 9.45]","[2.07, 2.52, 1.84]","[29.19, 29.75, 19.49]","[2022, 2023, 2024, 2025]","[144752544468, 189188021565, 223163801400, 248203831277]","[2212154220, 12255295733, 19835320712, 26796010211]","[1.53, 6.48, 8.89, 10.8]","[19022234313, 17041349001, 31377781030, 37017783442]","[-37761652903, -14746423222, -30409825138, -17258354543]","[7839921124, 1125957314, 29317219491, -23085619095]","[-18739418590, 2294925779, 967955892, 19759428899]"
015750,성우하이텍,KOSDAQ,484800000000,2.78,1318257642.5,5.45,2.98,7.37,0.22,6,2026-08-14,"[5.94, 4.85, 5.54, 5.45]","[4.35, 2.96, 3.65, 2.98]","[10.68, 7.33, 8.58, 7.37]","[0.46, 0.22, 0.26, 0.22]","[4.32, 2.94, 3.06, 3.02]","[2021, 2022, 2023, 2024, 2025]","[3348589918051, 3976784541043, 4321987308635, 4245092707610, 4382670411366]","[66038921373, 69497411426, 218685622094, 191839627825, 224413385504]","[1.97, 1.75, 5.06, 4.52, 5.12]","[254140827676, 199960824518, 375424338839, 415643728176, 453327741638]","[-265251911086, -189780419425, -296167586242, -412383349596, -320398479688]","[-65076467860, -61649606490, 40089582945, -4989629934, -45836500949]","[-11111083410, 10180405093, 79256752597, 3260378580, 132929261950]"
253590,네오셈,KOSDAQ,478173887600,28.71,4621213813.0,16.88,8.95,12.15,3.57,6,2026-08-14,"[8.01, 15.65, 6.34, 16.88]","[7.78, 13.54, 3.45, 8.95]","[9.54, 16.58, 4.48, 12.15]","[4.06, 3.39, 4.13, 3.57]","[42.56, 20.42, 92.11, 29.4]","[2021, 2022, 2023, 2024, 2025]","[37176448111, 74673208045, 100931226581, 105237088617, 63936752061]","[6312913938, 11309171318, 9260728262, 22579629622, 5427236782]","[16.98, 15.14, 9.18, 21.46, 8.49]","[-4574132953, 13275738498, 10575534431, 19293385194, 3740873104]","[-16896757605, 1429810694, -8393226065, -4450145577, -53903401256]","[16255805914, -8866575840, -2210773411, 6928852085, 18262154090]","[-21470890558, 14705549192, 2182308366, 14843239617, -50162528152]"
035890,서희건설,KOSDAQ,474339804760,2.16,642341603.85,11.22,13.37,19.69,0.38,5,2026-08-14,"[15.83, 16.0, 13.12, 11.22]","[8.23, 10.34, 7.43, 13.37]","[15.02, 16.36, 11.11, 19.69]","[0.66, 0.67, 0.61, 0.38]","[4.41, 4.09, 5.5, 1.95]","[2021, 2022, 2023, 2024, 2025]","[1329960715695, 1437668988542, 1441907750436, 1473606222319, 1100130344137]","[204905546337, 140997398075, 160176687548, 213127329951, 152731845194]","[15.41, 9.81, 11.11, 14.46, 13.88]","[285637707614, 151134961610, 80678660787, 242762007714, -3753124031]","[-255205401247, 59872644281, -56808256487, -227341882070, 33079541666]","[-22279588799, -119401542563, -70370736740, -49299650866, 1539501859]","[30432306367, 211007605891, 23870404300, 15420125644, 29326417635]"
018290,브이티,KOSDAQ,473112486520,11.63,3727684175.0,11.21,10.96,14.99,1.72,7,2026-08-13,"[15.41, 25.69, 18.96, 11.21]","[12.35, 28.92, 18.16, 10.96]","[21.51, 43.21, 25.35, 14.99]","[4.05, 6.08, 2.53, 1.72]","[18.84, 14.07, 9.98, 11.48]","[2021, 2022, 2023, 2024, 2025]","[226769601349, 240241305569, 295501383553, 431696809961, 437183656431]","[21620584731, 13790229388, 41520212935, 134088523249, 80782507389]","[9.53, 5.74, 14.05, 31.06, 18.48]","[48785450298, 54019317304, 31531436664, 86975856411, 49728513140]","[12149026836, -23547952267, 1780216129, -105761417025, 60528299579]","[-38474018207, -31160962271, -16655382668, 10287369548, -66993367012]","[60934477134, 30471365037, 33311652793, -18785560614, 110256812719]"
034950,한국기업평가,KOSDAQ,470851301800,18.58,119874295.0,31.03,16.82,23.07,3.67,6,2026-08-14,"[27.03, 31.41, 31.28, 31.03]","[15.58, 16.31, 15.67, 16.82]","[19.98, 21.22, 20.12, 23.07]","[2.86, 2.94, 3.08, 3.67]","[14.34, 13.86, 15.33, 15.91]","[2021, 2022, 2023, 2024, 2025]","[104519672283, 101576018426, 95594059688, 104057473143, 109781324514]","[37027534139, 32178324893, 29427337576, 36283700225, 37447463206]","[35.43, 31.68, 30.78, 34.87, 34.11]","[33586176333, 24434982374, 27648125256, 35402875768, 31890334361]","[-5651310948, -1536532562, -2122423123, -2030933336, -3899610234]","[-16458925996, -26465723808, -33638501089, -20458567574, -24501863972]","[27934865385, 22898449812, 25525702133, 33371942432, 27990724127]"
067160,SOOP,KOSDAQ,454043296500,5.02,2584291187.5,22.29,10.55,17.85,0.91,7,2026-08-14,"[26.25, 27.47, 26.76, 22.29]","[12.91, 14.31, 11.73, 10.55]","[25.44, 26.78, 20.62, 17.85]","[3.45, 2.81, 1.6, 0.91]","[13.58, 10.51, 7.74, 5.1]","[2021, 2022, 2023, 2024, 2025]","[260479480423, 289087250014, 344016008889, 413178446964, 466570266082]","[89063339425, 82573184139, 96073845526, 0, 0]","[34.19, 28.56, 27.93, 0.0, 0.0]","[133463743907, 100910110641, 119711252945, 157459816632, 121415447009]","[-113440066736, -57178713338, -25741425414, -42835383337, -184610807966]","[-11163745687, -41956960556, -34005467443, -27641550787, -26876885992]","[20023677171, 43731397303, 93969827531, 114624433295, -63195360957]"
336570,원텍,KOSDAQ,452652875220,12.85,2941921479.25,25.19,14.34,23.11,2.62,3,2026-08-14,"[39.81, 30.18, 32.95, 25.19]","[25.34, 16.36, 16.21, 14.34]","[39.11, 22.96, 22.38, 23.11]","[8.42, 3.11, 4.41, 2.62]","[21.54, 13.53, 19.72, 11.32]","[2022, 2023, 2024, 2025]","[81508860190, 115628803094, 115254599426, 156838102870]","[17797519853, 47784867751, 38635933873, 46158420225]","[21.84, 41.33, 33.52, 29.43]","[14780798975, 25956319000, 14927126365, 51137974854]","[-6754772539, -45669172030, 7816245868, -39948064407]","[-4055395652, 25667190053, -2675043672, -11737952959]","[8026026436, -19712853030, 22743372233, 11189910447]"
376300,디어유,KOSDAQ,448893257460,12.13,1728636707.5,40.46,6.39,8.08,2.05,5,2026-08-14,"[37.82, 33.95, 37.44, 40.46]","[13.74, 0.0, 0.0, 6.39]","[15.45, 0.0, 0.0, 8.08]","[4.58, 4.45, 4.62, 2.05]","[29.64, 25.39]","[2021, 2022, 2023, 2024, 2025]","[40000767156, 49193860961, 75691871495, 74863520691, 83834878201]","[-24380307896, 16907275658, 32654926251, 31149235311, 24315447166]","[-60.95, 34.37, 43.14, 41.61, 29.0]","[8080002432, 21004053364, 12780586219, 23735067238, 35476240470]","[-73088747904, 29445373098, -40537980586, 2545259599, 15137407313]","[89293519110, 7708008261, 2585268204, -518912805, -5867140708]","[-65008745472, 50449426462, -27757394367, 26280326837, 50613647783]"
030520,한컴,KOSDAQ,439587745920,11.07,2111813237.5,9.51,4.53,6.58,0.85,8,2026-08-14,"[12.6, 13.26, 11.14, 9.51]","[-4.35, 2.05, 3.37, 4.53]","[-5.84, 2.88, 4.95, 6.58]","[0.74, 1.06, 1.13, 0.85]","[36.9, 22.8, 12.94]","[2021, 2022, 2023, 2024, 2025]","[391669684818, 242008402693, 271099772341, 304773304445, 326744735334]","[20015191456, -14827191750, -20845379031, 24534333957, 28009580778]","[5.11, -6.13, -7.69, 8.05, 8.57]","[54207664474, 23763219174, 47127803891, 55971772307, 69730080098]","[-34197724891, -60941752224, -46488301549, -36355510372, -26239508572]","[50534311059, -18334240548, -26820423298, 5902386927, -18702569887]","[20009939583, -37178533050, 639502342, 19616261935, 43490571526]"
214430,아이쓰리시스템,KOSDAQ,436971457000,25.16,1736972405.0,12.93,8.5,11.88,3.01,5,2026-08-13,"[10.04, 12.23, 13.24, 12.93]","[9.57, 10.19, 9.91, 8.5]","[13.99, 14.16, 13.44, 11.88]","[2.57, 3.1, 3.99, 3.01]","[18.41, 21.9, 29.66, 25.36]","[2021, 2022, 2023, 2024, 2025]","[79723131606, 83845591819, 121539205459, 120701833274, 124275749815]","[2316791358, 6219766876, 13295966425, 16374284705, 19057345044]","[2.91, 7.42, 10.94, 13.57, 15.33]","[-12279187759, -727033618, 21768280886, 8154445865, 18805171604]","[12356846584, 5381101418, -13758615110, -11960020652, -46388800904]","[-2209522080, 1138642920, -3604940740, 8866491423, 13355838479]","[77658825, 4654067800, 8009665776, -3805574787, -27583629300]"
078340,컴투스,KOSDAQ,435287268000,34.78,4806472750.0,1.84,-0.42,-0.62,0.42,6,2026-08-14,"[-4.49, 0.88, 0.38, 1.84]","[2.45, -9.23, 0.58, -0.42]","[3.4, -14.48, 0.88, -0.62]","[0.5, 0.56, 0.34, 0.42]","[14.76, 39.14, 0]","[2021, 2022, 2023, 2024, 2025]","[558680670101, 677312281269, 739638721494, 693943029291, 696423825349]","[145258182734, 3853779425, 43015861467, -159503666942, 37537890183]","[26.0, 0.57, 5.82, -22.99, 5.39]","[90152879116, -10964377796, -9228556762, 15528039642, -39213012905]","[-52173375089, -121816673246, 88516010372, -39960842337, 6822862861]","[156260179898, 53065531314, -109096221481, 28936051565, -10893713125]","[37979504027, -132781051042, 79287453610, -24432802695, -32390150044]"
080580,오킨스전자,KOSDAQ,428146386500,25.61,7464055472.0,16.72,12.89,23.14,5.92,6,2026-08-14,"[0.66, 2.86, 11.75, 16.72]","[1.15, -6.21, 8.14, 12.89]","[2.92, -19.6, 15.36, 23.14]","[5.1, 3.27, 4.14, 5.92]","[174.66, 26.96, 25.57]","[2021, 2022, 2023, 2024, 2025]","[59303792764, 64176500340, 56850074934, 66679677491, 94373992165]","[1686083223, 1141223413, 981553585, -4365183511, 7455643532]","[2.84, 1.78, 1.73, -6.55, 7.9]","[10124978263, 7618127096, 7167431018, 10614439145, 16862322274]","[-8587573900, -13611798568, -12371092678, -15036716960, -11884848786]","[11325991596, 1354737774, 5402422594, -1148105998, -6238105803]","[1537404363, -5993671472, -5203661660, -4422277815, 4977473488]"
092190,서울바이오시스,KOSDAQ,422447807430,23.98,1957985347.0,4.3,3.38,12.86,2.1,8,2026-08-14,"[-14.48, 0.5, 0.03, 4.3]","[-13.87, 2.27, -1.9, 3.38]","[-109.41, 13.51, -8.02, 12.86]","[2.06, 1.1, 0.72, 2.1]","[8.12, 16.31]","[2021, 2022, 2023, 2024, 2025]","[488676724768, 438791591285, 503960846284, 699232725004, 763809147116]","[19539958744, -80818200222, -100635511100, 18929760401, -14552613171]","[4.0, -18.42, -19.97, 2.71, -1.91]","[27293587228, 65539894373, 63606814096, 94803920911, 80332717617]","[-143238593906, -54267686754, -74781228317, -53627033274, -37749571537]","[118136592225, -8803316685, 17916900824, -50466648076, -37144038189]","[-115945006678, 11272207619, -11174414221, 41176887637, 42583146080]"
144960,뉴파워프라즈마,KOSDAQ,421196895360,11.44,16184735552.5,8.11,4.91,10.58,0.87,9,2026-08-14,"[4.59, 5.03, 4.96, 8.11]","[2.41, 2.37, 0.77, 4.91]","[5.87, 5.87, 1.77, 10.58]","[0.85, 0.52, 0.54, 0.87]","[14.54, 8.93, 30.63, 8.18]","[2021, 2022, 2023, 2024, 2025]","[310050535632, 352878764242, 350666770950, 519836396500, 577990393724]","[35739564283, 28853374760, 22220010412, 32608879369, 10487372844]","[11.53, 8.18, 6.34, 6.27, 1.81]","[17730528509, 35691721213, 32870885712, 63163642045, 9841751353]","[-31577659018, -41933445756, 19060928739, -108777717908, -37956417747]","[-1019768641, 38226691310, -29129984146, 21507334556, 71686501863]","[-13847130509, -6241724543, 51931814451, -45614075863, -28114666394]"
272290,이녹스첨단소재,KOSDAQ,419684564450,7.07,1988484337.0,14.48,4.75,9.93,0.75,4,2026-08-14,"[10.89, 20.53, 18.63, 14.48]","[5.73, 8.48, 5.14, 4.75]","[8.07, 14.95, 10.71, 9.93]","[1.55, 0.85, 0.86, 0.75]","[19.24, 5.65, 8.01, 7.55]","[2021, 2022, 2023, 2024, 2025]","[487292463999, 489352939422, 387002612208, 422809289354, 439633940622]","[100142589246, 101870110991, 44130414936, 92227609319, 75674592993]","[20.55, 20.82, 11.4, 21.81, 17.21]","[60798717453, 92494702516, 88165276834, 106691980825, 68300855094]","[-22996481289, -42783778905, -145631541450, -198772274260, -236638686378]","[13984697231, -43513914515, 78215200006, 143984364004, 190445891671]","[37802236164, 49710923611, -57466264616, -92080293435, -168337831284]"
204620,글로벌텍스프리,KOSDAQ,418888646800,10.98,5142842430.0,18.14,17.75,22.06,2.51,6,2026-08-14,"[15.83, 19.92, 18.81, 18.14]","[-4.79, 3.58, 19.26, 17.75]","[-7.36, 4.87, 25.35, 22.06]","[2.89, 1.94, 2.34, 2.51]","[39.76, 9.22, 11.37]","[2021, 2022, 2023, 2024, 2025]","[38144495124, 41967340578, 93373547015, 108359046176, 154056520360]","[-25184346861, -15050839852, -5164875090, 20299176682, 28634924288]","[-66.02, -35.86, -5.53, 18.73, 18.59]","[-8422772730, -10038866306, -8091471639, 14514325416, 40486752594]","[-26876156327, 19198473540, -18837067098, 6455476848, -14665840273]","[29554072104, 11446432129, 17110259977, 4602903547, 3555764209]","[-35298929057, 9159607234, -26928538737, 20969802264, 25820912321]"
104830,원익머트리얼즈,KOSDAQ,416064000000,7.66,2269416607.5,17.35,7.23,8.88,0.76,6,2026-08-14,"[6.3, 16.71, 17.52, 17.35]","[2.78, 5.45, 7.64, 7.23]","[3.09, 6.61, 9.27, 8.88]","[0.85, 0.45, 0.74, 0.76]","[27.41, 6.84, 8.01, 8.54]","[2021, 2022, 2023, 2024, 2025]","[310729301325, 581258025083, 391674584740, 310715204992, 322467412745]","[65187342764, 76694813371, 18447754414, 43805481682, 59994020709]","[20.98, 13.19, 4.71, 14.1, 18.6]","[59024055942, -9826752721, 133883947577, 98948085041, 77715191634]","[-57106262026, -26648175458, -72068713894, -142408696138, -70961280118]","[-8400582400, 46508390577, -65257750592, 25425946264, 10569237042]","[1917793916, -36474928179, 61815233683, -43460611097, 6753911516]"
042000,카페24,KOSDAQ,413930253280,11.48,1027190372.0,11.61,8.55,13.42,1.55,5,2026-08-13,"[-1.12, 10.56, 12.78, 11.61]","[0.62, 6.86, 9.4, 8.55]","[1.14, 10.9, 14.69, 13.42]","[3.91, 3.83, 2.76, 1.55]","[343.95, 35.15, 18.8, 11.53]","[2021, 2022, 2023, 2024, 2025]","[276273527233, 266066215853, 278111824577, 302477209591, 314764225560]","[-21731483332, -45599388008, -18475469556, 34272393295, 45539700534]","[-7.87, -17.14, -6.64, 11.33, 14.47]","[5644613643, 11309381858, 35992488268, 71209849689, 82550637228]","[-26890036429, -7575292599, 3004821716, -61406440185, -53880533888]","[17299088550, 7176237936, -41389291309, -9356208601, -9098060499]","[-21245422786, 3734089259, 38997309984, 9803409504, 28670103340]"
027360,아주IB투자,KOSDAQ,409471472280,29.47,16424137882.25,0.0,11.4,13.86,1.37,4,2026-08-14,[0],"[4.68, 2.43, 2.46, 11.4]","[6.42, 3.19, 3.12, 13.86]","[1.3, 1.13, 1.32, 1.37]","[20.19, 35.6, 42.27, 9.87]","[2022, 2023, 2024, 2025]","[0, 0, 0, 0]","[4525037576, 17748806332, 8351249680, 11743886563]","[0.0, 0.0, 0.0, 0.0]","[0, 0, 0, 0]","[0, 0, 0, 0]","[0, 0, 0, 0]","[0, 0, 0, 0]"
092730,네오팜,KOSDAQ,406309521150,13.1,2185373068.0,21.89,13.55,15.25,2.02,7,2026-08-14,"[26.06, 20.71, 21.77, 21.89]","[13.08, 11.99, 12.77, 13.55]","[14.51, 13.04, 14.24, 15.25]","[1.34, 1.09, 1.53, 2.02]","[9.25, 8.33, 10.71, 13.26]","[2021, 2022, 2023, 2024, 2025]","[87930719731, 85033138232, 97104890499, 119013743695, 132184096288]","[23835607712, 23323213227, 29373287457, 30208776500, 32260980936]","[27.11, 27.43, 30.25, 25.38, 24.41]","[21681190198, 18160509707, 23262730189, 18630797437, 28409737456]","[-16688995177, -8799678824, -16352773260, -6224860462, -9604962266]","[-9518957437, -5750369137, -5916677702, -6495173970, -10176107912]","[4992195021, 9360830883, 6909956929, 12405936975, 18804775190]"
095660,네오위즈,KOSDAQ,399625397730,6.22,1024096694.5,10.54,8.91,10.37,0.69,8,2026-08-14,"[8.64, 8.97, 13.86, 10.54]","[6.91, -1.12, 6.63, 8.91]","[8.8, -1.34, 8.11, 10.37]","[1.11, 0.8, 0.96, 0.69]","[12.66, 11.89, 6.65]","[2021, 2022, 2023, 2024, 2025]","[261199905958, 294567075580, 365593726744, 366812592730, 432726157539]","[64343304589, 19483181764, 43764308942, 4852396249, 63367451249]","[24.63, 6.61, 11.97, 1.32, 14.64]","[28725910106, 43235482663, 64739862978, 33841853627, 76072659764]","[-64553887964, -29135583561, -10221506341, -15835532342, -116508068780]","[-22502636397, -32085410212, -13572763701, -34705985775, -5564948585]","[-35827977858, 14099899102, 54518356637, 18006321285, -40435409016]"
013030,하이록코리아,KOSDAQ,396586452800,6.94,1164336425.0,27.81,11.32,12.22,0.83,7,2026-08-14,"[27.48, 26.31, 27.46, 27.81]","[10.77, 10.16, 10.19, 11.32]","[11.73, 11.02, 11.06, 12.22]","[0.77, 0.68, 0.79, 0.83]","[6.59, 6.18, 7.15, 6.82]","[2021, 2022, 2023, 2024, 2025]","[146738571923, 182851091417, 188839137919, 190512316067, 214565849545]","[25966644009, 45585953812, 60730118012, 63090999846, 65659149792]","[17.7, 24.93, 32.16, 33.12, 30.6]","[28327120557, 19711046774, 27756524115, 48125718758, 47282012072]","[4381709944, -23935891167, 102170419096, -746426030, -22180414021]","[-6428025000, -6428025000, -15641549600, -25238296850, -29172701151]","[32708830501, -4224844393, 129926943211, 47379292728, 25101598051]"
219130,타이거일렉,KOSDAQ,392117409000,37.39,3718586455.0,0.0,8.22,16.22,5.95,6,2026-08-14,[0],"[-3.59, 0.36, 5.84, 8.22]","[-4.84, 0.52, 9.05, 16.22]","[2.35, 1.49, 2.36, 5.95]","[287.93, 26.09, 36.68]","[2021, 2022, 2023, 2024, 2025]","[0, 0, 0, 0, 0]","[3871600584, 4390892936, -2960075225, 462325165, 6483718871]","[0.0, 0.0, 0.0, 0.0, 0.0]","[-345149998, 7128240172, 80302778, 192126270, 526684643]","[-4096109998, -2049345450, -2436500948, -2083331177, -1301873704]","[-73320000, -2070860000, -87300000, 2871850000, 4620118000]","[-4441259996, 5078894722, -2356198170, -1891204907, -775189061]"
236200,슈프리마,KOSDAQ,390561416000,7.66,1623400240.0,23.76,16.19,17.73,1.32,6,2026-08-13,"[17.61, 21.51, 23.85, 23.76]","[10.51, 12.49, 10.8, 16.19]","[11.25, 13.73, 11.94, 17.73]","[0.71, 0.72, 1.0, 1.32]","[6.31, 5.21, 8.39, 7.45]","[2021, 2022, 2023, 2024, 2025]","[72572220105, 89397131101, 94630270174, 108231735860, 137302003098]","[23527356896, 19463999624, 24625376024, 37965531168, 36626288621]","[32.42, 21.77, 26.02, 35.08, 26.68]","[17714321978, 18866076557, 23412976086, 34223357699, 37327663261]","[-13086922861, -15083435696, -14237359035, -31207027248, -33079009046]","[-2800842028, -2502609204, -1286139126, -171969777, 1225264242]","[4627399117, 3782640861, 9175617051, 3016330451, 4248654215]"
089890,코세스,KOSDAQ,389746607000,24.92,4254095945.0,17.73,9.6,16.33,4.08,4,2026-08-14,"[8.38, -8.11, 21.11, 17.73]","[7.03, -0.23, 14.31, 9.6]","[10.48, -0.32, 17.84, 16.33]","[2.7, 1.79, 4.88, 4.08]","[25.73, 27.38, 24.97]","[2021, 2022, 2023, 2024, 2025]","[77180373944, 72931360641, 95650538591, 69184238320, 82379163292]","[13664914183, 9860331479, 8770836540, -320104717, 16779640426]","[17.71, 13.52, 9.17, -0.46, 20.37]","[12666905382, 12916622572, -14957203848, 13096506999, 15592663275]","[-695030213, -2945344909, -1990331344, 996960272, -3269498297]","[-16149441234, -2552260291, 11827920000, -9187523190, -10036000000]","[11971875169, 9971277663, -16947535192, 14093467271, 12323164978]"
368770,파이버프로,KOSDAQ,388336939500,28.95,2577101201.5,26.59,18.68,26.81,7.71,6,2026-08-13,"[13.5, 21.88, 23.27, 26.59]","[7.01, 14.34, 15.33, 18.68]","[8.91, 18.52, 20.33, 26.81]","[3.41, 4.12, 7.7, 7.71]","[38.28, 22.22, 37.86, 28.74]","[2022, 2023, 2024, 2025]","[18829443327, 19386431576, 32943669332, 43472321309]","[-1639387999, 3005345661, 8098922497, 10280006911]","[-8.71, 15.5, 24.58, 23.65]","[5036360776, -1256628121, 5905372606, 5199627005]","[724414489, -4256163433, -1618823020, -6674465240]","[2278990844, 134371215, -716373832, 4160844243]","[5760775265, -5512791554, 4286549586, -1474838235]"
389470,인벤티지랩,KOSDAQ,386588917400,126.0,1342379180.0,-1359.73,-5.55,-9.69,3.48,2,2026-08-26,"[-2425.13, -1063.62, -965.74, -1359.73]","[-59.74, -23.52, -14.38, -5.55]","[-612.03, -52.19, -19.68, -9.69]","[53.8, 8.92, 14.2, 3.48]",[0],"[2022, 2023, 2024, 2025]","[3723683006, 658151686, 1782929379, 2938787928]","[-10595328992, -26994167763, -19184983614, -13689104788]","[-284.54, -4101.51, -1076.04, -465.81]","[-5189236763, -11711346085, -13764250562, -20702649747]","[-10574211942, -1513979519, -24784068860, 7191496531]","[12288285807, 15926275370, 37331403693, 10714180124]","[-15763448705, -13225325604, -38548319422, -13511153216]"
241770,메카로,KOSDAQ,379675840000,25.68,531174312.5,17.06,0.0,0.0,1.78,5,2026-08-14,"[-20.77, 6.55, 16.23, 17.06]","[-1.2, 0.0, 0.0, 0.0]","[-1.27, 0.0, 0.0, 0.0]","[0.48, 0.43, 1.12, 1.78]",[0],"[2021, 2022, 2023, 2024, 2025]","[82771927992, 53990901173, 40760860090, 62858211721, 94613747133]","[6408622296, 3079949738, -3969110031, 9098572281, 15336170176]","[7.74, 5.7, -9.74, 14.47, 16.21]","[12313864898, 4927223977, -9459858517, 9672692791, 15940735992]","[-19849805976, 80787454619, -91570870037, 18605129610, 1291717379]","[-1592049247, -1814422339, -5670179243, -1016015555, -1612119068]","[-7535941078, 85714678596, -101030728554, 28277822401, 17232453371]"
089010,켐트로닉스,KOSDAQ,377325607500,40.12,1220831740.0,3.97,1.56,4.88,1.47,7,2026-08-14,"[3.53, 6.49, 3.64, 3.97]","[-1.45, 3.33, 1.72, 1.56]","[-3.93, 9.1, 5.12, 4.88]","[2.2, 1.11, 1.93, 1.47]","[12.23, 37.69, 30.08]","[2021, 2022, 2023, 2024, 2025]","[563381507703, 620963393855, 542256796298, 575221850583, 637485933185]","[34258718632, 8138910077, -6018635093, 20672757253, 15348179802]","[6.08, 1.31, -1.11, 3.59, 2.41]","[5939490829, 39871595229, 38473483678, 69596818193, 647051641]","[-38741862467, -95249011808, -47141471126, -151547681962, -111054085710]","[23172374842, 74649054695, 20478451232, 88495288688, 110014623620]","[-32802371638, -55377416579, -8667987448, -81950863769, -110407034069]"
078020,LS증권,KOSDAQ,377272092000,11.15,380066155.0,1.41,0.44,6.83,0.41,7,2026-08-13,"[2.51, 1.32, 0.97, 1.41]","[0.37, 0.19, 0.22, 0.44]","[3.06, 1.91, 2.61, 6.83]","[0.23, 0.24, 0.3, 0.41]","[7.52, 12.82, 11.64, 6.02]","[2022, 2023, 2024, 2025]","[1348600743673, 1322207670950, 1653673426061, 2295339555776]","[40626520568, 38344258475, 20489577926, 29759691025]","[3.01, 2.9, 1.24, 1.3]","[-44210626065, -1535826647473, -743666996547, 45612988415]","[-11984700044, -13730541408, -24667676350, -60031216902]","[71942282908, 1603039314430, 801334308706, 13641694177]","[-56195326109, -1549557188881, -768334672897, -14418228487]"
107640,한중엔시에스,KOSDAQ,376195259000,116.11,4286589442.5,-0.61,1.58,4.78,3.69,3,2026-08-14,"[-10.43, 5.4, 2.3, -0.61]","[-15.21, 9.21, 1.93, 1.58]","[-138.18, 19.09, 4.88, 4.78]","[12.0, 2.65, 4.22, 3.69]","[13.86, 86.49, 77.08]","[2021, 2022, 2023, 2024, 2025]","[89564029580, 88517278283, 121551317604, 177258091164, 175264976657]","[-1808078563, -20368182771, -16156350388, 5794089930, -348611240]","[-2.02, -23.01, -13.29, 3.27, -0.2]","[1840827132, -1288015777, 4724943548, 6257881423, 527834658]","[-4119746504, -12333187136, -13848677915, -19942800887, -40835340302]","[144022668, 23953887626, 6850811760, 35080995848, 57970561106]","[-2278919372, -13621202913, -9123734367, -13684919464, -40307505644]"
125490,한라캐스트,KOSDAQ,374149108000,91.28,27676251657.5,4.7,2.31,5.17,3.37,4,2026-08-14,"[8.5, 6.6, 4.7]","[6.91, 1.89, 2.31]","[153.39, 3.47, 5.17]","[6.42, 3.37]","[185.33, 65.17]","[2024, 2025]","[144441528834, 155882334021]","[12657600959, 4144911230]","[8.76, 2.66]","[9300917187, 4378422170]","[-13643752604, -46767286623]","[4265228944, 46133438782]","[-4342835417, -42388864453]"
215200,메가스터디교육,KOSDAQ,373666036800,4.48,1581671080.0,13.13,9.45,17.12,0.71,4,2026-08-14,"[13.63, 13.12, 13.68, 13.13]","[10.03, 5.71, 10.37, 9.45]","[19.49, 10.75, 17.85, 17.12]","[1.28, 0.97, 0.84, 0.71]","[6.58, 9.06, 4.71, 4.14]","[2021, 2022, 2023, 2024, 2025]","[703869131483, 835952852633, 935225125443, 942249234214, 884944540620]","[109208095374, 134308390458, 126938019880, 65024997393, 120833250550]","[15.52, 16.07, 13.57, 6.9, 13.65]","[192402654159, 164964063308, 168597864803, 174424399593, 153879428226]","[-107329924282, -242482365853, -103961799611, 11807671357, -67670564984]","[-31598333925, -22745103542, -59528610830, -149193929508, -73978496967]","[85072729877, -77518302545, 64636065192, 186232070950, 86208863242]"
006910,보성파워텍,KOSDAQ,367982381760,20.8,11656704728.5,15.97,12.67,14.5,3.09,4,2026-08-14,"[4.27, 6.26, 18.18, 15.97]","[4.51, 6.13, 15.24, 12.67]","[5.13, 6.59, 18.43, 14.5]","[1.94, 1.42, 2.38, 3.09]","[37.82, 21.6, 12.93, 21.31]","[2021, 2022, 2023, 2024, 2025]","[68539018089, 54198727500, 78494668722, 77062181417, 147486453767]","[-2192392968, -11152541585, 4414957342, 5695652405, 25879937567]","[-3.2, -20.58, 5.62, 7.39, 17.55]","[-3675331064, -8831191400, 11676969400, -10001822041, 43704844510]","[-3539262500, 5416060291, -3217500892, -1525493141, -26848850167]","[-7635719391, -9806007991, -212886729, -155213740, -210000000]","[-7214593564, -3415131109, 8459468508, -11527315182, 16855994343]"
060280,큐렉소,KOSDAQ,367212131000,65.6,2208321795.5,4.18,4.95,5.46,3.64,4,2026-08-13,"[1.56, -10.48, 3.17, 4.18]","[-4.52, -8.54, 2.74, 4.95]","[-4.84, -9.38, 2.88, 5.46]","[7.74, 2.89, 5.63, 3.64]","[195.35, 66.62]","[2021, 2022, 2023, 2024, 2025]","[42794971254, 64990650977, 72882216212, 55531259080, 74531816400]","[-2319958337, -2932621603, -4759917627, -8668954079, 2830806222]","[-5.42, -4.51, -6.53, -15.61, 3.8]","[-8742049877, -13082529313, 5080265763, 3849796923, -11258378658]","[-5925983427, -28166416901, 11166466888, -7913253421, 16928922667]","[14726352950, 40232347741, -386843635, 708777225, -666291551]","[-14668033304, -41248946214, 16246732651, -4063456498, 5670544009]"
003800,에이스침대,KOSDAQ,366524500000,5.99,83000712.5,16.56,7.33,8.02,0.48,6,2026-08-11,"[18.61, 20.32, 17.05, 16.56]","[7.17, 8.42, 6.84, 7.33]","[7.88, 9.33, 7.48, 8.02]","[0.45, 0.39, 0.45, 0.48]","[5.7, 4.22, 6.07, 5.99]","[2021, 2022, 2023, 2024, 2025]","[346374761460, 346240916103, 306414500496, 325991852047, 317267060878]","[85523561906, 71307823551, 63305043007, 87461915660, 71476452511]","[24.69, 20.59, 20.66, 26.83, 22.53]","[70411278989, 50723579437, 61862728562, 75128613349, 51464210348]","[-35831724644, -66361419958, -50998875576, -50567997652, -24036343251]","[-7488076730, -1148946760, -8434875844, -12024085331, -14345440860]","[34579554345, -15637840521, 10863852986, 24560615697, 27427867097]"
114810,한솔아이원스,KOSDAQ,366424125480,18.14,4002430447.5,12.63,7.99,9.69,1.7,5,2026-08-13,"[6.63, 14.68, 16.76, 12.63]","[0.97, 13.4, 11.18, 7.99]","[1.4, 17.05, 13.52, 9.69]","[1.8, 0.97, 1.57, 1.7]","[127.95, 5.68, 11.6, 17.52]","[2021, 2022, 2023, 2024, 2025]","[163667400665, 163912364523, 123932727886, 157137657251, 198830230410]","[38392030501, 36741044724, 1804335898, 37399413269, 34636861447]","[23.46, 22.42, 1.46, 23.8, 17.42]","[38815160024, 22813303146, 19830250068, 37173116583, 23635086619]","[-9534650802, -51870193139, -31027810830, -9566621304, -24303422328]","[-23053003389, 31414650066, -5669663414, -20819838220, -7391017790]","[29280509222, -29056889993, -11197560762, 27606495279, -668335709]"
084110,휴온스글로벌,KOSDAQ,356373707800,14.6,1167827265.0,8.08,3.86,5.46,0.33,7,2026-08-14,"[15.03, 11.92, 10.69, 8.08]","[7.03, 4.77, 5.24, 3.86]","[10.17, 6.96, 7.5, 5.46]","[0.36, 0.61, 0.64, 0.33]","[3.49, 8.81, 8.56, 5.99]","[2021, 2022, 2023, 2024, 2025]","[579936549949, 664364718200, 758379660587, 813460515145, 847453173652]","[62502469716, 655323165, 119632812684, 90363627552, 105888527399]","[10.78, 0.1, 15.77, 11.11, 12.49]","[49821824905, 64373889777, 99967135362, 100571081570, 93605926803]","[-129093718494, 6954793914, -63464342712, -131498751843, -120088568966]","[187617649138, -6253143210, -77309350443, 32314226119, -26873390633]","[-79271893589, 71328683691, 36502792650, -30927670273, -26482642163]"
121440,골프존홀딩스,KOSDAQ,353403748500,22.0,932123028.0,7.71,1.43,2.09,0.47,6,2026-08-14,"[12.44, 10.21, 7.91, 7.71]","[3.63, 4.16, 2.27, 1.43]","[5.28, 5.85, 3.21, 2.09]","[0.23, 0.2, 0.29, 0.47]","[4.44, 3.49, 9.12, 22.52]","[2021, 2022, 2023, 2024, 2025]","[417687053096, 488754684014, 427096092866, 386190069709, 354319476689]","[151885660276, 95539943007, 45677084410, 34180491947, 27807761474]","[36.36, 19.55, 10.69, 8.85, 7.85]","[21104189699, 17981155971, 14526741313, 25600050293, 10017162943]","[-67909461154, 20688658151, -23009304707, 12029523785, 18240159070]","[-13025240855, -24218201772, -18784112191, -25269766655, -25661804332]","[-46805271455, 38669814122, -8482563394, 37629574078, 28257322013]"
069080,웹젠,KOSDAQ,349612631750,12.25,1113369753.0,15.01,4.05,4.57,0.52,7,2026-08-13,"[25.42, 25.4, 17.04, 15.01]","[8.19, 7.56, 3.06, 4.05]","[9.23, 8.44, 3.44, 4.57]","[0.82, 0.64, 0.59, 0.52]","[8.87, 7.54, 17.11, 11.4]","[2021, 2022, 2023, 2024, 2025]","[284782541747, 242140239949, 196290414665, 214747032253, 174436688525]","[121032401630, 105313580738, 71924281878, 71428262165, 35012852258]","[42.5, 43.49, 36.64, 33.26, 20.07]","[88151830415, 39372526761, 59997945407, 72438842474, 19124251767]","[-82092954040, -48420588728, -15438671561, 114866189783, -187435696691]","[-20991347389, -11568894968, -12867953112, -10679095705, -16201562472]","[6058876375, -9048061967, 44559273846, 187305032257, -168311444924]"
206650,유바이오로직스,KOSDAQ,349514439570,11.52,1344401679.5,35.39,12.13,15.98,1.93,5,2026-08-13,"[11.1, 35.74, 40.66, 35.39]","[-10.12, 9.4, 17.18, 12.13]","[-14.65, 14.38, 23.53, 15.98]","[4.2, 3.53, 2.49, 1.93]","[24.54, 10.56, 12.05]","[2021, 2022, 2023, 2024, 2025]","[39384938147, 55466694236, 69365660612, 96035297831, 149195024704]","[-30819640475, 0, 0, 18457209264, 53807733630]","[-78.25, 0.0, 0.0, 19.22, 36.07]","[-7601892570, 6440151985, 26451775865, 43211897739, 49100608879]","[-38243563871, -2132460594, -28109752762, -26997682504, -39819524541]","[-712606952, 634580127, 566029009, -3811179696, -8300397012]","[-45845456441, 4307691391, -1657976897, 16214215235, 9281084338]"
170920,엘티씨,KOSDAQ,348616158000,16.31,10216165412.5,13.71,12.1,18.8,1.33,8,2026-08-13,"[-14.15, 8.73, 9.55, 13.71]","[-9.34, 4.43, 4.74, 12.1]","[-25.47, 7.7, 8.13, 18.8]","[1.44, 0.49, 0.89, 1.33]","[6.34, 10.98, 7.07]","[2021, 2022, 2023, 2024, 2025]","[78285335654, 219427343415, 113358801071, 276973239785, 310384726014]","[-11399480271, 4615860858, -33900271787, 17901345341, 22736536999]","[-14.56, 2.1, -29.91, 6.46, 7.33]","[-8321028102, 23229425948, -12012307421, 20413373710, 25146673728]","[15791083841, -106248518732, 3092752158, -10998772081, -17496580851]","[-2665073235, 88334733602, 32447347550, -18507588571, 20486541331]","[7470055739, -83019092784, -8919555263, 9414601629, 7650092877]"
098120,마이크로컨텍솔,KOSDAQ,347889257100,12.78,8712266390.0,23.22,22.07,27.97,3.57,6,2026-08-14,"[11.46, 14.65, 17.69, 23.22]","[11.73, 13.89, 17.51, 22.07]","[13.4, 16.42, 20.84, 27.97]","[2.11, 0.66, 1.73, 3.57]","[15.78, 4.0, 8.3, 12.76]","[2021, 2022, 2023, 2024, 2025]","[61382432205, 61054715702, 64817181265, 69664082922, 100314289873]","[8460577268, 8174756224, 8450409664, 12561989290, 17830636324]","[13.78, 13.39, 13.04, 18.03, 17.77]","[8953404540, 10451076702, 9249347848, 4659473577, 18636932711]","[-4884653034, -8065191663, -11977061393, -4929344434, -20469594470]","[-2595036592, -541644732, -1044273101, -1017617598, 1652636028]","[4068751506, 2385885039, -2727713545, -269870857, -1832661759]"
200710,에이디테크놀로지,KOSDAQ,343281178500,147.95,2928048570.0,2.17,0.54,1.26,1.9,2,2026-08-14,"[-17.38, -15.91, 1.73, 2.17]","[-5.62, -6.2, 1.22, 0.54]","[-10.93, -11.53, 2.63, 1.26]","[2.95, 1.64, 3.38, 1.9]","[128.35, 151.16]","[2021, 2022, 2023, 2024, 2025]","[322083657505, 164248769577, 100172177678, 106545463919, 164511629858]","[12636276901, 5976720092, -14994085907, -14386056152, 3284894510]","[3.92, 3.64, -14.97, -13.5, 2.0]","[1452180338, 32093914472, 18950922297, -13535083359, -15874501256]","[4030294691, -30188425814, -18843548826, 12563288718, -10871771451]","[-4898241003, 2436242781, 10773219404, -5592239225, 17473301560]","[5482475029, 1905488658, 107373471, -971794641, -26746272707]"
356680,엑스게이트,KOSDAQ,343092773840,57.61,11161282358.0,10.83,8.43,11.85,6.95,7,2026-08-14,"[9.58, 8.06, 7.8, 10.83]","[0.59, 5.96, 5.67, 8.43]","[0.73, 9.01, 8.02, 11.85]","[4.39, 6.8, 4.6, 6.95]","[601.16, 75.48, 57.29, 58.68]","[2022, 2023, 2024, 2025]","[38299253515, 42820685714, 43216125927, 48135693935]","[5474207769, -1101414088, 4108960210, 3862674631]","[14.29, -2.57, 9.51, 8.02]","[3639494757, 5363612449, 3736810464, 1416011655]","[-808555017, 7104734425, -9740051739, -5393398314]","[-2284661866, -2634673586, 9699571944, -222147327]","[2830939740, 12468346874, -6003241275, -3977386659]"
036620,감성코퍼레이션,KOSDAQ,340580557760,8.86,1556600355.0,17.84,0.0,29.95,2.64,5,2026-08-14,"[18.12, 16.36, 17.84, 17.84]","[21.11, 0]","[31.02, 26.02, 26.44, 29.95]","[3.66, 2.47, 3.89, 2.64]","[11.81, 9.5, 14.7, 8.83]","[2021, 2022, 2023, 2024, 2025]","[48936589545, 117401158387, 177948652720, 220396656168, 250195090117]","[281383557, 15569148010, 29617285701, 36967577114, 43848531270]","[0.57, 13.26, 16.64, 16.77, 17.53]","[-1148519446, -11439681, 26701500979, 5815848185, 39000370860]","[3242049174, -3594044183, -4782062409, -3102540055, -26370032688]","[968437108, 6508376246, -3914819675, -3020045093, -7124111641]","[2093529728, -3605483864, 21919438570, 2713308130, 12630338172]"
092870,엑시콘,KOSDAQ,338015642300,15.08,5660121486.0,11.08,8.28,10.23,1.67,6,2026-08-14,"[1.78, -50.29, 0.12, 11.08]","[2.94, -0.71, 3.99, 8.28]","[3.35, -0.77, 4.58, 10.23]","[1.66, 0.84, 1.09, 1.67]","[49.64, 23.76, 16.27]","[2021, 2022, 2023, 2024, 2025]","[66186071338, 91157419461, 82296331600, 31611346967, 66026746277]","[39908555324, 16216971289, 1549451115, -8567597739, 3932713458]","[60.3, 17.79, 1.88, -27.1, 5.96]","[-6849817458, -2544967007, 21192317741, -14879746767, -4034653160]","[-4215182758, 634133879, 5999017491, -36593739039, 26621286307]","[2498354798, -3669020422, -2556301110, 30573367503, 14578387797]","[-11065000216, -1910833128, 27191335232, -51473485806, 22586633147]"
332570,PS일렉트로닉스,KOSDAQ,337257484860,10.23,45117612665.0,2.69,9.83,23.75,2.22,5,2026-08-18,"[9.43, 8.82, 3.12, 2.69]","[13.62, -4.69, 7.07, 9.83]","[23.44, -8.57, 12.29, 23.75]","[1.53, 1.37, 2.12, 2.22]","[6.54, 17.2, 9.34]","[2021, 2022, 2023, 2024, 2025]","[60002097873, 51388503167, 68149317459, 122129660010, 125476577087]","[-8394644128, -11573902957, 21946281696, -11362604196, 20756505107]","[-13.99, -22.52, 32.2, -9.3, 16.54]","[-22431291840, 22526000148, 6000061323, 26277378044, 23044997551]","[7053771676, -5002881281, -7283407979, -41771364521, -42437868158]","[8101568052, 19899201299, -7722620911, 5053912696, 9160803770]","[-15377520164, 17523118867, -1283346656, -15493986477, -19392870607]"
033160,엠케이전자,KOSDAQ,336786966720,15.08,18952983299.0,2.59,1.75,4.4,0.32,6,2026-08-13,"[4.16, 4.79, 1.01, 2.59]","[-1.7, -1.63, 0.54, 1.75]","[-4.01, -4.12, 1.37, 4.4]","[0.3, 0.17, 0.2, 0.32]","[14.43, 7.2]","[2021, 2022, 2023, 2024, 2025]","[958025517025, 1023209675666, 1116974657530, 1170600325569, 1403822824376]","[174809137812, 10694018132, -45491702768, -44727526015, 36553133597]","[18.25, 1.05, -4.07, -3.82, 2.6]","[270392374116, 80230489691, -325748920073, 166423142554, -159320417770]","[-304786458641, -133149784867, 49790262153, -105797287168, -19323344362]","[49576776290, -22069540554, 137214347909, 31505536645, 67690646609]","[-34394084525, -52919295176, -275958657920, 60625855386, -178643762132]"
036800,나이스정보통신,KOSDAQ,327600000000,6.49,1040678048.5,5.65,4.58,12.79,0.7,5,2026-08-14,"[4.12, 4.09, 5.05, 5.65]","[2.46, 3.35, 3.78, 4.58]","[8.12, 9.76, 10.33, 12.79]","[0.51, 0.41, 0.51, 0.7]","[6.33, 4.16, 4.9, 5.44]","[2021, 2022, 2023, 2024, 2025]","[670455156708, 804861396536, 891628591940, 975137479129, 1094683988076]","[50966534697, 51316364894, 38704211745, 50686638495, 61548333806]","[7.6, 6.38, 4.34, 5.2, 5.62]","[60175648595, 39363925681, 144045319394, 13686551425, 163603243277]","[-42202194132, -46212619082, -57177562057, -43020837071, -28537915901]","[-10013857228, -1891532998, -22192671193, -18144353262, -22501907342]","[17973454463, -6848693401, 86867757337, -29334285646, 135065327376]"
234340,헥토파이낸셜,KOSDAQ,326913350400,20.94,14404771206.0,10.67,2.58,7.42,1.75,7,2026-08-14,"[8.21, 8.34, 8.31, 10.67]","[2.89, 1.99, 1.66, 2.58]","[7.49, 5.93, 4.93, 7.42]","[1.8, 0.95, 1.25, 1.75]","[24.1, 16.05, 25.32, 23.55]","[2021, 2022, 2023, 2024, 2025]","[110374211065, 129250551413, 153076082801, 159308044324, 187435598839]","[28126940643, 14526510412, 14586201640, 13595809048, 14370478756]","[25.48, 11.24, 9.53, 8.53, 7.67]","[52368198892, 371065254, 26883851878, 64481538233, 64396975202]","[-6766202478, -4808711830, -9061260673, -3036514435, -14973326022]","[-1960370840, -10429724059, -12050922203, 4027719513, 12488809326]","[45601996414, -4437646576, 17822591205, 61445023798, 49423649180]"
900290,GRT,KOSDAQ,325691121600,4.48,1711842806.75,14.31,5.22,9.22,60.52,5,2025-10-23,"[12.22, 10.26, 17.45, 14.31]","[0.0, 0.0, 6.76, 5.22]","[0.0, 0.0, 12.31, 9.22]","[47.1, 55.85, 51.96, 60.52]","[422.16, 656.72]","[2021, 2022, 2023, 2024, 2025]","[2144140338, 2310536095, 4041639278, 4574221304, 4943342767]","[326836043, 278393276, 374875876, 712946802, 603227088]","[15.24, 12.05, 9.28, 15.59, 12.2]","[333690231, 112408800, 204475322, 201191393, 461975019]","[-1034882700, -1757702994, -1387744827, -239176903, -673683883]","[761631575, 2132220754, -14873843, 290066911, 73666929]","[-701192469, -1645294194, -1183269505, -37985510, -211708864]"
352480,씨앤씨인터내셔널,KOSDAQ,321665663600,17.14,594397102.0,4.27,1.88,2.25,0.92,6,2026-08-14,"[14.56, 10.24, 7.69, 4.27]","[12.27, 10.99, 3.26, 1.88]","[18.2, 15.77, 4.03, 2.25]","[5.11, 3.14, 1.18, 0.92]","[28.09, 19.92, 29.34, 40.92]","[2021, 2022, 2023, 2024, 2025]","[91293592207, 130605728419, 220327417089, 282883855707, 288477800460]","[-7198655590, 19336215448, 34569797220, 35901026929, 15276033157]","[-7.89, 14.81, 15.69, 12.69, 5.3]","[3820136240, 8825547056, 22848846121, 44203449755, 26727430669]","[-43559278829, 34372627212, -37745532817, -49883935897, -54191429459]","[32497294995, -5004762536, 28106852642, 4599587186, 123684036146]","[-39739142589, 43198174268, -14896686696, -5680486142, -27463998790]"
330860,네패스아크,KOSDAQ,320440383500,20.86,4808645685.0,9.81,4.98,8.28,1.77,8,2026-08-14,"[-5.48, -2.21, 4.17, 9.81]","[-7.66, -9.19, 1.17, 4.98]","[-13.43, -17.34, 2.03, 8.28]","[1.51, 0.79, 1.26, 1.77]","[62.29, 21.43]","[2021, 2022, 2023, 2024, 2025]","[114206894182, 153861205199, 126089387410, 119261518573, 114089898549]","[26524409336, 24612677850, -31942195508, -13078048581, 6121829327]","[23.22, 16.0, -25.33, -10.97, 5.37]","[69485673660, 89051765511, 55273834807, 55770397101, 46594298618]","[-94278419625, -165291096280, -86698320910, 18092728259, -24585701779]","[41239989061, 74398704405, -23578009588, -53548948337, -24405995264]","[-24792745965, -76239330769, -31424486103, 73863125360, 22008596839]"
472850,폰드그룹,KOSDAQ,319522668600,8.31,517995504.5,12.36,10.52,18.79,1.15,7,2026-08-19,"[24.0, 11.21, 11.82, 12.36]","[0.07, 6.42, 9.15, 10.52]","[0.13, 11.42, 16.38, 18.79]","[0.74, 2.22, 1.15]","[6.46, 13.56, 6.11]","[2022, 2023, 2024, 2025]","[0, 2781338079, 368653108555, 485569158574]","[0, 351825178, 33694881248, 50066186682]","[0.0, 12.65, 9.14, 10.31]","[0, 71186848, 3068425320, 54115232309]","[0, -61500000, 10356442280, -26896740389]","[0, -1286286107, -5332357309, 7610186693]","[0, 9686848, 13424867600, 27218491920]"
101930,인화정공,KOSDAQ,315293229900,12.51,192188509.0,15.85,0.0,0.0,0.89,4,2026-08-14,"[4.7, 11.06, 14.39, 15.85]","[0.78, 0.0, 0.0, 0.0]","[1.48, 0.0, 0.0, 0.0]","[0.64, 1.08, 1.26, 0.89]","[43.45, 0]","[2021, 2022, 2023, 2024, 2025]","[110475018706, 107304356811, 103951073738, 92784009378, 107958290033]","[27431871040, -11923219292, -5576534971, 0, 0]","[24.83, -11.11, -5.36, 0.0, 0.0]","[4155386547, -4285961414, 8691617708, 18658588621, 5142820091]","[404279244, -25343491755, 20553019523, -14771281998, 80329719524]","[315741444, 13000757063, -11698686840, -20314284259, -80531119467]","[4559665791, -29629453169, 29244637231, 3887306623, 85472539615]"
078350,한양디지텍,KOSDAQ,314034269200,10.13,2680542839.0,5.2,8.19,15.26,1.55,6,2026-08-13,"[3.99, 5.89, 3.67, 5.2]","[5.04, 9.22, 5.03, 8.19]","[9.49, 16.01, 8.81, 15.26]","[1.63, 0.82, 1.93, 1.55]","[17.15, 5.09, 21.94, 10.13]","[2021, 2022, 2023, 2024, 2025]","[303399341636, 484769790412, 478837673371, 595167452558, 651051158827]","[31895423332, 49930181392, 15827461733, 33678098656, 19809974559]","[10.51, 10.3, 3.31, 5.66, 3.04]","[32018977663, 19687227828, 2990551812, 51786734417, 27185684099]","[-8036915161, -39142078416, -30025108983, -18083469028, -24466226440]","[-11267589486, 11886880063, 23008947981, -18985315869, -2633505929]","[23982062502, -19454850588, -27034557171, 33703265389, 2719457659]"
110990,디아이티,KOSDAQ,313173000000,6.91,1283801887.0,27.04,14.78,17.04,1.21,6,2026-08-14,"[8.07, 20.65, 21.37, 27.04]","[6.21, 12.01, 11.4, 14.78]","[7.07, 13.59, 12.81, 17.04]","[1.92, 1.14, 1.19, 1.21]","[27.11, 8.41, 9.3, 7.09]","[2021, 2022, 2023, 2024, 2025]","[76092185278, 132874920170, 107061292801, 116655392937, 107910277371]","[-4289974493, 11773938192, 14676037428, 33625490699, 29748170939]","[-5.64, 8.86, 13.71, 28.82, 27.57]","[-8589733717, 7881194751, 2106775106, 38109626971, 24669976179]","[-2456893111, -13997269595, -5848483943, -29196095584, -12921022499]","[-380475548, -118337724, -5968039228, -2877854961, -6978993063]","[-11046626828, -6116074844, -3741708837, 8913531387, 11748953680]"
039440,에스티아이,KOSDAQ,312466997050,16.4,2043107745.0,4.08,5.59,6.62,1.07,5,2026-08-14,"[7.5, 8.17, 6.01, 4.08]","[7.61, 7.36, 4.21, 5.59]","[10.13, 10.41, 5.37, 6.62]","[1.92, 1.03, 1.64, 1.07]","[18.94, 9.92, 30.47, 16.14]","[2021, 2022, 2023, 2024, 2025]","[319513983576, 422418753947, 319462564774, 334022337411, 328058707879]","[30230909008, 36533956833, 28257631404, 36745785366, 19532620038]","[9.46, 8.65, 8.85, 11.0, 5.95]","[-59711097826, 71544702063, 29196184942, 15826612555, 18683112269]","[44675507673, -41020624967, -20555333037, -25387428579, 7248322710]","[14978944220, -40253147434, -6887561048, -2538795023, 12270178957]","[-15035590153, 30524077096, 8640851905, -9560816024, 25931434979]"
093520,매커스,KOSDAQ,312423221250,12.86,986586242.5,14.81,9.62,22.42,2.4,3,2026-08-13,"[15.02, 13.47, 12.8, 14.81]","[6.93, 4.95, 9.83, 9.62]","[19.88, 17.85, 18.33, 22.42]","[1.42, 0.84, 2.02, 2.4]","[7.13, 4.72, 11.03, 10.68]","[2021, 2022, 2023, 2024, 2025]","[140726734643, 193763490633, 175414376276, 199579464477, 227242162080]","[30905884154, 28767235634, 25559648580, 25563532782, 29787933992]","[21.96, 14.85, 14.57, 12.81, 13.11]","[14195974369, 26531443776, -51915175850, 49364469465, 70965118234]","[4342075067, -4418030408, 2674162165, 69934544, -4400098070]","[-2901528729, -7528742677, 30943179244, -23331259644, -18661697803]","[18538049436, 22113413368, -49241013685, 49434404009, 66565020164]"
294570,쿠콘,KOSDAQ,311834518800,13.1,4825424514.5,27.72,6.05,11.65,1.65,6,2026-08-14,"[24.26, 22.71, 27.15, 27.72]","[3.46, 6.0, 6.85, 6.05]","[5.6, 10.75, 12.6, 11.65]","[1.72, 1.22, 1.83, 1.65]","[30.78, 11.31, 14.49, 14.18]","[2021, 2022, 2023, 2024, 2025]","[61441577577, 64522541912, 68365726730, 73038223164, 69459535152]","[8585000929, 4770587602, 9696519822, 19016923136, 26416338520]","[13.97, 7.39, 14.18, 26.04, 38.03]","[0, 10188946219, 29643959210, 52522491108, 44999409784]","[-60504092310, -22259689028, -20641614890, -19542761913, -15017720856]","[53786025552, -1710348316, 885549240, -148735522, -9520215929]","[-60504092310, -12070742809, 9002344320, 32979729195, 29981688928]"
290550,디케이티,KOSDAQ,306218831300,8.82,6606386520.0,6.15,9.09,15.93,1.3,5,2026-08-14,"[5.24, 5.72, 5.07, 6.15]","[1.83, 9.4, 7.25, 9.09]","[3.3, 14.78, 11.43, 15.93]","[1.18, 0.81, 0.63, 1.3]","[35.77, 5.47, 5.49, 8.18]","[2021, 2022, 2023, 2024, 2025]","[315241528615, 363542945233, 280218060416, 403349872283, 425776296391]","[10792459707, 25336467832, 8872886550, 36002813751, 29054641915]","[3.42, 6.97, 3.17, 8.93, 6.82]","[9685195503, 25154080239, 11634854366, 28518234218, 4514778387]","[-67644067293, -31214009735, -14049972593, 3032990889, -19191093532]","[65376758612, 3138248139, 9243393920, -1854677943, 3332677262]","[-57958871790, -6059929496, -2415118227, 31551225107, -14676315145]"
017890,한국알콜,KOSDAQ,305140948560,7.88,1515481493.5,9.8,6.54,7.72,0.49,7,2026-08-13,"[4.99, 6.52, 7.51, 9.8]","[2.19, 4.64, 5.38, 6.54]","[2.73, 5.4, 6.36, 7.72]","[0.46, 0.31, 0.37, 0.49]","[16.88, 5.71, 5.84, 6.32]","[2021, 2022, 2023, 2024, 2025]","[501662554630, 512698074574, 438274113703, 421013788394, 423883457380]","[60780060687, 40963558704, 18170840759, 38124063933, 49308668557]","[12.12, 7.99, 4.15, 9.06, 11.63]","[13737036336, 38379629144, 36060497242, 26633157719, 54399234792]","[-46527406344, -34380961444, -66366406221, -6324524705, -42402307779]","[5025079315, -11997593010, 37177746480, -13686380662, -6021229592]","[-32790370008, 3998667700, -30305908979, 20308633014, 11996927013]"
417840,저스템,KOSDAQ,304620154920,26.18,12606912032.5,19.43,10.04,16.59,4.32,6,2026-08-12,"[0.87, -11.91, 9.6, 19.43]","[-4.1, -2.72, 3.95, 10.04]","[-6.96, -4.48, 6.58, 16.59]","[1.93, 1.04, 2.43, 4.32]","[36.84, 26.03]","[2022, 2023, 2024, 2025]","[46098648348, 35933632867, 38700592846, 48288744108]","[7370714983, -4831098754, -3198382369, 3185939023]","[15.99, -13.44, -8.26, 6.6]","[8282915892, -8176075269, 4340064185, 7272004843]","[-3973368849, -29242613434, -1389169299, -2845569913]","[18387419856, 11148250855, -1303461906, -572537540]","[4309547043, -37418688703, 2950894886, 4426434930]"
092460,한라IMS,KOSDAQ,302670239200,10.52,452424130.0,16.74,9.49,13.9,1.48,3,2026-08-14,"[6.8, 15.31, 16.69, 16.74]","[32.32, 6.59, 10.54, 9.49]","[44.14, 7.99, 12.83, 13.9]","[0.71, 0.82, 1.49, 1.48]","[1.61, 10.32, 11.59, 10.68]","[2021, 2022, 2023, 2024, 2025]","[56517915715, 98637116561, 78944495370, 104235725498, 133476935159]","[4344039177, 9211402119, 91465262869, 15585727082, 30167357695]","[7.69, 9.34, 115.86, 14.95, 22.6]","[-4578438241, 7773856513, 3196869353, -186813443, 22052232987]","[-47522647837, 10397002316, 37317444461, 19578387634, 21428253959]","[42841298951, -14454858022, -46367915504, -19510068130, 826781328]","[-52101086078, 18170858829, 40514313814, 19391574191, 43480486946]"
025770,한국정보통신,KOSDAQ,301051938840,8.33,242824233.5,4.93,5.73,10.48,0.88,3,2026-08-14,"[4.92, 4.95, 5.41, 4.93]","[6.79, 9.41, 7.14, 5.73]","[11.08, 14.21, 10.89, 10.48]","[1.32, 0.96, 0.86, 0.88]","[11.88, 6.78, 7.88, 8.38]","[2021, 2022, 2023, 2024, 2025]","[540243819000, 595450481000, 725118196000, 790967629000, 836329617000]","[16535887000, 29187619000, 38759380000, 59342849000, 48234892000]","[3.06, 4.9, 5.35, 7.5, 5.77]","[67793864000, -5730665000, 27702019000, -8703887000, 103537613000]","[-4164160000, -18745894000, -17889612000, 5020931000, -9418539000]","[-1830692000, -4699337000, -7853692000, -9411388000, -8334786000]","[63629704000, -24476559000, 9812407000, -3682956000, 94119074000]"
091580,상신이디피,KOSDAQ,299884927500,17.73,5708516214.5,7.62,4.38,9.65,1.67,7,2026-08-14,"[10.01, -2.66, 3.46, 7.62]","[9.02, 0.2, 0.6, 4.38]","[17.83, 0.41, 1.26, 9.65]","[1.4, 0.63, 1.07, 1.67]","[7.87, 151.3, 84.97, 17.35]","[2021, 2022, 2023, 2024, 2025]","[197509167045, 290811126688, 301635718758, 245143658182, 250083513076]","[22954992096, 30131021503, 29692626375, 0, 0]","[11.62, 10.36, 9.84, 0.0, 0.0]","[18737687021, 36648998878, 46615016832, -2261807417, 8076394698]","[-32148613363, -30087930526, -27111700993, -39597358398, -34899261692]","[6471176327, 8895632601, 21863543658, 18325312502, 13010091936]","[-13410926342, 6561068352, 19503315839, -41859165815, -26822866994]"
035810,이지홀딩스,KOSDAQ,297742193775,10.87,786600754.0,4.87,2.22,5.47,0.25,6,2026-08-14,"[3.33, 3.76, 4.47, 4.87]","[2.16, 1.23, 2.39, 2.22]","[5.3, 2.91, 5.61, 5.47]","[0.2, 0.15, 0.23, 0.25]","[3.74, 5.04, 4.15, 4.59]","[2021, 2022, 2023, 2024, 2025]","[1984045508989, 3010255248617, 3119160305224, 3284975746816, 3388904350275]","[42379285279, 54422432253, 71848405122, 34725680468, 88484912034]","[2.14, 1.81, 2.3, 1.06, 2.61]","[20885195500, -48461666053, 61331694605, 164856333547, 236402774128]","[-33517118813, -167443910683, 9795111138, -124480820618, -50107031372]","[88249021662, 290305189910, -173464192443, 3125368837, -49874790918]","[-12631923313, -215905576736, 71126805743, 40375512929, 186295742756]"
168360,펨트론,KOSDAQ,297373156960,2251.67,1037028446.5,7.58,0.11,0.26,5.67,7,2026-08-14,"[10.94, -6.36, 4.56, 7.58]","[9.51, -2.67, -3.55, 0.11]","[21.87, -6.82, -14.78, 0.26]","[6.07, 4.11, 12.96, 5.67]","[27.78, 2220.21]","[2022, 2023, 2024, 2025]","[61158301940, 73715799864, 57004658240, 69861835068]","[5789184074, 7824771718, -3610327442, -4724548175]","[9.47, 10.61, -6.33, -6.76]","[3966502098, 8172766773, -4977652257, -5722460731]","[-13984967823, -5144244796, -580642758, -17433840196]","[9361655769, -736489112, 2342910367, 23112406234]","[-10018465725, 3028521977, -5558295015, -23156300927]"
200670,휴메딕스,KOSDAQ,294785662500,6.4,715402640.0,22.88,13.72,14.9,0.96,5,2026-08-14,"[24.5, 26.65, 24.89, 22.88]","[11.28, 15.72, 16.0, 13.72]","[12.53, 17.18, 17.29, 14.9]","[1.92, 2.08, 1.52, 0.96]","[15.33, 12.13, 8.78, 6.42]","[2021, 2022, 2023, 2024, 2025]","[110992354033, 123172789865, 152273808567, 161872958430, 170052787103]","[11338945833, 28988804722, 32410242276, 48355300244, 63817894808]","[10.22, 23.54, 21.28, 29.87, 37.53]","[19184529552, 38100990545, 30885207981, 50744191022, 45145414363]","[-50354411278, 54006755325, -15473951174, -12574918440, -100496599061]","[20063794071, -10623928120, -25808378484, -9887719480, -15108532314]","[-31169881726, 92107745870, 15411256807, 38169272582, -55351184698]"
439090,마녀공장,KOSDAQ,293275421400,21.37,8948725822.5,13.65,9.95,11.29,2.48,6,2026-08-14,"[15.11, 14.51, 9.25, 13.65]","[11.03, 12.64, 6.88, 9.95]","[11.99, 14.38, 7.44, 11.29]","[3.9, 2.16, 1.88, 2.48]","[32.57, 15.03, 25.25, 21.96]","[2022, 2023, 2024, 2025]","[101835609615, 105000932107, 127919035290, 113016260841]","[22137953992, 14811909069, 20690906581, 11466115216]","[21.74, 14.11, 16.18, 10.15]","[14716500423, 9439717964, 18109091569, 11102905458]","[-3814556116, -31737467521, -20282930503, -15283990541]","[1449482051, 31500508673, -367206343, -447801278]","[10901944307, -22297749557, -2173838934, -4181085083]"
035600,KG이니시스,KOSDAQ,293179177760,5.71,653711881.0,7.08,3.05,7.93,0.38,6,2026-08-13,"[7.9, 4.5, 7.25, 7.08]","[5.67, 2.4, 2.91, 3.05]","[13.96, 5.93, 7.62, 7.93]","[0.48, 0.33, 0.38, 0.38]","[3.45, 5.51, 4.93, 4.82]","[2021, 2022, 2023, 2024, 2025]","[1011974554186, 1177624552737, 1344791853182, 1354336925346, 1358884614233]","[0, 90651570239, 122265729618, 44042395177, 79722137931]","[0.0, 7.7, 9.09, 3.25, 5.87]","[134932801578, 54008604260, -2213648785, 8284598669, 121276840467]","[-27266726767, -79270782401, -132030190295, -67890747323, -62487320238]","[-41037918226, -67641305347, 51185121417, 67905982843, -26096747075]","[107666074811, -25262178141, -134243839080, -59606148654, 58789520229]"
036890,진성티이씨,KOSDAQ,292372907210,4.24,951321301.0,9.19,11.06,19.01,0.82,5,2026-08-14,"[8.16, 6.26, 10.34, 9.19]","[7.05, 4.6, 6.35, 11.06]","[12.24, 7.99, 10.97, 19.01]","[1.03, 0.75, 1.03, 0.82]","[8.42, 9.45, 9.34, 4.33]","[2021, 2022, 2023, 2024, 2025]","[438323707778, 541014045943, 485118584952, 390515286432, 463820413148]","[23946549827, 63610937421, 38284138026, 28507258366, 45847799597]","[5.46, 11.76, 7.89, 7.3, 9.88]","[-19872094271, 33270695182, 87586756169, 48719969081, 21706590494]","[-11534777675, -14038073696, -5209266326, -37844197963, -62874087970]","[11226290463, 3065493521, -21464831723, 12403507454, -1901875700]","[-31406871946, 19232621486, 82377489843, 10875771118, -41167497476]"
123330,제닉,KOSDAQ,290856820000,11.28,10966141235.0,16.76,28.67,46.72,5.21,4,2026-08-13,"[-14.33, 12.07, 19.15, 16.76]","[-18.85, 19.82, 33.41, 28.67]","[-38.25, 34.14, 46.01, 46.72]","[2.46, 8.17, 3.17, 5.21]","[23.92, 6.89, 11.16]","[2021, 2022, 2023, 2024, 2025]","[38408413629, 31448829338, 28069766610, 49908316638, 78198461125]","[-4199498274, -3340027694, -4410613010, 5681780496, 14814793194]","[-10.93, -10.62, -15.71, 11.38, 18.95]","[2569966710, 186420865, -268190104, 272460486, 20650775397]","[12139024257, -3889864509, 1770647676, -1518655130, -3388816636]","[-3693906000, -10193022000, -3166730000, 817795892, -5288777068]","[14708990967, -3703443644, 1502457572, -1246194644, 17261958761]"
054950,제이브이엠,KOSDAQ,290761902600,9.41,433824262.5,20.46,9.16,12.55,1.18,8,2026-08-14,"[18.95, 19.24, 19.22, 20.46]","[10.19, 10.13, 8.88, 9.16]","[14.62, 14.26, 12.12, 12.55]","[1.79, 1.14, 1.34, 1.18]","[12.23, 8.01, 11.05, 9.43]","[2021, 2022, 2023, 2024, 2025]","[115826299716, 141977630092, 157085342969, 159434150636, 173129219712]","[9403841212, 21278979301, 33104978453, 34692153143, 36180489357]","[8.12, 14.99, 21.07, 21.76, 20.9]","[26086671954, 14762962853, 29925233385, 25923792174, 30378159381]","[-22581975668, -18411651184, -19982963036, -18575868428, -26053383145]","[-4362058634, 4054644815, -5605428989, -6886987144, -8694484143]","[3504696286, -3648688331, 9942270349, 7347923746, 4324776236]"
265520,AP시스템,KOSDAQ,290330337090,5.62,1033869127.5,8.61,7.63,13.93,0.78,8,2026-08-14,"[11.27, 9.13, 7.24, 8.61]","[10.51, 8.63, 3.49, 7.63]","[18.68, 15.39, 6.47, 13.93]","[1.04, 0.71, 0.79, 0.78]","[5.59, 4.58, 12.26, 5.61]","[2021, 2022, 2023, 2024, 2025]","[528740970343, 486607636185, 533579250430, 516698011486, 460144858180]","[75547063417, 110538340918, 76187899743, 65640831646, 27323073032]","[14.29, 22.72, 14.28, 12.7, 5.94]","[63249106032, 111102616902, 49133068485, 50613882028, 33895776250]","[4473567435, -23047760270, -22376536420, -112014642898, -27122234422]","[6098532474, -6782376031, 1993156194, -22323088977, 8931210334]","[67722673467, 88054856632, 26756532065, -61400760870, 6773541828]"
482630,삼양엔씨켐,KOSDAQ,290019710000,14.06,2295815961.0,14.68,12.97,15.47,2.2,7,2026-08-13,"[9.73, 14.06, 14.68]","[6.99, 10.29, 12.97]","[10.72, 12.5, 15.47]","[2.12, 2.2]","[16.99, 14.2]","[2024, 2025]","[110516459677, 125385914184]","[9203231193, 16657426752]","[8.33, 13.28]","[14398084171, 19513332846]","[-5392025933, -5205985851]","[-15193658195, -2697418048]","[9006058238, 14307346995]"
448900,한국피아이엠,KOSDAQ,288536707500,139.78,6889106372.5,0.63,2.23,3.7,4.89,5,2026-08-14,"[9.63, 3.94, 0.63]","[3.63, -0.06, 2.23]","[6.36, -0.1, 3.7]","[3.38, 4.38, 4.89]","[53.07, 132.17]","[2024, 2025]","[37447247186, 36931110519]","[3472428215, -335749880]","[9.27, -0.91]","[3548256433, 7379493815]","[-2085293270, -12544362811]","[1134818186, 10381630384]","[1462963163, -5164868996]"
051500,CJ프레시웨이,KOSDAQ,287292381200,5.94,201629880.0,2.76,2.92,12.23,0.75,6,2026-08-14,"[3.23, 2.92, 2.92, 2.76]","[4.34, 1.75, 3.15, 2.92]","[16.16, 6.6, 11.01, 12.23]","[0.77, 0.5, 0.7, 0.75]","[4.74, 7.56, 6.34, 6.14]","[2021, 2022, 2023, 2024, 2025]","[2291433979355, 2747691651727, 3074242286759, 3224779013185, 3481081567935]","[31374051348, 68875818033, 72800466239, 41846918937, 61187208770]","[1.37, 2.51, 2.37, 1.3, 1.76]","[140610623222, 123607557105, 218404023409, 111209177346, 127080103084]","[-34176647708, -107658753364, -70717059984, -40948249135, -34540202679]","[-39416044080, 18422303785, -270452107005, 3409602603, -101990504537]","[106433975514, 15948803741, 147686963425, 70260928211, 92539900405]"
484590,삼양컴텍,KOSDAQ,286824732000,11.22,1091433045.5,17.52,8.74,14.73,1.72,6,2026-08-13,"[12.75, 17.22, 17.52]","[10.22, 9.46, 8.74]","[30.88, 14.49, 14.73]","[3.41, 1.72]","[23.54, 11.66]","[2024, 2025]","[141594663733, 154607270230]","[16759651852, 25038870891]","[11.84, 16.2]","[-6936668057, 17696005047]","[-19508226044, -57882035308]","[18449417987, 44368464749]","[-26444894101, -40186030261]"
136480,하림,KOSDAQ,285704098380,15.52,690919551.0,3.36,2.04,5.49,0.86,6,2026-08-12,"[2.87, 2.22, 3.31, 3.36]","[1.55, -1.48, 4.53, 2.04]","[4.22, -4.27, 11.9, 5.49]","[1.51, 1.03, 0.99, 0.86]","[35.77, 8.28, 15.6]","[2021, 2022, 2023, 2024, 2025]","[1118053875000, 1342909403482, 1410837724581, 1285418842000, 1439995096000]","[19104117453, 3763249792, 16652255745, -18685969000, 46892749000]","[1.71, 0.28, 1.18, -1.45, 3.26]","[50493756652, 61746506010, 84366203926, 87623889000, 129100220000]","[-31034704893, -123347054942, -30558479157, -85198009000, -32181458000]","[21788459940, 25793857040, -67755209685, -5141259000, -57120826000]","[19459051759, -61600548932, 53807724769, 2425880000, 96918762000]"
049070,인탑스,KOSDAQ,283991092000,9.75,1059540231.5,1.06,3.53,4.07,0.36,6,2026-08-14,"[3.17, 0.62, -1.91, 1.06]","[4.47, 2.6, 0.94, 3.53]","[5.14, 3.03, 1.08, 4.07]","[0.57, 0.34, 0.42, 0.36]","[11.03, 11.17, 38.59, 8.96]","[2021, 2022, 2023, 2024, 2025]","[1052038115626, 1097963276695, 577375550276, 614667194566, 590781754867]","[106040973328, 0, 0, 33317053651, 13141178258]","[10.08, 0.0, 0.0, 5.42, 2.22]","[100550556717, 165863313209, 54347472197, 45752877302, 8579016395]","[18011410067, -110226513630, -106040769967, -69577806676, 23373773986]","[-28313536510, -32983795939, -25864626263, -15697375896, -16808560752]","[118561966784, 55636799579, -51693297770, -23824929374, 31952790381]"
377450,리파인,KOSDAQ,283865400000,27.48,3849973841.0,31.8,3.78,3.96,1.24,6,2026-08-14,"[33.92, 30.22, 30.76, 31.8]","[12.54, 11.35, 3.86, 3.78]","[13.67, 12.1, 4.06, 3.96]","[0.93, 1.28, 0.94, 1.24]","[6.82, 10.56, 23.11, 31.33]","[2021, 2022, 2023, 2024, 2025]","[58773815123, 55077908851, 66484437442, 67848478041, 61572418310]","[21326706201, 19513585130, 28061329371, 25253015187, 13890103578]","[36.29, 35.43, 42.21, 37.22, 22.56]","[17898919629, 19129215829, 22432920746, 22374242106, 18059809358]","[-5489086144, -13540427082, -10564898763, 157579352, -173875575889]","[81401449726, -14114833993, -2303036250, -9487857814, 35344161629]","[12409833485, 5588788747, 11868021983, 22531821458, -155815766531]"
448280,에코아이,KOSDAQ,282977281950,53.85,164233547.0,12.36,3.67,4.24,2.26,6,2026-08-14,"[28.13, 0.77, 3.08, 12.36]","[10.46, 1.5, 1.25, 3.67]","[11.97, 1.75, 1.42, 4.24]","[3.56, 1.86, 2.71, 2.26]","[29.74, 105.92, 189.96, 53.24]","[2022, 2023, 2024, 2025]","[60121142197, 64821406710, 25769269333, 30916305223]","[21383697303, 19779389714, 2955518833, 2131990710]","[35.57, 30.51, 11.47, 6.9]","[-7597605346, -1298258756, -28228651450, -7761347587]","[-3051162820, -65458976269, 29334971905, 18398266575]","[3920345453, 65201839073, -5201074708, -5322562780]","[-10648768166, -66757235025, 1106320455, 10636918988]"
481070,에이유브랜즈,KOSDAQ,276717127500,25.21,1072142667.5,17.23,11.0,16.09,3.31,7,2026-08-14,"[27.87, 16.8, 17.23]","[22.57, 8.64, 11.0]","[30.99, 12.21, 16.09]","[4.19, 3.31]","[34.27, 20.57]","[2024, 2025]","[44600592198, 60009152935]","[12314507257, 10277634103]","[27.61, 17.13]","[8182196030, 7357616385]","[-12914968675, -11630136923]","[-274907033, 25602821120]","[-4732772645, -4272520538]"
159010,아스플로,KOSDAQ,273362149500,39.02,4383638681.5,2.56,4.97,12.1,4.5,6,2026-08-13,"[7.31, -2.23, -10.33, 2.56]","[2.75, -1.71, -8.39, 4.97]","[6.22, -4.33, -21.42, 12.1]","[2.3, 0.97, 1.31, 4.5]","[37.02, 37.21]","[2021, 2022, 2023, 2024, 2025]","[58894552605, 88655767575, 86873727999, 83609960696, 67924197059]","[3898291390, 10052741582, 3524825967, -2688930497, -10107561674]","[6.62, 11.34, 4.06, -3.22, -14.88]","[-2923549690, -1845970063, -3104962981, 5465587606, -1781481587]","[-10808010167, -2060177991, -2845234667, -3424700949, -2482369859]","[12070574406, 4166583892, 18089101200, 8367887547, -7462662460]","[-13731559857, -3906148054, -5950197648, 2040886657, -4263851446]"
053300,한국정보인증,KOSDAQ,205390945760,10.78,413398966.0,22.05,5.75,9.8,0.83,6,2026-08-13,"[15.15, 15.47, 19.54, 22.05]","[3.08, 3.07, 6.65, 5.75]","[4.54, 5.35, 11.24, 9.8]","[0.98, 0.75, 0.98, 0.83]","[21.57, 14.04, 8.69, 8.42]","[2021, 2022, 2023, 2024, 2025]","[58870575735, 87825669753, 92218769214, 121892962888, 138465829337]","[16124227536, 8778095691, 11705181875, 21076873318, 34802360673]","[27.39, 9.99, 12.69, 17.29, 25.13]","[15286453027, 19061209445, 23710293425, 28922896524, 15425811750]","[-3446096810, -15531281207, -2164041675, -70701896780, -10150200427]","[-2052954316, -7234654580, -7718293412, 47082605382, -13689143121]","[11840356217, 3529928238, 21546251750, -41779000256, 5275611323]"
012210,삼미금속,KOSDAQ,204467505730,84.62,3788251821.5,8.9,0.99,2.2,1.95,4,2026-08-13,"[7.76, 5.83, 7.88, 8.9]","[0.62, 2.01, 0.9, 0.99]","[1.65, 4.69, 1.82, 2.2]","[0.4, 0.63, 2.66, 1.95]","[24.47, 13.38, 146.13, 88.37]","[2022, 2023, 2024, 2025]","[70751586238, 76842784518, 76441344507, 73796930775]","[-674705536, 1643749564, 2388882309, 483735514]","[-0.95, 2.14, 3.13, 0.66]","[-3985222990, -2746309159, 5371762022, -1794047462]","[-65127383, -1138185218, -3460389489, 7357826318]","[5051388287, 3011568479, -434703359, 4416127473]","[-4050350373, -3884494377, 1911372533, 5563778856]"
450950,아스테라시스,KOSDAQ,203188996800,33.33,124281385.0,10.76,11.92,13.46,4.49,4,2026-08-14,"[23.11, 27.39, 10.76]","[21.64, 17.64, 11.92]","[27.25, 19.7, 13.46]","[9.95, 4.49]","[50.54, 33.39]","[2024, 2025]","[28833182740, 37943714291]","[6288758401, 10781651282]","[21.81, 28.41]","[4361627838, 4985606331]","[-1309972455, -19763784176]","[-609307881, 15565339508]","[3051655383, -14778177845]"
125020,티씨머티리얼즈,KOSDAQ,202172433500,18.62,4365860641.0,3.47,6.85,12.38,2.37,6,2026-08-14,"[3.6, 2.27, 3.47]","[8.23, 1.38, 6.85]","[11.02, 2.15, 12.38]","[1.86, 2.37]","[86.6, 19.13]","[2024, 2025]","[303895189566, 299118621385]","[8245736802, 2286262802]","[2.71, 0.76]","[13514722632, 4040097992]","[-3505294846, -13706968794]","[-7755623770, 21100808020]","[10009427786, -9666870802]"
484120,도우인시스,KOSDAQ,202054861680,8.13,679217096.5,7.53,10.01,13.22,1.09,8,2026-08-13,"[6.84, 2.42, 7.53]","[8.14, 0.21, 10.01]","[12.5, 0.29, 13.22]","[1.69, 1.09]","[579.07, 8.22]","[2024, 2025]","[141707834884, 139791218651]","[20361661527, -564248066]","[14.37, -0.4]","[21207332740, 4078176759]","[-15875682585, -14515642049]","[3655020726, 43976483996]","[5331650155, -10437465290]"
067080,대화제약,KOSDAQ,201618319500,45.13,1038098156.0,3.72,2.21,5.67,2.35,5,2026-08-07,"[1.39, 4.49, 2.21, 3.72]","[-0.23, 0.4, 1.1, 2.21]","[-0.66, 1.09, 2.94, 5.67]","[2.28, 2.69, 4.13, 2.35]","[247.49, 140.43, 41.47]","[2021, 2022, 2023, 2024, 2025]","[117158831459, 131911692836, 141359215372, 149409212217, 143060002187]","[4524534883, 2426090379, -455975172, 1513167242, 4778689019]","[3.86, 1.84, -0.32, 1.01, 3.34]","[10385544854, 8192963094, -214407338, 5249710845, 5427802858]","[-13502549797, -25246768256, -15233612337, 5269726613, -4207394306]","[3647034340, 16324254606, 17048309343, -14087125398, -1004027966]","[-3117004943, -17053805162, -15448019675, 10519437458, 1220408552]"
013120,동원개발,KOSDAQ,200685901000,7.74,230932134.25,4.68,1.78,2.44,0.19,6,2026-08-14,"[4.07, 4.04, 4.41, 4.68]","[2.97, 1.33, 1.76, 1.78]","[4.11, 1.75, 2.47, 2.44]","[0.28, 0.2, 0.24, 0.19]","[6.76, 11.71, 9.71, 7.77]","[2021, 2022, 2023, 2024, 2025]","[417401712207, 581504179966, 736557428431, 520374333203, 387344571458]","[101309753871, 91809286311, 59737508269, 25936474455, 35691279718]","[24.27, 15.79, 8.11, 4.98, 9.21]","[-92426410528, 218722452919, -75591044350, 96117267372, -44224700470]","[-76223122560, -144247579943, -5727635996, -29669761648, -19321608427]","[103816579207, -6673406099, -7567231746, -22925244477, 72726979373]","[-168649533088, 74474872976, -81318680346, 66447505724, -63546308897]"
102940,코오롱생명과학,KOSDAQ,200678943990,5.61,4257339713.5,8.69,3.19,4.97,0.29,5,2026-08-31,"[-19.33, -13.68, 8.41, 8.69]","[-9.93, -22.19, 2.73, 3.19]","[-22.32, -62.33, 4.27, 4.97]","[2.46, 2.03, 1.17, 0.29]","[27.35, 5.8]","[2021, 2022, 2023, 2024, 2025]","[165485310364, 161583789633, 124639034557, 161386743445, 208981597803]","[-4010570969, 4124197787, -33598113998, -93085909327, 25755969136]","[-2.42, 2.55, -26.96, -57.68, 12.32]","[-16187348295, -20853662794, -24865564783, -14084844078, 10209353321]","[-2254778820, -5936554306, -7025958200, -6382082452, -24721707847]","[30949142389, 5457612059, 32889280407, 24778885056, 12545273546]","[-18442127115, -26790217100, -31891522983, -20466926530, -14512354526]"
272110,케이엔제이,KOSDAQ,196622177500,7.99,2496703197.5,21.94,9.11,23.11,1.88,5,2026-08-13,"[19.41, 22.74, 26.34, 21.94]","[8.51, 5.75, 11.09, 9.11]","[16.52, 12.86, 26.3, 23.11]","[2.43, 1.6, 1.82, 1.88]","[14.72, 12.46, 6.92, 8.15]","[2021, 2022, 2023, 2024, 2025]","[46510956665, 62314404181, 61919993102, 62216559100, 84444745007]","[5213186448, 12065418530, 11438858555, 16559871648, 25523719887]","[11.21, 19.36, 18.47, 26.62, 30.23]","[11586230381, 10551401003, 12793706797, 17599644703, 18240202619]","[-26846714534, -9264244307, -8339964795, -31859379232, -12307106424]","[15459016029, 3801145388, 26150345, 11673904510, -5864075732]","[-15260484153, 1287156696, 4453742002, -14259734529, 5933096195]"
190510,나무가,KOSDAQ,195363346790,10.21,523452824.0,4.28,8.0,11.11,1.12,5,2026-08-14,"[6.22, 4.65, 6.13, 4.28]","[11.44, 9.88, 9.76, 8.0]","[15.99, 15.65, 14.63, 11.11]","[1.35, 1.12, 1.43, 1.12]","[8.44, 7.13, 9.79, 10.08]","[2021, 2022, 2023, 2024, 2025]","[502902887746, 519342981244, 365609176662, 450363058954, 459879687266]","[0, 0, 0, 31420365482, 30230918315]","[0.0, 0.0, 0.0, 6.98, 6.57]","[23869531636, 77000765369, 26068071577, 60490225747, 37814079179]","[-6380054360, -20947519183, -54493033590, -13787876901, 38387403651]","[-11782303895, -3564685611, -5018497816, -15444631877, -20487792551]","[17489477276, 56053246186, -28424962013, 46702348846, 76201482830]"
214180,헥토이노베이션,KOSDAQ,195160372340,7.4,1123505880.5,12.81,4.28,9.2,0.53,6,2026-08-14,"[12.92, 15.29, 13.35, 12.81]","[5.44, 5.02, 4.6, 4.28]","[10.62, 10.55, 10.23, 9.2]","[0.66, 0.5, 0.6, 0.53]","[6.23, 4.72, 5.83, 5.71]","[2021, 2022, 2023, 2024, 2025]","[221041387864, 262967082265, 288489349653, 319471899585, 375822702346]","[41981177970, 37826034730, 40445484694, 46479750823, 50445007253]","[18.99, 14.38, 14.02, 14.55, 13.42]","[83428482123, 26043244224, 61385493515, 105993130041, 100434444308]","[-6405940555, -32977779495, -26964645920, 8228687981, -51464810798]","[-8993532788, -11269078034, -26587026144, -5167343135, -20513048742]","[77022541568, -6934535271, 34420847595, 114221818022, 48969633510]"
036560,KZ정밀,KOSDAQ,194355000000,10.85,158119144.0,11.47,2.84,3.57,0.39,7,2026-08-14,"[15.0, 13.49, 9.21, 11.47]","[7.37, 3.18, 1.27, 2.84]","[8.68, 3.98, 1.6, 3.57]","[0.59, 0.41, 0.41, 0.39]","[6.85, 10.26, 25.45, 10.82]","[2021, 2022, 2023, 2024, 2025]","[78742909156, 89066055501, 138702144854, 112713189198, 110512771845]","[15580523295, 19506213533, 34473594412, 24268669822, 12703874467]","[19.79, 21.9, 24.85, 21.53, 11.5]","[18667132275, 12728997773, 20271311753, 22197154291, 12164624583]","[-24912014270, -10791279582, 7278101964, -38222069950, -21275939845]","[-5898633900, -5911686900, -6741918395, 20078872612, -13174241457]","[-6244881995, 1937718191, 27549413717, -16024915659, -9111315262]"
425040,티이엠씨,KOSDAQ,194236876280,10.35,1559330970.5,6.22,3.96,6.18,0.63,3,2026-08-14,"[10.52, 6.35, 8.88, 6.22]","[5.27, 4.05, 4.2, 3.96]","[8.55, 6.1, 6.09, 6.18]","[4.24, 0.61, 0.58, 0.63]","[49.66, 10.05, 9.48, 10.28]","[2022, 2023, 2024, 2025]","[351740130840, 200782972392, 310234690169, 279708410111]","[53485886268, 26295826806, 20015982763, 22453414906]","[15.21, 13.1, 6.45, 8.03]","[22127762697, 62951978340, 39940486359, 21584197185]","[-31723251811, -73074107434, -37811553626, -28184138156]","[40152590363, 45352996730, 15189673928, -24450560080]","[-9595489114, -10122129094, 2128932733, -6599940971]"
042420,네오위즈홀딩스,KOSDAQ,192972107100,9.31,206402802.5,9.81,6.81,8.1,0.26,7,2026-08-14,"[4.74, 5.55, 12.65, 9.81]","[4.21, -2.38, 6.89, 6.81]","[5.34, -2.9, 8.52, 8.1]","[0.29, 0.21, 0.28, 0.26]","[5.4, 3.23, 3.22]","[2021, 2022, 2023, 2024, 2025]","[269321818107, 297977284307, 366584640067, 368058340152, 436800978752]","[126479972112, -66551129388, 39597541350, -8332215426, 85861483847]","[46.96, -22.33, 10.8, -2.26, 19.66]","[28886708942, 31324008602, 57921845364, 27225506799, 69575165893]","[-50082025758, -37637589567, 1636268922, -4393837162, -108581282945]","[-31462245405, -38123954585, -29142841873, -38565090653, -12608898784]","[-21195316816, -6313580965, 59558114286, 22831669637, -39006117052]"
039830,오로라,KOSDAQ,190503153000,6.54,2766423252.5,14.55,4.51,14.35,0.98,8,2026-08-14,"[12.23, 11.23, 13.56, 14.55]","[1.16, 0.74, 3.61, 4.51]","[4.33, 2.71, 11.82, 14.35]","[0.55, 0.42, 0.87, 0.98]","[12.79, 15.46, 7.38, 6.8]","[2021, 2022, 2023, 2024, 2025]","[178075764619, 231694259743, 232555065538, 275696090137, 328079971298]","[12124312326, 9621277802, 9267232976, 8482562649, 31241276746]","[6.81, 4.15, 3.98, 3.08, 9.52]","[3392083326, -1851863146, 16116501309, 20260971541, 19701243103]","[-67850838620, -27490393798, -71816626935, -29207683800, -7930653402]","[72084663263, 52179066353, 50815416690, 7279168208, -4707370692]","[-64458755294, -29342256944, -55700125626, -8946712259, 11770589701]"
066620,국보디자인,KOSDAQ,190125000000,1.75,133698930.0,9.4,16.52,22.59,0.39,5,2026-08-14,"[8.08, 9.89, 10.43, 9.4]","[8.19, 9.54, 8.39, 16.52]","[13.13, 14.55, 12.25, 22.59]","[0.5, 0.48, 0.53, 0.39]","[3.8, 3.27, 4.34, 1.72]","[2021, 2022, 2023, 2024, 2025]","[323028432200, 378387843965, 401268154696, 421641298281, 438886977675]","[27448666849, 31265581110, 35524105588, 55376791534, 51531571987]","[8.5, 8.26, 8.85, 13.13, 11.74]","[12124009914, 23644350334, 42209890845, 29019557898, 39624899241]","[-16539937109, 32705241860, 1217679801, -62125985850, -32644322877]","[-2515951392, -2635829042, -8068031025, -2841998991, -3728547801]","[-4415927195, 56349592194, 43427570646, -33106427952, 6980576364]"
143240,사람인,KOSDAQ,189754684080,2.06,193272204.0,16.41,31.41,36.19,0.7,7,2026-08-13,"[19.21, 16.56, 13.84, 16.41]","[9.04, 5.89, 28.09, 31.41]","[10.64, 6.86, 34.37, 36.19]","[1.07, 1.04, 0.54, 0.7]","[10.1, 15.2, 1.58, 1.94]","[2021, 2022, 2023, 2024, 2025]","[129012878353, 148934864259, 131543843488, 128380866162, 121236114602]","[40573827686, 37195449471, 23130552978, 15221925686, 118674621453]","[31.45, 24.97, 17.58, 11.86, 97.89]","[44043578993, 37467072565, 20891559474, 22226339280, 12356815372]","[-47681788768, -12547934517, -8540421803, 3056307812, -15502567590]","[1756106417, -17068037980, -13979937928, -9727651822, -3373618356]","[-3638209775, 24919138048, 12351137671, 25282647092, -3145752218]"
016790,현대사료,KOSDAQ,187340898626,71.0,0.0,2.41,1.78,2.64,2.49,5,2026-08-14,"[-5.99, 2.07, 4.42, 2.41]","[-200.87, 24.31, 4.58, 1.78]","[31.98, 5.73, 2.64]","[2.11, 2.45, 2.49]","[6.59, 42.73, 94.57]","[2021, 2022, 2023, 2024, 2025]","[110306014605, 158095623136, 160600796744, 128461963646, 113027093258]","[0, 0, 0, 0, 0]","[0.0, 0.0, 0.0, 0.0, 0.0]","[5274809541, -2540814319, -7908995453, 860476714, 8558304937]","[-3493850971, -43152649992, -11273728368, -148397215, -6243883072]","[-2461033876, 47046556232, 24520644097, -3251187986, -5385545457]","[1780958570, -45693464311, -19182723821, 712079499, 2314421865]"
192440,슈피겐코리아,KOSDAQ,187112526300,3.53,272942725.0,9.71,8.46,9.13,0.33,8,2026-08-14,"[7.89, 4.67, 7.16, 9.71]","[8.13, 4.9, 5.05, 8.46]","[8.93, 5.38, 5.47, 9.13]","[0.44, 0.24, 0.26, 0.33]","[4.97, 4.38, 4.8, 3.57]","[2021, 2022, 2023, 2024, 2025]","[385343855642, 445896426301, 447398859445, 465294035302, 463698273567]","[48321623643, 41751496461, 52300801981, 34860223142, 34425151943]","[12.54, 9.36, 11.69, 7.49, 7.42]","[39824503154, 20692494987, 33444697319, 29411624060, 43140165478]","[-47946580328, -15509695491, -30714966280, -56000712933, -20329837674]","[-11020403868, -15626330109, -6590021199, -5564598823, -10977974714]","[-8122077174, 5182799496, 2729731039, -26589088873, 22810327804]"
388050,지투파워,KOSDAQ,187094370000,24.77,24731378950.5,13.55,9.04,17.73,4.44,7,2026-08-14,"[-1.91, 6.62, 11.38, 13.55]","[1.2, 6.57, 6.18, 9.04]","[2.08, 11.48, 13.18, 17.73]","[4.73, 3.25, 3.58, 4.44]","[227.26, 28.33, 27.12, 25.02]","[2021, 2022, 2023, 2024, 2025]","[37374927594, 37376811261, 49413146361, 55423270415, 77377777992]","[784077140, 538945010, -354427745, 4507149715, 6666708611]","[2.1, 1.44, -0.72, 8.13, 8.62]","[53415256, -2805964839, 6729464944, 6909330555, 18023763243]","[-432129901, -13404020232, -816997941, -4333936889, -13644815638]","[3362369098, 11508429501, 526312986, -288241464, -478538114]","[-378714645, -16209985071, 5912467003, 2575393666, 4378947605]"
049430,코메론,KOSDAQ,186841200000,6.15,597784888.5,30.35,11.43,12.03,0.73,7,2026-08-14,"[12.72, 26.95, 24.89, 30.35]","[7.23, 11.16, 8.6, 11.43]","[7.39, 11.62, 8.95, 12.03]","[0.39, 0.39, 0.49, 0.73]","[5.32, 3.37, 5.51, 6.06]","[2021, 2022, 2023, 2024, 2025]","[77819354644, 82710338752, 70580550198, 73949173060, 72274341672]","[23331195383, 20089060977, 17496797089, 33868650462, 26205435330]","[29.98, 24.29, 24.79, 45.8, 36.26]","[3273860239, 23570990085, 17582354746, 24917888304, 16925262007]","[-32955395582, -18517991158, 7034642369, -43791642154, -15565846374]","[13886168169, -2062263423, -6603224243, 4607910005, 1769364494]","[-29681535343, 5052998927, 24616997115, -18873753850, 1359415633]"
064850,에프앤가이드,KOSDAQ,186787134840,11.61,587002934.0,42.96,17.95,20.93,2.43,5,2026-08-10,"[20.52, 24.2, 30.12, 42.96]","[8.21, 4.82, 11.35, 17.95]","[13.07, 6.64, 14.57, 20.93]","[1.27, 1.44, 1.43, 2.43]","[9.75, 21.71, 9.82, 11.59]","[2021, 2022, 2023, 2024, 2025]","[25524250434, 28422917679, 29582881176, 31607660607, 35401545538]","[6224826538, 8748666157, 8774577829, 3779669430, 11326423340]","[24.39, 30.78, 29.66, 11.96, 31.99]","[6595311525, 6955359509, 6657625494, 6571186764, 10746501650]","[-35467459170, -5477544956, 5473209566, 1317502233, 2118833321]","[25381223778, -5110680591, -13204265236, -10757597836, -7817468743]","[-28872147645, 1477814553, 12130835060, 7888688997, 12865334971]"
357550,석경에이티,KOSDAQ,186015500000,41.61,173519622.5,17.32,7.84,9.64,3.97,6,2026-08-13,"[28.71, 14.61, 22.21, 17.32]","[8.58, 8.81, 7.0, 7.84]","[9.58, 10.88, 8.62, 9.64]","[8.44, 5.33, 8.6, 3.97]","[88.08, 48.94, 99.8, 41.19]","[2021, 2022, 2023, 2024, 2025]","[9059662646, 12345756305, 12196671042, 13816434795, 17546662983]","[3663566702, 5114190728, 3954801399, 3399150187, 3569180102]","[40.44, 41.42, 32.43, 24.6, 20.34]","[2605765549, 5495915477, 3029900749, 4396073344, 5348468212]","[-8647785405, 2628986342, -693657590, -15126206307, -3816517293]","[-3196403357, -1788883490, 3508306904, 3406538715, 1095001026]","[-6042019856, 8124901819, 2336243159, -10730132963, 1531950919]"
222040,코스맥스엔비티,KOSDAQ,185033160000,6.81,5162437382.5,5.78,8.31,30.07,2.0,8,2026-08-13,"[3.59, 3.11, 1.39, 5.78]","[-1.94, -1.72, -5.33, 8.31]","[-14.36, -8.79, -30.87, 30.07]","[3.18, 1.0, 1.44, 2.0]",[6.66],"[2021, 2022, 2023, 2024, 2025]","[289347257809, 328207413005, 333630908880, 317985309667, 287479069571]","[2308380724, -4543109896, 409072219, 404622459, -13821791519]","[0.8, -1.38, 0.12, 0.13, -4.81]","[-8189632993, 13612266134, 16780342569, 9113578342, 18263331684]","[-3441872155, -1282809134, -13182570248, -4251921179, 13784860082]","[394361532, -5584126805, -8187168294, -19887136187, -28850470777]","[-11631505148, 12329457000, 3597772321, 4861657163, 32048191766]"
204610,티쓰리,KOSDAQ,183617894900,11.48,566613650.25,22.82,18.07,20.38,1.61,5,2026-08-14,"[14.83, 17.74, 24.48, 22.82]","[-0.75, 10.3, 16.48, 18.07]","[-0.91, 12.15, 18.61, 20.38]","[0.66, 0.81, 0.91, 1.61]","[6.7, 4.89, 7.9]","[2022, 2023, 2024, 2025]","[76179110170, 50964064605, 59318163123, 69512001616]","[14828190967, 2663032854, 15573547667, 23820883749]","[19.46, 5.23, 26.25, 34.27]","[13239744233, 1504660087, 10896379876, 2689128237]","[-38706204148, 43222057835, 6365756058, 3796973509]","[29024180783, -21627239164, -14808906704, -21354404102]","[-25466459915, 44726717922, 17262135934, 6486101746]"
126600,BGF에코머티리얼즈,KOSDAQ,182337841595,11.72,110793280.25,2.77,1.06,1.78,0.36,4,2026-08-14,"[6.02, 3.85, 4.36, 2.77]","[-1.72, 2.17, 1.28, 1.06]","[-2.25, 3.14, 2.01, 1.78]","[0.63, 0.35, 0.45, 0.36]","[11.24, 22.44, 20.36]","[2021, 2022, 2023, 2024, 2025]","[203453887026, 263301590668, 285658919446, 364314391661, 397885888276]","[2828892726, 37484844713, -2384498324, 18526456227, 13000038522]","[1.39, 14.24, -0.83, 5.09, 3.27]","[9896934965, -10102863539, 24307551747, 12481857427, 26928211637]","[16899628509, -9850595738, -72240404411, -97469818727, -114776047498]","[106611044021, -16914335491, 60419449761, 81691804071, 49648655698]","[26796563474, -19953459277, -47932852664, -84987961300, -87847835861]"
078150,HB테크놀러지,KOSDAQ,181775243170,3.6,1207178291.35,6.7,12.12,15.81,0.58,6,2026-08-14,"[-19.76, -10.17, 3.89, 6.7]","[19.62, -14.79, 7.43, 12.12]","[25.48, -20.1, 9.96, 15.81]","[0.73, 0.72, 0.62, 0.58]","[2.88, 6.22, 3.69]","[2021, 2022, 2023, 2024, 2025]","[158891163240, 148054514258, 111647444745, 162368639166, 160310839339]","[12546376953, 36660102699, 97048510395, -65657654524, 32795092202]","[7.9, 24.76, 86.92, -40.44, 20.46]","[-19094882521, 209071715, -14660826505, 3080910856, 12403772241]","[-59163011731, 2440372154, 48851200274, -12275110402, -19012243418]","[34901516038, -6996112527, -28111179523, 16127271958, 2095179528]","[-78257894252, 2649443869, 34190373769, -9194199546, -6608471177]"
950140,잉글우드랩,KOSDAQ,179804187300,5.53,587430218.5,16.98,14.56,19.1,1532.15,8,2026-08-11,"[13.95, 10.31, 17.24, 16.98]","[11.8, 10.59, 11.03, 14.56]","[17.83, 14.7, 15.21, 19.1]","[2981.47, 1388.83, 1956.87, 1532.15]","[16722.87, 9447.38, 12864.5, 8021.36]","[2021, 2022, 2023, 2024, 2025]","[140522222, 117271385, 158405481, 133594656, 152431009]","[13192766, 6465397, 21997210, 18874244, 25134136]","[9.39, 5.51, 13.89, 14.13, 16.49]","[-5790240, 7544832, 16007360, 9470190, 15606710]","[-1858895, -3295435, -6007606, -5737963, -5291438]","[5795961, -2897108, -9824556, 7559378, -4512467]","[-7649135, 4249397, 9999754, 3732227, 10315272]"
083310,엘오티베큠,KOSDAQ,175072624390,137.26,817827556.0,-0.77,0.51,0.69,0.7,5,2026-08-14,"[14.2, -1.57, -3.29, -0.77]","[13.66, 0.7, -2.41, 0.51]","[19.33, 0.92, -3.19, 0.69]","[1.35, 0.57, 0.89, 0.7]","[7.0, 61.64, 101.86]","[2021, 2022, 2023, 2024, 2025]","[259596872143, 374197462933, 473028421100, 265969118498, 244892905459]","[29901592381, 27424056915, 61706286555, 4087285177, -9291620103]","[11.52, 7.33, 13.04, 1.54, -3.79]","[23489544984, 7191515311, 83047539623, 4431378474, 6467833128]","[-14922120614, -25336396905, -32236028136, -10469315220, -22432439401]","[-5971097066, 7758140156, -1006895789, -11723049552, -11283385404]","[8567424370, -18144881594, 50811511487, -6037936746, -15964606273]"
134580,탑코미디어,KOSDAQ,170064814050,190.5,2305249239.45,11.83,1.55,2.7,4.72,8,2026-08-14,"[-13.83, -15.97, 7.55, 11.83]","[-28.34, -12.25, -3.85, 1.55]","[-31.87, -14.55, -7.16, 2.7]","[4.17, 2.17, 2.68, 4.72]",[174.63],"[2021, 2022, 2023, 2024, 2025]","[22256958341, 11703036733, 19178342271, 23340259807, 48604543452]","[-3893845588, -2055241611, -2827183426, -3341904678, -91352262]","[-17.49, -17.56, -14.74, -14.32, -0.19]","[-3728130470, 5763883260, -5329975149, -2054037179, 8251655493]","[750000, -20862054532, 1589928623, 2989755241, -6872680144]","[33403024641, -1941009457, -610016414, -255448714, -3388500646]","[-3727380470, -15098171272, -3740046526, 935718062, 1378975349]"
489460,바이오비쥬,KOSDAQ,169810333370,27.99,1588478406.0,20.53,0.0,0.0,0.0,3,2026-08-12,"[31.14, 14.84, 20.53]","[19.02, 6.51, 0]","[23.23, 6.7, 0]","[3.05, 0]","[45.49, 17.72]","[2024, 2025]","[29633293971, 28490907891]","[8979342229, 4998849449]","[30.3, 17.55]","[558336911, -2770986581]","[8097681692, -18599805813]","[-2000910440, 24736591186]","[8656018603, -21370792394]"
475230,엔알비,KOSDAQ,117596789570,20.66,1077286714.0,8.46,2.7,6.14,1.22,5,2026-08-14,"[11.77, 7.56, 8.46]","[0.0, 0.0, 2.7]","[0.0, 0.0, 6.14]","[1.91, 1.22]",[19.8],"[2024, 2025]","[52801303324, 59481544678]","[984687630, -2164797375]","[1.86, -3.64]","[20053871832, 3007144561]","[-25712959575, -38615504860]","[-5084455505, 43214687563]","[-5659087743, -35608360299]"
339950,아이비김영,KOSDAQ,117535502825,5.57,401448292.0,15.7,13.41,26.95,1.94,5,2026-08-14,"[9.44, 15.4, 15.96, 15.7]","[8.31, 12.44, 16.65, 13.41]","[15.85, 23.17, 28.37, 26.95]","[2.03, 1.76, 1.25, 1.94]","[12.77, 7.58, 4.42, 7.21]","[2021, 2022, 2023, 2024, 2025]","[79442494615, 86509520445, 94698742467, 107068569330, 119488397139]","[7009316571, -26951653, 9243362187, 15630406448, 24970586695]","[8.82, -0.03, 9.76, 14.6, 20.9]","[21273028503, 14591876251, 21049544051, 29069400278, 32836012272]","[-16872582109, -8469583301, -14125075742, -16029982236, -14406274949]","[-3049345561, -8420617347, -7740359878, -7346340408, -14127017655]","[4400446394, 6122292950, 6924468309, 13039418042, 18429737323]"
158430,아톤,KOSDAQ,117391631140,32.43,849130640.75,16.15,3.07,4.92,1.02,5,2026-08-14,"[20.74, 22.07, 15.32, 16.15]","[7.03, 7.94, 1.5, 3.07]","[12.26, 12.27, 2.09, 4.92]","[1.29, 1.6, 1.48, 1.02]","[10.52, 13.05, 71.06, 20.66]","[2021, 2022, 2023, 2024, 2025]","[43281463183, 44743476684, 55030886112, 65423627200, 67603200088]","[3104363557, 16970603399, 13892861683, 12141475004, 2158282586]","[7.17, 37.93, 25.25, 18.56, 3.19]","[0, 0, 0, 0, 0]","[-34459305535, -11022149228, -1526369397, -6151480985, -3787826034]","[28729773827, 3981072055, 6776638782, -17452122126, 2741644663]","[-34459305535, -11022149228, -1526369397, -6151480985, -3787826034]"
333430,일승,KOSDAQ,116761638600,8.8,4266939615.5,29.83,15.76,21.93,1.15,7,2026-08-14,"[9.99, 13.35, 21.44, 29.83]","[7.34, 5.64, 10.6, 15.76]","[10.78, 8.5, 15.06, 21.93]","[1.21, 1.73, 2.03, 1.15]","[11.23, 20.36, 13.51, 5.26]","[2021, 2022, 2023, 2024, 2025]","[41895287923, 65037011303, 52971603874, 51793219831, 50673752132]","[-4609623663, 3569010803, 5896521927, 8147932635, 12775381564]","[-11.0, 5.49, 11.13, 15.73, 25.21]","[-668234877, -1692793390, 12479379627, 9736810668, 6728919161]","[-1409171831, -18076366566, 455589596, 3026226713, -10731208751]","[1004523003, 16140348628, -1136965971, 2450827760, 1974131585]","[-2077406708, -19769159956, 12934969223, 12763037381, -4002289590]"
041590,플래스크,KOSDAQ,116064014460,35.91,0.0,-7.09,6.9,7.73,2.78,7,2026-08-14,"[-100.89, -56.71, -10.9, -7.09]","[-59.39, -11.09, 0.64, 6.9]","[-123.03, -13.72, 0.73, 7.73]","[4.63, 2.84, 2.81, 2.78]","[386.35, 36.02]","[2021, 2022, 2023, 2024, 2025]","[24070561688, 37366932674, 22759609054, 14037248336, 18005218335]","[0, 0, 0, 0, 0]","[0.0, 0.0, 0.0, 0.0, 0.0]","[-523193893, -13716539742, -18770146008, -11015491185, -2152315403]","[-5718269295, -1410445755, 7009887741, 22667813200, -1538725242]","[1834431704, 40372450623, -19783642476, -2526876571, -2262041258]","[-6241463188, -15126985497, -11760258267, 11652322015, -3691040645]"
402490,그린리소스,KOSDAQ,115836884280,12.62,766257146.5,7.8,5.01,10.29,1.32,3,2026-08-14,"[19.81, 5.79, 5.91, 7.8]","[3.65, 2.15, 7.16, 5.01]","[5.09, 3.91, 14.62, 10.29]","[5.56, 2.51, 1.98, 1.32]","[109.19, 64.25, 13.57, 12.78]","[2022, 2023, 2024, 2025]","[25084703170, 16501343055, 18498939484, 102155379135]","[4077930988, 3406331577, 1606889352, 10592940780]","[16.26, 20.64, 8.69, 10.37]","[4136285514, 2147482035, -3135980598, -17941524218]","[-4061337387, -37145489199, -17156540678, -1133585066]","[-744120971, 34681430342, 21939957265, 18729175170]","[74948127, -34998007164, -20292521276, -19075109284]"
090850,현대이지웰,KOSDAQ,115086863360,7.14,530245135.0,13.59,6.46,14.57,1.01,5,2026-08-14,"[15.55, 15.45, 16.96, 13.59]","[-0.27, 5.29, 9.93, 6.46]","[-0.61, 12.25, 21.96, 14.57]","[1.54, 1.22, 1.07, 1.01]","[9.92, 4.88, 6.92]","[2021, 2022, 2023, 2024, 2025]","[96521903819, 112460358280, 117951671998, 131056281150, 142648866656]","[15786060470, 20316099510, 4918540280, 17263909034, 27548572641]","[16.35, 18.07, 4.17, 13.17, 19.31]","[18997592499, 24047618087, 11372537302, 30986090451, 24217985422]","[-43586687343, -19006184610, 991310934, 3348502995, -1736090510]","[-1620983976, -1821494275, -3241389757, -3073939964, -13342308185]","[-24589094844, 5041433477, 12363848236, 34334593446, 22481894912]"
037350,성도이엔지,KOSDAQ,114683400000,5.25,1026368698.5,6.39,3.25,7.3,0.38,6,2026-08-14,"[1.81, 2.73, 7.76, 6.39]","[0.72, 2.3, 4.68, 3.25]","[1.77, 6.31, 10.27, 7.3]","[0.24, 0.31, 0.34, 0.38]","[13.62, 4.91, 3.28, 5.25]","[2021, 2022, 2023, 2024, 2025]","[555617543445, 705803485232, 678599013645, 999611416620, 743406393090]","[26985631203, 1015507372, 9369306463, 21211164854, 41041196767]","[4.86, 0.14, 1.38, 2.12, 5.52]","[30432749072, 2080712438, 40907019915, 40613483602, 44358000913]","[-2499041675, 11846221376, -130150457619, 10488859691, -29449928224]","[-22976725251, -5217637374, 98841673170, -41284327776, 1067081763]","[27933707397, 13926933814, -89243437704, 51102343293, 14908072689]"
453450,그리드위즈,KOSDAQ,114613882500,95.17,596514013.0,-0.93,0.6,0.86,0.88,5,2026-08-14,"[-3.48, 0.65, -0.93]","[-1.65, 1.07, 0.6]","[-2.14, 1.52, 0.86]","[1.03, 0.83, 0.88]","[54.6, 101.52]","[2024, 2025]","[124674395185, 125608613271]","[-1865496555, 1783615676]","[-1.5, 1.42]","[2527194719, 5402772807]","[-2824645714, -42112846036]","[51725702250, 19613850403]","[-297450995, -36710073229]"
017510,세명전기,KOSDAQ,113430240000,9.01,2383379115.5,39.59,11.42,13.25,1.2,6,2026-08-12,"[11.42, 20.99, 45.82, 39.59]","[1.57, 5.3, 11.95, 11.42]","[1.74, 5.96, 14.16, 13.25]","[0.58, 0.89, 1.5, 1.2]","[33.07, 14.94, 10.57, 9.07]","[2021, 2022, 2023, 2024, 2025]","[15029594450, 13966161594, 11835001413, 14431484950, 32333208200]","[2659997368, 2242123147, 1421026669, 5614944965, 16088009521]","[17.7, 16.05, 12.01, 38.91, 49.76]","[7857438264, -3029216480, -5093115891, 15488244626, 12171972761]","[-4051268448, -5479400653, 1565803510, -6288000695, -14799803424]","[-1120859068, -1071166812, -1054220000, -1060220000, -1224680000]","[3806169816, -8508617133, -3527312381, 9200243931, -2627830663]"
259630,엠플러스,KOSDAQ,113423834880,4.41,733235232.0,13.11,10.8,22.12,0.97,6,2026-08-14,"[7.02, 7.84, 13.34, 13.11]","[6.25, 3.75, 8.55, 10.8]","[26.98, 12.98, 20.23, 22.12]","[1.88, 1.1, 1.4, 0.97]","[6.96, 8.46, 6.91, 4.38]","[2021, 2022, 2023, 2024, 2025]","[76481804767, 116611603644, 340051608007, 128744388506, 184211329846]","[-12044890071, -20980586546, 23677440108, 12619219915, 23482308766]","[-15.75, -17.99, 6.96, 9.8, 12.75]","[-13242476163, -36047578360, 110578614318, -20387135344, 62139032502]","[-2716292120, -11343552160, -21360459406, -22871720326, -9462968316]","[17569560222, 54503271429, -25220886979, 11349218351, -31286043232]","[-15958768283, -47391130520, 89218154912, -43258855670, 52676064186]"
330350,위더스제약,KOSDAQ,113121257600,13.03,2412606981.0,3.65,5.53,7.66,1.09,6,2026-08-14,"[9.87, 5.51, 5.32, 3.65]","[6.09, 3.55, 3.64, 5.53]","[8.82, 5.14, 5.07, 7.66]","[1.55, 1.09, 1.27, 1.09]","[17.59, 21.18, 24.98, 14.2]","[2021, 2022, 2023, 2024, 2025]","[57418806107, 64680375722, 80119449783, 102721786936, 106444236309]","[5239868087, 4158122683, 9140803384, 5139041902, 4514375088]","[9.13, 6.43, 11.41, 5.0, 4.24]","[8020940014, 5379612401, -1236787640, 9629543761, 6781020027]","[-14934521056, -7891721791, 3222993682, -3630456950, -1766198318]","[5253678581, -2306556596, -1824698918, 2721022432, -5518670820]","[-6913581042, -2512109390, 1986206042, 5999086811, 5014821709]"
101170,우림피티에스,KOSDAQ,111780000000,19.74,804970543.0,5.12,5.79,6.64,1.32,4,2026-08-14,"[4.31, -2.23, 2.08, 5.12]","[4.75, -8.41, 2.57, 5.79]","[5.63, -9.66, 2.89, 6.64]","[0.96, 0.8, 2.84, 1.32]","[17.07, 98.48, 19.87]","[2021, 2022, 2023, 2024, 2025]","[60544381004, 68321538257, 57344901360, 71766793137, 57112791211]","[4131462364, 6101419410, 3765254680, -8521378895, 2196798034]","[6.82, 8.93, 6.57, -11.87, 3.85]","[5384954160, 1822828563, 1878203393, 18275687569, 3387102105]","[5420396362, -9002030038, -8171371513, -3237061717, -9012226158]","[-492048310, -1321690200, -444595458, -2059335500, -851927460]","[10805350522, -7179201475, -6293168120, 15038625852, -5625124053]"
054920,한컴위드,KOSDAQ,111598555355,12.36,1078936769.5,0.42,3.21,5.48,0.69,4,2026-08-14,"[-0.6, 0.29, 0.79, 0.42]","[-0.26, -2.17, 3.76, 3.21]","[-0.38, -3.35, 6.28, 5.48]","[0.67, 0.66, 0.86, 0.69]","[13.66, 12.54]","[2021, 2022, 2023, 2024, 2025]","[35692585217, 28706102052, 410144584863, 448181149581, 771217330234]","[6226795079, 3464666577, -4892184044, -2263040219, 10162151447]","[17.45, 12.07, -1.19, -0.5, 1.32]","[-649071502, 4613328460, -4804226959, 1898546071, 6497984719]","[-5915867124, -9011523915, 5634392695, 1468023762, -34791215541]","[15528910811, -1924267736, -7655644151, 7221028211, 21347858734]","[-6564938626, -4398195455, 830165736, 3366569833, -28293230822]"
242040,나무에이엑스,KOSDAQ,111259138760,352.22,934165053.5,3.51,1.85,4.3,2.03,7,2026-08-13,"[-0.83, -2.44, 2.2, 3.51]","[-3.48, -5.67, -1.85, 1.85]","[-7.9, -13.75, -4.06, 4.3]","[1.72, 1.26, 1.01, 2.03]",[47.29],"[2021, 2022, 2023, 2024, 2025]","[94465709977, 106218514270, 90558433590, 91419341397, 102273238233]","[-293305556, 145063393, -3202042542, -5347096539, -284912498]","[-0.31, 0.14, -3.54, -5.85, -0.28]","[3751531808, -3476932375, 3524025323, -777646046, 10146677461]","[-3593208531, -14678393691, -3841142952, 3045551978, -5352154679]","[1021109458, 16853766950, 4925571913, -461935647, 344979995]","[158323277, -18155326066, -317117629, 2267905932, 4794522782]"
067900,와이엔텍,KOSDAQ,111017919900,3.69,158367282.5,18.72,5.56,8.06,0.3,6,2026-08-14,"[26.46, 26.62, 22.29, 18.72]","[6.62, 7.11, 6.08, 5.56]","[9.6, 10.33, 8.78, 8.06]","[0.53, 0.37, 0.35, 0.3]","[5.52, 3.58, 3.99, 3.71]","[2021, 2022, 2023, 2024, 2025]","[111788910608, 123802551618, 121396161273, 113759569571, 116995951433]","[31582106093, 30784577942, 30506614892, 39724119098, 32165708224]","[28.25, 24.87, 25.13, 34.92, 27.49]","[32447802670, 33858075232, 30288118725, 38266450888, 35334524723]","[-34371252041, -10528496186, -27775847399, -44796532774, -43554524079]","[-4659807650, -16208447765, 23354468891, 12615212603, 9760558527]","[-1923449371, 23329579046, 2512271326, -6530081886, -8219999356]"
115500,케이씨에스,KOSDAQ,111000000000,48.87,649272707.0,6.07,7.71,12.21,6.08,5,2026-08-14,"[6.61, 6.71, 8.3, 6.07]","[10.43, 8.37, 9.12, 7.71]","[14.25, 10.59, 12.84, 12.21]","[4.35, 9.28, 6.06, 6.08]","[30.51, 87.65, 47.2, 49.78]","[2021, 2022, 2023, 2024, 2025]","[39548973022, 41688296303, 47725941122, 29539354935, 24863482484]","[3526532888, 996998253, 3352148473, 2422480402, 2762564480]","[8.92, 2.39, 7.02, 8.2, 11.11]","[1422419524, 3295761722, 1238794203, 2355960139, 62790389]","[-8290485876, -257799204, 70484164, 828645529, -763129087]","[0, -2854265993, -3057383950, -3678045164, -2337001160]","[-6868066352, 3037962518, 1309278367, 3184605668, -700338698]"
297090,씨에스베어링,KOSDAQ,110988900000,7.96,316071394.25,9.3,8.05,12.24,0.99,5,2026-08-14,"[0.07, 2.0, 8.79, 9.3]","[-1.07, 1.69, 7.27, 8.05]","[-1.88, 2.67, 11.12, 12.24]","[3.55, 1.29, 1.65, 0.99]","[48.16, 14.85, 8.07]","[2021, 2022, 2023, 2024, 2025]","[95558016880, 49006656971, 76607854875, 105410424602, 126148072662]","[-221824172, -18598886165, -2331088065, 4885028074, 10018861806]","[-0.23, -37.95, -3.04, 4.63, 7.94]","[8304272738, -2132121886, -2534983660, 2023348092, 7589135337]","[-18541477827, -11683066376, -4440144963, 19784345203, -7424994909]","[4289451234, 36731082012, -1946380744, -31659132148, 2753292263]","[-10237205089, -13815188262, -6975128623, 21807693295, 164140428]"
047310,파워로직스,KOSDAQ,110747533875,13.21,342696707.5,2.06,2.29,4.04,0.51,9,2026-08-14,"[2.02, 0.33, -0.93, 2.06]","[4.19, 2.97, -3.37, 2.29]","[8.35, 5.67, -6.23, 4.04]","[1.25, 1.0, 0.77, 0.51]","[14.93, 17.6, 12.59]","[2021, 2022, 2023, 2024, 2025]","[908324009919, 743873288849, 773181124037, 733444024609, 686534652866]","[-8054232713, -50569106691, 18597973096, 15058519337, -17737858225]","[-0.89, -6.8, 2.41, 2.05, -2.58]","[17376239628, 23480217481, 40882016091, -5066475407, 16636241893]","[-27661701637, -19327975396, -18303098429, -16461748436, -19197964672]","[20195087766, -11906159150, 7088513531, 4917894268, -11565232131]","[-10285462009, 4152242085, 22578917662, -21528223843, -2561722779]"
311320,지오엘리먼트,KOSDAQ,110629691200,14.79,875735826.5,13.09,8.4,10.49,1.68,8,2026-08-11,"[4.27, 11.87, 8.11, 13.09]","[4.19, 4.42, 6.23, 8.4]","[4.42, 5.52, 7.72, 10.49]","[3.06, 1.67, 1.48, 1.68]","[69.34, 30.28, 19.21, 16.0]","[2021, 2022, 2023, 2024, 2025]","[21701626166, 28636133638, 17811078054, 44777284388, 54623538260]","[6405208512, 7964357721, 1911048148, 3950906603, 4798438109]","[29.51, 27.81, 10.73, 8.82, 8.78]","[4023693735, 2698212104, 2629754570, 6502531420, 7306477415]","[-18398151155, -3613100892, -3427045227, 860182054, -7601973238]","[15207784327, 241240688, -686263133, -1725307234, -763712970]","[-14374457420, -914888788, -797290657, 7362713474, -295495823]"
054050,NH농우바이오,KOSDAQ,110129954070,8.58,122063876.0,6.7,3.54,4.47,0.38,5,2026-08-14,"[6.58, 7.67, 8.59, 6.7]","[3.19, 3.18, 3.48, 3.54]","[4.0, 4.02, 4.41, 4.47]","[0.51, 0.42, 0.45, 0.38]","[12.85, 10.34, 10.3, 8.57]","[2021, 2022, 2023, 2024, 2025]","[132842717112, 133399761839, 135843611785, 144680224580, 158789058609]","[7581388614, 10811963696, 9980395450, 13465729168, 15066014120]","[5.71, 8.1, 7.35, 9.31, 9.49]","[3857292347, 9696125352, 16330972018, 18984098165, 14929777764]","[-3234309462, -3285566123, 4314434150, -7206581497, -1810996317]","[-6211242701, 2938380938, -10384459145, -7363227523, -3978095366]","[622982885, 6410559229, 20645406168, 11777516668, 13118781447]"
021080,에이티넘인베스트,KOSDAQ,109680000000,4.06,450342084.0,35.52,7.17,7.31,0.55,6,2026-08-14,"[18.25, 26.11, 45.32, 35.52]","[9.02, 5.0, 11.15, 7.17]","[11.33, 5.94, 12.27, 7.31]","[0.98, 0.57, 0.68, 0.55]","[8.63, 9.62, 5.53, 7.58]","[2021, 2022, 2023, 2024, 2025]","[117619456870, 100987678722, 135789250846, 51724939670, 70561999146]","[83073392644, 35460591077, 25017006366, 13834329447, 32175210239]","[70.63, 35.11, 18.42, 26.75, 45.6]","[33706834411, -4558718321, 3900875849, 12039587396, 39767670861]","[-3034227350, 136587504, -59069004, -3279991777, 173150000]","[-6696365197, -13788627606, -10693530953, -6581999922, -4247243670]","[30672607061, -4422130817, 3841806845, 8759595619, 39940820861]"
290720,푸드나무,KOSDAQ,109297667145,36.49,148281956.25,-21.45,-5.2,-15.78,4.46,1,2026-08-14,"[-9.33, -12.72, -9.39, -21.45]","[-17.27, -42.07, 2.35, -5.2]","[-86.62, -2109.13, 5.8, -15.78]","[13.86, 51.82, 2.3, 4.46]","[39.75, 0]","[2021, 2022, 2023, 2024, 2025]","[191195148974, 217202243524, 190692808996, 120654159040, 86805706183]","[865868582, -2906473457, -20529443078, -22008527612, 3279526469]","[0.45, -1.34, -10.77, -18.24, 3.78]","[-8699440289, -1257996037, -22432584974, -6926912008, -15214628637]","[12732883691, -23121738072, -9616134719, -5078216199, 15558689573]","[-2484599558, 28858475588, 33236059983, 23022492079, -16266387908]","[4033443402, -24379734109, -32048719693, -12005128207, 344060936]"
018120,진로발효,KOSDAQ,109248480000,11.04,20779118.0,12.0,9.3,11.17,1.19,4,2026-08-14,"[8.05, 11.37, 14.04, 12.0]","[7.14, 10.75, 12.25, 9.3]","[8.25, 11.85, 13.32, 11.17]","[1.35, 1.26, 1.27, 1.19]","[16.32, 10.66, 9.56, 10.62]","[2021, 2022, 2023, 2024, 2025]","[90344610305, 99586810696, 100068186172, 101456070092, 99783679254]","[12384781447, 4522450270, 8488267627, 12341036553, 15395568615]","[13.71, 4.54, 8.48, 12.16, 15.43]","[8788043714, -2175819726, -594128967, 20009959311, 17937159323]","[1606312124, 661063463, 1642143708, -9389601778, -12379336465]","[-9200662691, -1328044967, -5225571506, -8687547595, -7417217650]","[10394355838, -1514756263, 1048014741, 10620357533, 5557822858]"
141000,비아트론,KOSDAQ,109032390000,10.44,305578707.0,-1.0,4.83,5.47,0.59,3,2026-08-14,"[-6.01, 11.64, 14.1, -1.0]","[0.0, 6.56, 5.11, 4.83]","[0.0, 7.51, 5.78, 5.47]","[0.65, 0.49, 0.49, 0.59]","[6.47, 8.48, 10.74]","[2021, 2022, 2023, 2024, 2025]","[79868088602, 70975044017, 28014037151, 58034681708, 65118567077]","[16556390914, 18631265005, 371293159, 14909464448, 10647807308]","[20.73, 26.25, 1.33, 25.69, 16.35]","[20073107027, 3903578970, -178372392, 17400925730, 26976804251]","[-14110628556, -2860296212, -4542194839, -18800924484, -15764045759]","[-754259960, -5806543420, -3559052590, -932124180, -8510415538]","[5962478471, 1043282758, -4720567231, -1399998754, 11212758492]"
067990,도이치모터스,KOSDAQ,108993089250,48.51,416362582.25,1.59,0.23,1.03,0.3,8,2026-08-14,"[1.95, 1.15, 1.6, 1.59]","[0.72, -0.46, 0.1, 0.23]","[2.63, -1.89, 0.45, 1.03]","[0.34, 0.33, 0.34, 0.3]","[12.77, 75.07, 28.78]","[2021, 2022, 2023, 2024, 2025]","[1703307058226, 1957078960881, 2195954335686, 2168435353922, 2549096896332]","[46470631243, 50979412544, 15363439750, -9697757292, 5821679353]","[2.73, 2.6, 0.7, -0.45, 0.23]","[47598185316, 34591197162, -783758869, -81970482572, 181513816810]","[-57985115601, -58501056612, -91189104559, -100285615441, -21689077860]","[8590274710, 56462603526, 136526081642, 112270294340, -134398944638]","[-10386930285, -23909859450, -91972863428, -182256098013, 159824738950]"
120240,대정화금,KOSDAQ,108143480640,6.35,239965732.5,13.35,7.73,9.03,0.57,7,2026-08-14,"[11.79, 9.19, 10.35, 13.35]","[6.6, 4.79, 6.43, 7.73]","[7.78, 5.59, 7.38, 9.03]","[0.72, 0.53, 0.52, 0.57]","[9.26, 9.55, 7.04, 6.35]","[2021, 2022, 2023, 2024, 2025]","[88928805830, 96607882674, 93282650935, 92304424167, 108081231529]","[10348286775, 16787619640, 13551153172, 11862119862, 16567655843]","[11.64, 17.38, 14.53, 12.85, 15.33]","[9464957466, 12776932705, 14365716203, 13158374755, 9969053860]","[4316630321, -18295676332, -29018991396, 255811048, 5412129545]","[-10263705610, -2763682749, -2956276400, -3314935950, -5099740220]","[13781587787, -5518743627, -14653275193, 13414185803, 15381183405]"
039340,한국경제TV,KOSDAQ,108130000000,19.76,52657416.0,1.23,3.22,3.73,0.72,7,2026-08-14,"[5.67, 1.42, -3.13, 1.23]","[5.32, 4.92, 1.67, 3.22]","[6.12, 5.59, 1.89, 3.73]","[0.74, 0.92, 0.83, 0.72]","[12.12, 16.38, 43.79, 19.42]","[2021, 2022, 2023, 2024, 2025]","[119420811691, 88585591308, 82309037647, 79506478767, 75910005501]","[32653310346, 15305334459, 12329052731, 9216846820, 2872035153]","[27.34, 17.28, 14.98, 11.59, 3.78]","[22274581443, -279488390, 11110640122, 6679226526, 4629520514]","[-9260394522, -22530674412, 8826111771, 8821632252, 9999690927]","[-8051441249, 7235655724, -4835043159, -31849669674, -9767485219]","[13014186921, -22810162802, 19936751893, 15500858778, 14629211441]"
059210,메타바이오메드,KOSDAQ,107055493300,6.42,378051843.0,18.91,8.58,12.81,0.82,7,2026-08-14,"[12.93, 18.31, 20.81, 18.91]","[7.54, 12.59, 5.77, 8.58]","[13.51, 23.23, 8.63, 12.81]","[1.63, 1.05, 1.08, 0.82]","[12.07, 4.52, 12.54, 6.41]","[2021, 2022, 2023, 2024, 2025]","[58780469815, 68941504014, 83100721820, 94036051029, 102951318559]","[7583732380, 2910297849, 7804851067, 23296687949, 12593378802]","[12.9, 4.22, 9.39, 24.77, 12.23]","[11135732334, 9159305193, 10217290343, 22632847496, 19832876154]","[6324247709, -14578309012, -11701400116, -43363426109, -6568994363]","[-16107267866, 8733515922, -1022794732, 23410219216, -9764365848]","[17459980043, -5419003819, -1484109773, -20730578613, 13263881791]"
310200,애니플러스,KOSDAQ,106933813800,8.37,1178122643.25,13.02,4.62,8.26,0.81,6,2026-08-14,"[20.53, 19.19, 15.09, 13.02]","[5.21, 7.05, 5.18, 4.62]","[10.28, 14.56, 10.96, 8.26]","[1.7, 1.08, 1.37, 0.81]","[16.53, 7.41, 12.46, 9.79]","[2021, 2022, 2023, 2024, 2025]","[49036805412, 57816068967, 111346904329, 130975963475, 150299705151]","[25881083185, 6456912868, 11942262805, 21368672641, 16253788235]","[52.78, 11.17, 10.73, 16.31, 10.81]","[16198929982, 21205872687, 33735883028, 44565683980, 85644590005]","[-13733781409, -52223726328, -61391324495, -37112795119, -65533557501]","[34950403577, 10615188317, 30818060026, 16507444830, -2847902407]","[2465148573, -31017853641, -27655441467, 7452888861, 20111032504]"
053700,삼보모터스,KOSDAQ,106863028000,10.64,1673293988.75,2.19,0.63,1.96,0.23,5,2026-08-14,"[3.59, 3.46, 3.66, 2.19]","[2.87, 3.62, 1.51, 0.63]","[9.35, 11.49, 4.83, 1.96]","[0.49, 0.29, 0.4, 0.23]","[5.25, 2.54, 8.37, 11.65]","[2021, 2022, 2023, 2024, 2025]","[1029815041427, 1199512963508, 1440557265080, 1570625502210, 1684582152379]","[18264567402, 25249649190, 36467087752, 48752682726, 28794816164]","[1.77, 2.1, 2.53, 3.1, 1.71]","[50173922709, 71691036174, 138011803209, 90048721645, 88379174706]","[-52979860896, -88162672145, -150578228108, -153609310244, -80670261820]","[-3754097419, -12767334572, 89417865243, 66835604700, 15522552166]","[-2805938187, -16471635971, -12566424899, -63560588599, 7708912886]"
474610,RF시스템즈,KOSDAQ,106240171400,16.32,688370464.5,11.64,7.13,11.21,1.89,6,2026-08-14,"[5.16, 10.63, 11.64]","[-5.96, 6.24, 7.13]","[-9.78, 10.44, 11.21]","[1.32, 1.37, 1.89]","[13.16, 16.86]","[2024, 2025]","[32672118780, 38174363248]","[-4244802239, 5059258137]","[-12.99, 13.25]","[1211618909, 4105146424]","[19803923422, -19924712312]","[2036140300, 3657835967]","[21015542331, -15819565888]"
051360,토비스,KOSDAQ,106154764680,3.27,720343978.5,8.57,9.21,16.84,0.32,7,2026-08-14,"[5.73, 9.36, 8.93, 8.57]","[2.64, 11.61, 8.02, 9.21]","[6.07, 23.17, 14.65, 16.84]","[0.45, 0.44, 0.3, 0.32]","[7.49, 1.92, 2.06, 1.92]","[2021, 2022, 2023, 2024, 2025]","[263392928228, 328219116598, 447392253958, 623780683541, 640328783001]","[4552488873, -2325945640, 15687209146, 75293862806, 53220564042]","[1.73, -0.71, 3.51, 12.07, 8.31]","[-5813321876, -5412141278, 34869918251, 60990295824, 53458195938]","[-45846074164, -65614748456, -44161346168, 11152105121, -21194143025]","[52272446960, 54706657339, 15567112900, -54514494660, -15178077532]","[-51659396040, -71026889734, -9291427917, 72142400945, 32264052913]"
336680,탑런토탈솔루션,KOSDAQ,106084462180,45.17,40735426.5,0.54,0.12,0.36,0.5,2,2026-08-13,"[5.01, 1.62, 0.54]","[4.4, 1.09, 0.12]","[10.8, 3.13, 0.36]","[1.05, 0.82, 0.5]","[9.69, 26.08, 137.88]","[2024, 2025]","[519654712241, 550111118017]","[21365187118, 6159308221]","[4.11, 1.12]","[34779203995, -9106013178]","[-13651864745, -78801970743]","[38636579373, 53801975259]","[21127339250, -87907983921]"
073560,우리손에프앤지,KOSDAQ,105725880861,3.86,172997985.0,11.91,4.7,7.61,0.3,9,2026-08-14,"[1.66, 9.41, 11.39, 11.91]","[0.35, 2.73, 4.17, 4.7]","[0.66, 4.72, 6.81, 7.61]","[0.41, 0.26, 0.3, 0.3]","[62.19, 5.58, 4.45, 3.96]","[2021, 2022, 2023, 2024, 2025]","[253842256647, 286864964322, 279274037619, 292662888938, 287050419297]","[39168724366, 31864317418, 1617916707, 18580994913, 28296030338]","[15.43, 11.11, 0.58, 6.35, 9.86]","[50728791196, 36011746876, 21852682979, 37502414190, 51139156998]","[-33051485393, -77187665806, -12758494896, -26710503718, 33520959802]","[-15966146804, 14372913491, 11928215468, -3132154081, -23011905744]","[17677305803, -41175918930, 9094188083, 10791910472, 84660116800]"
100700,세운메디칼,KOSDAQ,105558000000,7.63,835553774.75,21.54,8.59,9.06,0.66,8,2026-08-14,"[24.79, 18.91, 19.95, 21.54]","[10.55, 8.02, 7.44, 8.59]","[11.24, 8.44, 7.9, 9.06]","[0.91, 0.72, 0.69, 0.66]","[8.06, 8.55, 8.71, 7.28]","[2021, 2022, 2023, 2024, 2025]","[62579463507, 60116115365, 68246934042, 60150954758, 63656938818]","[16626270066, 13628699124, 19298233620, 15621345544, 14901886735]","[26.57, 22.67, 28.28, 25.97, 23.41]","[21468763634, 9278514562, 23076350658, 13185647055, 17773229960]","[-9176778779, -19821230738, 23642311219, -349149220, -1324421086]","[-2440045176, -2462477940, -2893333588, -3285000914, -5837552298]","[12291984855, -10542716176, 46718661877, 12836497835, 16448808874]"
042510,라온시큐어,KOSDAQ,105283249440,22.44,1803216803.5,6.39,6.26,8.47,2.01,8,2026-08-14,"[-3.19, 3.15, 4.36, 6.39]","[8.0, 5.75, 4.77, 6.26]","[13.18, 8.14, 6.57, 8.47]","[3.17, 2.41, 1.99, 2.01]","[24.04, 29.57, 30.24, 23.69]","[2021, 2022, 2023, 2024, 2025]","[43349961509, 46823337387, 51841445278, 62492539475, 63751052492]","[-4975621342, 7182204356, 5042957799, 2122042592, 1178476413]","[-11.48, 15.34, 9.73, 3.4, 1.85]","[3865098063, 7672453196, 7996141519, 473975401, 6719210859]","[-4830588980, -23301934859, 6863114441, 12249138423, -4507662866]","[19774045831, -1570221535, -27380604318, -1567494907, -2118814534]","[-965490917, -15629481663, 14859255960, 12723113824, 2211547993]"
396470,워트,KOSDAQ,103974000000,20.35,4153594228.5,22.13,7.09,7.51,1.53,6,2026-08-07,"[11.45, 13.37, 16.31, 22.13]","[3.55, 5.2, 5.25, 7.09]","[3.64, 5.36, 5.4, 7.51]","[2.47, 1.92, 1.8, 1.53]","[67.78, 35.9, 33.26, 20.4]","[2022, 2023, 2024, 2025]","[22835113396, 12845576073, 15184230309, 15220856646]","[7120728046, 2485526516, 4053342515, 4140336755]","[31.18, 19.35, 26.69, 27.2]","[1116759716, 1963822374, 5862528416, 1929649779]","[-3083533038, -30280084200, -3054743841, -4021788216]","[0, 25882875355, -806000000, -814688100]","[-1966773322, -28316261826, 2807784575, -2092138437]"
131030,옵투스제약,KOSDAQ,102350222000,7.14,234984307.0,10.7,6.95,7.63,0.57,8,2026-08-14,"[11.3, 10.49, 10.18, 10.7]","[7.2, 6.19, 5.94, 6.95]","[8.0, 7.17, 6.88, 7.63]","[0.71, 0.76, 0.74, 0.57]","[8.83, 10.57, 10.82, 7.44]","[2021, 2022, 2023, 2024, 2025]","[57316372205, 58657537976, 72426447150, 81904833952, 87161378628]","[10479392335, 6828438724, 12970087526, 12084025844, 11051949534]","[18.28, 11.64, 17.91, 14.75, 12.68]","[7071397224, 2045369954, 12438305273, 8904675740, 16225200857]","[-15223384819, -16266008401, -2929047427, 2290085157, -31790420007]","[-1715363915, -7926728574, -2104984983, -2138828900, 9330744036]","[-8151987595, -14220638447, 9509257846, 11194760897, -15565219150]"
042500,링네트,KOSDAQ,102316350960,10.18,494244137.5,6.73,5.12,7.86,0.82,5,2026-08-14,"[7.51, 8.35, 7.82, 6.73]","[8.42, 8.7, 6.48, 5.12]","[13.31, 12.03, 9.16, 7.86]","[0.71, 0.87, 0.73, 0.82]","[5.32, 7.23, 7.98, 10.48]","[2021, 2022, 2023, 2024, 2025]","[214783844830, 204003748249, 217699382445, 163904772518, 183074373611]","[10719484026, 13400002918, 16068391805, 16493705941, 13770275697]","[4.99, 6.57, 7.38, 10.06, 7.52]","[-23904112841, -22487558599, 50640490493, 7181646580, -9339572217]","[-899810464, 13878488873, -27060477365, -5125049512, -4198712414]","[-6488468831, 9323505390, -13407339153, -942063350, 9362546872]","[-24803923305, -8609069726, 23580013128, 2056597068, -13538284631]"
309960,LB인베스트먼트,KOSDAQ,102155851600,7.9,225837802.0,32.18,10.11,10.99,0.81,7,2026-08-14,"[30.68, 35.87, 36.59, 32.18]","[5.06, 6.62, 9.16, 10.11]","[5.56, 7.21, 9.79, 10.99]","[0.94, 0.62, 1.01, 0.81]","[16.85, 8.63, 10.32, 7.33]","[2022, 2023, 2024, 2025]","[18525357387, 27582188617, 30257378187, 26415002944]","[4768931132, 8219900115, 11022471756, 9816491453]","[25.74, 29.8, 36.43, 37.16]","[-6314184602, 1615754302, -2559951360, 5644050251]","[256549288, -690158496, -148931039, -178644319]","[-542253933, 14115020798, -5049355916, -5077530533]","[-6057635314, 925595806, -2708882399, 5465405932]"
074430,아미노로직스,KOSDAQ,102066492876,31.69,180676431.55,20.95,3.52,5.41,1.75,5,2026-08-14,"[7.0, -12.82, 16.32, 20.95]","[4.22, -2.85, 4.18, 3.52]","[4.48, -3.13, 6.29, 5.41]","[2.21, 1.55, 1.91, 1.75]","[49.35, 30.33, 32.31]","[2021, 2022, 2023, 2024, 2025]","[22848959782, 27336928096, 20886622718, 16790273164, 22020233503]","[3703877053, -6280805138, 2290849586, -1104579948, 3515015793]","[16.21, -22.98, 10.97, -6.58, 15.96]","[935518964, 5226146535, -218151894, 7466025601, 2540503584]","[-632381824, -834982363, -155796000, -465691000, -14807216561]","[-164113503, -191393835, -223923393, -227131489, 19704846867]","[303137140, 4391164172, -373947894, 7000334601, -12266712977]"
071280,로체시스템즈,KOSDAQ,102028342010,7.38,1294921760.0,11.18,7.56,9.34,0.69,6,2026-08-14,"[11.33, 12.35, 11.55, 11.18]","[6.48, 7.69, 7.55, 7.56]","[7.94, 9.91, 8.9, 9.34]","[0.86, 2.22, 0.98, 0.69]","[10.8, 22.44, 11.07, 7.41]","[2021, 2022, 2023, 2024, 2025]","[110200154977, 144576199490, 105268915966, 160076968925, 124870173744]","[11811623457, 25890744528, 11678001555, 15684104682, 15417569507]","[10.72, 17.91, 11.09, 9.8, 12.35]","[14976396743, 4965755771, 16832602407, 5294241288, 22999247354]","[19205277843, -6219398091, -5178684670, -12695402649, -4100145456]","[-18440900000, -2525321380, -2965053450, -2991899041, 2071272658]","[34181674586, -1253642320, 11653917737, -7401161361, 18899101898]"
362320,청담글로벌,KOSDAQ,101809151640,17.88,1234779665.5,0.89,2.71,4.94,0.78,3,2026-08-14,"[2.41, 2.93, 2.47, 0.89]","[-1.7, 1.74, 1.48, 2.71]","[-2.96, 3.78, 2.63, 4.94]","[2.41, 1.29, 1.08, 0.78]","[34.14, 41.11, 15.87]","[2022, 2023, 2024, 2025]","[216298480050, 237778587521, 234266029253, 217385486725]","[6244222277, -213011088, 5155679258, 4417405993]","[2.89, -0.09, 2.2, 2.03]","[1619185128, -10903426411, -8604490801, -21811989227]","[-23312012086, -13352093170, -7702869279, -13526684819]","[36888724906, 18965815095, 20107545874, 44562871508]","[-21692826958, -24255519581, -16307360080, -35338674046]"
053260,금강철강,KOSDAQ,101088000000,15.68,5581645525.0,0.92,4.02,4.95,0.79,5,2026-08-14,"[2.35, 1.89, 0.85, 0.92]","[2.98, 4.18, -0.12, 4.02]","[3.58, 5.33, -0.14, 4.95]","[0.8, 0.58, 0.59, 0.79]","[22.38, 10.81, 16.04]","[2021, 2022, 2023, 2024, 2025]","[236219889560, 244220990730, 225362561244, 201084686267, 177224131863]","[12879152386, 7825651752, 5905348963, 9066785735, -766016766]","[5.45, 3.2, 2.62, 4.51, -0.43]","[13629517814, 4301880767, -10659376284, 8152953888, 5495784469]","[7169963105, -7685171111, 1588214292, 4110475440, 1104157350]","[-1689999361, -1111143314, -1236458745, -5300710906, -2362065994]","[20799480919, -3383290344, -9071161992, 12263429328, 6599941819]"
307930,컴퍼니케이,KOSDAQ,100216200000,9.77,503873073.5,31.35,5.54,5.91,1.24,5,2026-08-13,"[-31.25, 21.64, 45.23, 31.35]","[-7.38, 2.7, 8.28, 5.54]","[-7.94, 2.8, 8.83, 5.91]","[1.47, 1.03, 1.24, 1.24]","[36.9, 14.04, 21.04]","[2022, 2023, 2024, 2025]","[15843840992, 15858969653, 15072826895, 21602359333]","[6121458404, -5175808312, 3221011867, 9717415426]","[38.64, -32.64, 21.37, 44.98]","[-2300882037, 8092137384, 3598872307, 4480183686]","[-39344648, -27566150, -359288537, -548842845]","[-2822629886, -3649302121, -2423099074, -503949019]","[-2340226685, 8064571234, 3239583770, 3931340841]"
006620,동구바이오제약,KOSDAQ,99912121920,3.09,478168323.5,3.83,15.75,35.19,0.7,5,2026-08-12,"[6.78, 5.09, 3.81, 3.83]","[6.18, 0.82, 14.92, 15.75]","[10.69, 1.89, 32.97, 35.19]","[1.43, 1.27, 1.0, 0.7]","[13.38, 67.29, 3.04, 1.99]","[2021, 2022, 2023, 2024, 2025]","[155149210803, 194987764745, 215686305355, 249274859206, 242687805574]","[11333430758, 7915549507, 14740701136, 3818614798, 61412669522]","[7.3, 4.06, 6.83, 1.53, 25.31]","[17902737946, 16818885157, 3585358632, 17344024941, -4287240588]","[463934984, -27013662015, -5133421331, -45033356693, -38926881616]","[-3688195408, 3185249730, 4751781859, 37194197024, 39511586015]","[18366672930, -10194776858, -1548062699, -27689331752, -43214122204]"
086710,선진뷰티사이언스,KOSDAQ,99822830400,19.58,190468596.5,4.2,3.45,6.83,1.1,5,2026-08-27,"[12.45, 13.41, 7.5, 4.2]","[5.3, 6.77, 4.21, 3.45]","[9.16, 12.6, 8.22, 6.83]","[1.4, 1.36, 1.31, 1.1]","[15.34, 10.81, 15.93, 16.09]","[2021, 2022, 2023, 2024, 2025]","[48702984011, 64332226652, 72622359560, 79372060433, 80766128193]","[862114891, 24680948297, 7174158560, 11124158907, 6081809367]","[1.77, 38.36, 9.88, 14.02, 7.53]","[4962673635, 10748035922, 2197971453, 11149478978, 10462788177]","[-18589159244, -13064253815, 7263526566, -24480153952, -18956673555]","[15471808885, -721400092, -10467493366, 14307321285, 9931594499]","[-13626485609, -2316217893, 9461498019, -13330674974, -8493885378]"
005860,한일사료,KOSDAQ,98903249350,17.91,1115608205.75,1.14,2.45,3.32,0.61,3,2026-08-13,"[0.45, 0.86, 1.29, 1.14]","[47.73, 1.91, 2.98, 2.45]","[73.52, 2.49, 3.79, 3.32]","[1.11, 0.89, 0.74, 0.61]","[1.51, 35.76, 19.52, 18.23]","[2021, 2022, 2023, 2024, 2025]","[355783598582, 408316564865, 396938179132, 430978104202, 454852166662]","[10405590967, -18129835255, 150499232842, 3489984782, 7525252782]","[2.92, -4.44, 37.92, 0.81, 1.65]","[-11911263953, -19835633300, 6874219158, 12042575408, 15738418978]","[616674154, -6141235046, 50122381196, 24270657743, 150245056]","[11792948655, 33583842079, -51264640204, -34217466872, -7688079157]","[-11294589799, -25976868346, 56996600354, 36313233151, 15888664034]"
352090,스톰테크,KOSDAQ,98758267650,9.01,136189933.0,17.99,8.36,12.14,1.09,8,2026-08-14,"[21.13, 18.57, 17.13, 17.99]","[10.1, 11.51, 7.68, 8.36]","[11.93, 16.01, 10.88, 12.14]","[1.61, 0.93, 1.04, 1.09]","[13.47, 5.79, 9.58, 9.01]","[2022, 2023, 2024, 2025]","[51030670723, 55161763218, 66914685956, 69679394350]","[12048438257, 12025157280, 17228769881, 12961037595]","[23.61, 21.8, 25.75, 18.6]","[10576491641, 9524773378, 14208917196, 13746850512]","[-11975748720, -43857408575, -449789240, -25503486849]","[-15938527, 36502157133, -6525629972, 1413351750]","[-1399257079, -34332635197, 13759127956, -11756636337]"
083500,에프엔에스테크,KOSDAQ,98347503680,10.72,921853698.5,20.6,8.37,11.56,1.04,8,2026-08-12,"[5.87, 9.95, 14.05, 20.6]","[1.33, 11.3, 7.52, 8.37]","[2.21, 18.8, 10.47, 11.56]","[1.47, 0.87, 1.39, 1.04]","[66.41, 4.64, 13.33, 9.02]","[2021, 2022, 2023, 2024, 2025]","[66085795000, 67642003556, 38883827391, 88482201894, 73657803682]","[1372700709, 5611222773, 1721818987, 14812555093, 10683219284]","[2.08, 8.3, 4.43, 16.74, 14.5]","[-9357607571, 14628693774, 12085195432, 10197881483, 7151438390]","[-18517573629, -3417310467, -2552763222, -227405946, -12625916855]","[8869786297, -3680206258, -6051884483, 2722637586, -3894930314]","[-27875181200, 11211383307, 9532432210, 9970475537, -5474478465]"
002230,피에스텍,KOSDAQ,98184303100,4.98,330272483.0,4.55,10.07,13.7,0.66,5,2026-08-14,"[1.22, 4.26, 5.44, 4.55]","[2.53, 3.29, 5.22, 10.07]","[3.0, 4.38, 6.69, 13.7]","[0.57, 0.57, 1.34, 0.66]","[18.9, 12.94, 20.05, 4.84]","[2021, 2022, 2023, 2024, 2025]","[57639776340, 70976492938, 69629912611, 80585330844, 97159784624]","[7617578360, -6370650584, 4379694344, 6107729811, 11240058645]","[13.22, -8.98, 6.29, 7.58, 11.57]","[5252372631, -9169290708, 4841375581, -1616873832, 19125728191]","[-3471464948, -14279750156, 12668480210, 8422970147, -17922753090]","[-1145056754, -4339169963, -6899518018, 8134378366, -8556225793]","[1780907683, -23449040864, 17509855791, 6806096315, 1202975101]"
052420,오성첨단소재,KOSDAQ,96640729280,0.57,374983365.0,16.71,32.17,39.53,0.22,5,2026-08-14,"[12.13, 15.18, 18.18, 16.71]","[4.15, 4.02, 9.46, 32.17]","[5.28, 4.92, 11.48, 39.53]","[0.6, 0.53, 0.47, 0.22]","[11.38, 10.7, 4.07, 0.55]","[2021, 2022, 2023, 2024, 2025]","[92123812220, 117107874693, 104942717935, 146409322250, 165707403024]","[-12417638480, 914492032, 12038687099, 12922518584, 27512923392]","[-13.48, 0.78, 11.47, 8.83, 16.6]","[2571864788, 31759135128, 22904369015, 34205223001, 28044556267]","[-50118120033, -5173036513, -13502313187, -10623604370, -11132686678]","[56145826700, -25594027481, -2737635535, -13928609917, 20479890229]","[-47546255245, 26586098615, 9402055828, 23581618631, 16911869589]"
088130,동아엘텍,KOSDAQ,95819520720,4.35,429619356.5,18.31,4.13,9.67,0.33,5,2026-08-14,"[1.36, 8.26, 19.44, 18.31]","[-3.72, -9.93, 19.16, 4.13]","[-5.76, -29.47, 39.81, 9.67]","[0.3, 0.42, 0.28, 0.33]","[0.69, 3.41]","[2021, 2022, 2023, 2024, 2025]","[173681310801, 213773717730, 165117482966, 178436625705, 582437006389]","[1767074499, 781464403, -10967283727, -51538094469, 107580723805]","[1.02, 0.37, -6.64, -28.88, 18.47]","[-12085163472, 103683288, -23311271699, -20455245517, 93866495205]","[19874527972, 6331237014, -5021406709, -18360474592, -26150450181]","[-1655528908, 35695331242, -6446754713, 73950770499, 22180443184]","[7789364500, 6434920302, -28332678408, -38815720109, 67716045024]"
205100,엑셈,KOSDAQ,95230517340,3.55,561206949.85,13.16,19.76,21.85,0.71,7,2026-08-14,"[9.12, 13.33, 7.65, 13.16]","[7.85, 7.31, 5.46, 19.76]","[8.78, 8.17, 6.16, 21.85]","[1.24, 1.01, 0.97, 0.71]","[14.17, 12.38, 15.77, 3.23]","[2021, 2022, 2023, 2024, 2025]","[47330196572, 55133275799, 53889135871, 49411956418, 47763052042]","[13457155214, 9948618647, 11092176163, 7951128244, 5569011663]","[28.43, 18.04, 20.58, 16.09, 11.66]","[17079059677, 8942401008, 7953781277, 18362365999, 10661662905]","[-13278433690, -19319716343, -10100221864, -11057156593, 16815560969]","[-1162533105, -2046555558, -2599675242, -350480379, 3108896521]","[3800625987, -10377315335, -2146440587, 7305209406, 27477223874]"
036010,아비코전자,KOSDAQ,95177407440,7.63,934628308.0,7.43,7.54,9.86,0.76,7,2026-08-14,"[-3.77, -4.03, 6.21, 7.43]","[-1.64, -4.08, 6.22, 7.54]","[-2.09, -5.43, 8.16, 9.86]","[1.76, 0.57, 0.82, 0.76]","[10.05, 7.75]","[2021, 2022, 2023, 2024, 2025]","[147677122947, 164696756994, 125029847788, 120929975441, 133852502966]","[5843314962, 11375577017, -4344718856, -5749527105, 10732760188]","[3.96, 6.91, -3.47, -4.75, 8.02]","[11705905820, 10610462708, 3202831570, 8606065843, 11859840908]","[-17616893022, -21416537542, -7836106693, -2133556930, -10787660747]","[-1041956380, -930505380, 8069494620, 1329528269, -874577471]","[-5910987202, -10806074834, -4633275123, 6472508913, 1072180161]"
348350,위드텍,KOSDAQ,94999392000,6.92,254324972.0,10.06,8.58,10.92,0.73,6,2026-08-14,"[4.89, 2.21, 8.87, 10.06]","[4.65, 5.06, 4.16, 8.58]","[5.5, 5.89, 5.09, 10.92]","[0.87, 0.56, 0.66, 0.73]","[15.85, 9.52, 12.87, 6.67]","[2021, 2022, 2023, 2024, 2025]","[68307379198, 72605947195, 49561291840, 43615814810, 57807030055]","[11810919773, 13902139911, 6397705608, 7462178636, 6969509414]","[17.29, 19.15, 12.91, 17.11, 12.06]","[9190199509, 22869510851, -2304687744, 2527864120, 10453644940]","[-2047504388, -25570438492, -7441345363, -3405589799, -1956141742]","[-299155295, -2392932298, -213445063, -3094587912, 365318783]","[7142695121, -2700927641, -9746033107, -877725679, 8497503198]"
017650,대림제지,KOSDAQ,94878000000,15.86,205261003.0,2.38,1.8,2.09,0.33,7,2026-08-14,"[13.28, 5.92, 3.13, 2.38]","[6.01, 4.17, 1.95, 1.8]","[7.15, 4.83, 2.26, 2.09]","[0.27, 0.21, 0.25, 0.33]","[3.79, 4.38, 11.11, 15.69]","[2021, 2022, 2023, 2024, 2025]","[181256328710, 187353234547, 164383300566, 166263916267, 168837382045]","[27085492679, 30830255717, 24392566057, 13739000506, 7585155923]","[14.94, 16.46, 14.84, 8.26, 4.49]","[24840488664, 31408702743, 29501236154, 16949379369, 23179380929]","[-5954609317, -23134292209, -25260400003, -19087975269, -21105912717]","[-5157745308, -10512251712, -7409420775, -3789644679, -116470246]","[18885879347, 8274410534, 4240836151, -2138595900, 2073468212]"
255440,야스,KOSDAQ,94801080000,2.6,3440412776.5,24.65,13.81,22.24,0.57,6,2026-08-14,"[-12.95, -33.74, -18.6, 24.65]","[-1.99, -6.02, -3.21, 13.81]","[-2.61, -7.67, -4.13, 22.24]","[0.88, 0.71, 1.01, 0.57]",[2.54],"[2021, 2022, 2023, 2024, 2025]","[49692710775, 54812295302, 41987801728, 28632024490, 34763681766]","[2173642123, -1708553112, -5543611978, -9269482191, -5302628333]","[4.37, -3.12, -13.2, -32.37, -15.25]","[24507561523, -3772094538, -11638361041, -8590619980, -12094293947]","[-6974289017, -8945639259, 1205065634, 26479678855, 6718234457]","[-1744700347, 374649161, -359816196, -5030884893, 10703911144]","[17533272506, -12717733797, -10433295407, 17889058875, -5376059490]"
013310,아진산업,KOSDAQ,94494027170,7.44,379465105.75,3.52,0.75,3.39,0.25,5,2026-08-14,"[10.97, 4.15, 6.38, 3.52]","[5.06, 1.44, 1.51, 0.75]","[17.48, 5.61, 6.68, 3.39]","[0.55, 0.28, 0.32, 0.25]","[3.17, 5.04, 4.82, 7.46]","[2021, 2022, 2023, 2024, 2025]","[479331850463, 597770521543, 764289803909, 776834397585, 1008867839227]","[177099032, 33486911594, 64231266073, 30011242998, 37122738924]","[0.04, 5.6, 8.4, 3.86, 3.68]","[80625916449, 91983689087, 151217308604, 60578305392, -8726553172]","[-66788733262, -44300830195, -207150718147, -239467151160, -142584150097]","[-30638201975, -10824535979, 204723236925, 85172569771, 200597033265]","[13837183187, 47682858892, -55933409543, -178888845768, -151310703269]"
217820,원익피앤이,KOSDAQ,94482026969,103.5,438671127.05,-5.39,-2.87,-10.32,0.98,5,2026-08-14,"[0.94, -16.54, 0.36, -5.39]","[-0.7, -13.27, 0.29, -2.87]","[-2.6, -80.13, 0.89, -10.32]","[2.0, 1.28, 1.62, 0.98]","[181.58, 0]","[2021, 2022, 2023, 2024, 2025]","[46214637706, 288843655010, 306840170909, 294707929332, 390690915662]","[9879625611, 0, 0, 0, 0]","[21.38, 0.0, 0.0, 0.0, 0.0]","[10860469675, -26315149126, -4213651411, -42420489866, 61370436365]","[4265026400, -7676473044, -6357785837, -9543754962, 25384371081]","[2591678993, 1077431733, 2048336172, 47202204066, -80942414762]","[15125496075, -33991622170, -10571437248, -51964244828, 86754807446]"
052460,아이크래프트,KOSDAQ,94221187200,18.95,4654114318.0,3.92,6.99,13.23,2.25,6,2026-08-14,"[3.71, 1.59, 3.88, 3.92]","[6.09, -1.3, 10.59, 6.99]","[12.12, -2.34, 21.69, 13.23]","[1.33, 0.74, 0.76, 2.25]","[10.97, 3.49, 16.99]","[2021, 2022, 2023, 2024, 2025]","[105292847244, 112898330825, 138664496786, 100488003614, 206499542172]","[2945999822, 463196912, 5884031319, -787515362, 13083520651]","[2.8, 0.41, 4.24, -0.78, 6.34]","[-2483121714, -7279154208, 8669275806, -674550357, 6652652001]","[-1181029228, 1243530350, -607507093, -611844086, 2250979537]","[1580945936, 1278770389, -173100094, -6544749350, -917687797]","[-3664150942, -6035623858, 8061768713, -1286394443, 8903631538]"
125210,아모그린텍,KOSDAQ,94196670900,17.93,540747776.5,5.63,2.55,6.29,1.11,5,2026-08-14,"[8.32, 3.48, 7.18, 5.63]","[7.55, 1.21, 3.11, 2.55]","[18.93, 3.0, 7.27, 6.29]","[2.87, 1.35, 1.22, 1.11]","[15.17, 45.04, 16.75, 17.69]","[2021, 2022, 2023, 2024, 2025]","[122067716364, 142128437632, 147600020643, 128565520649, 130600692643]","[1563914575, 7754030977, 9960803340, 3295937773, 6592341877]","[1.28, 5.46, 6.75, 2.56, 5.05]","[536904833, 12856034291, 8440112088, 8628997129, 21736629923]","[-11343066792, -31739033498, -12892791546, -7464625503, -14790423082]","[5133132097, 15068587352, 8903267032, 2943943339, 3061837704]","[-10806161959, -18882999207, -4452679458, 1164371626, 6946206841]"
452190,한빛레이저,KOSDAQ,92811761160,26.44,1083614888.5,11.25,8.17,11.11,2.93,7,2026-08-13,"[2.85, -13.83, 8.09, 11.25]","[-13.99, -6.11, 5.84, 8.17]","[-23.71, -7.5, 7.96, 11.11]","[2.61, 3.65, 2.93]","[45.83, 26.37]","[2022, 2023, 2024, 2025]","[20585914682, 22675958450, 18542373276, 24246148416]","[1701757723, -4998240761, -2291258120, 2397090872]","[8.27, -22.04, -12.36, 9.89]","[-1848053003, 1803216796, 3885397855, 303415779]","[-3840087053, 215494511, 12192803227, -15475374389]","[1868116073, -2131709922, -2654680165, 2728015222]","[-5688140056, 2018711307, 16078201082, -15171958610]"
156100,엘앤케이바이오,KOSDAQ,92533773420,31.28,536560790.0,1.3,1.94,3.76,1.64,5,2026-08-14,"[6.8, 8.53, 1.84, 1.3]","[-8.35, 11.02, -20.11, 1.94]","[-17.13, 25.4, -43.46, 3.76]","[7.63, 4.22, 7.69, 1.64]","[16.61, 43.54]","[2021, 2022, 2023, 2024, 2025]","[15372574660, 19767459566, 29904806625, 36092216494, 38920486823]","[-8897017415, -16298639342, -6468017253, 9815070508, -17145787837]","[-57.88, -82.45, -21.63, 27.19, -44.05]","[-10599826112, -6881022326, -1369940363, -7430177214, -13879213692]","[5300856313, -2501508186, -6413464629, -9001176361, 10362972216]","[16353211400, 732723215, 5629086322, 17569496314, 1657811534]","[-5298969799, -9382530512, -7783404992, -16431353575, -3516241476]"
053580,웹케시,KOSDAQ,92494673040,7.39,245996120.0,16.91,9.43,11.24,0.81,4,2026-08-14,"[18.64, 18.69, 18.12, 16.91]","[4.61, 5.71, 9.48, 9.43]","[5.43, 7.02, 11.2, 11.24]","[1.2, 1.26, 1.16, 0.81]","[22.1, 17.97, 10.34, 7.25]","[2021, 2022, 2023, 2024, 2025]","[81898870314, 87866522470, 73580456491, 73613340823, 74362089745]","[19146474604, 14611286456, 7605546357, 9933039371, 17124195089]","[23.38, 16.63, 10.34, 13.49, 23.03]","[24108446628, 8585400249, 6964589943, 15370628671, 12712627500]","[-51207715421, -2816610350, -5561305651, -11814459607, -2835465257]","[9330451182, -2326397708, -3295454075, -8887895034, -6009378094]","[-27099268793, 5768789899, 1403284292, 3556169064, 9877162243]"
357230,에이치피오,KOSDAQ,92290918860,10.05,82425992.75,5.02,3.13,4.35,0.46,5,2026-08-14,"[9.51, 3.29, 5.25, 5.02]","[8.85, 2.59, 3.5, 3.13]","[11.47, 3.51, 4.69, 4.35]","[1.01, 0.57, 0.53, 0.46]","[8.83, 16.13, 11.37, 10.68]","[2021, 2022, 2023, 2024, 2025]","[159434998431, 195978389205, 232025910017, 242830801884, 258188615006]","[23884352013, 18042744438, 23137752176, 9297520705, 11789937228]","[14.98, 9.21, 9.97, 3.83, 4.57]","[18595955203, -3262909195, 24088952046, 7146318365, 4949163980]","[-52384131587, -7950305405, -26464792257, -18231094879, 886340801]","[59939005471, -7274890523, 2250241711, 13130083930, -4645405585]","[-33788176384, -11213214600, -2375840211, -11084776514, 5835504781]"
317770,엑스페릭스,KOSDAQ,91976801440,245.0,373383386.75,-5.34,-0.48,-0.72,0.92,3,2026-08-14,"[-35.13, -22.02, -6.55, -5.34]","[-6.18, -3.47, -16.83, -0.48]","[-6.59, -5.75, -22.73, -0.72]","[3.95, 1.84, 1.17, 0.92]",[0],"[2021, 2022, 2023, 2024, 2025]","[14518263633, 15077690234, 11908780233, 14747157399, 21486557890]","[3365678343, 2985696751, -5494081188, -570042315, -19596702549]","[23.18, 19.8, -46.13, -3.87, -91.2]","[1961778765, 2890335372, -522729632, -3315836616, -2503475411]","[685399268, -801072419, -2578726763, -46369835835, -6186315706]","[-55585000, -168244240, 11640474800, 38388674838, 2262797224]","[2647178033, 2089262953, -3101456395, -49685672451, -8689791117]"
187790,나노,KOSDAQ,91905673400,13.51,614623388.5,5.87,-0.5,-1.32,2.39,2,2026-08-14,"[0.0, 1.87, 6.45, 5.87]","[-8.67, 25.57, 5.15, -0.5]","[-981.08, 71.86, 12.17, -1.32]","[74.3, 1.09, 2.6, 2.39]","[1.52, 21.4, 0]","[2021, 2022, 2023, 2024, 2025]","[51270341352, 66804959543, 88076437797, 88600534688, 85676337440]","[-15263992932, -15756003088, -5878569121, 0, 0]","[-29.77, -23.59, -6.67, 0.0, 0.0]","[1152746731, 5889829712, 217240918, 8110602124, 134387710]","[-13256590912, 3496953357, -8125984300, 5197717675, -18669602475]","[3495844528, -3383695306, 5088176268, -556184926, 12018651864]","[-12103844181, 9386783069, -7908743382, 13308319799, -18535214765]"
078140,대봉엘에스,KOSDAQ,91353410960,67.07,172423604.5,6.25,1.02,1.61,0.52,6,2026-08-14,"[4.34, 9.64, 7.18, 6.25]","[3.17, 4.06, 4.51, 1.02]","[4.03, 5.91, 6.83, 1.61]","[0.66, 0.91, 0.74, 0.52]","[16.41, 15.36, 10.8, 32.25]","[2021, 2022, 2023, 2024, 2025]","[82957177173, 93504353114, 87622205173, 93953561154, 102063530166]","[12195297502, 10712696989, 6304738936, 11166220903, 14738786852]","[14.7, 11.46, 7.2, 11.88, 14.44]","[10099340134, 8822088656, 5888727914, 14338799918, 8906318718]","[-16116046520, -21824221691, -2232768199, -30577252667, -37619525777]","[2146913533, 14043547752, 3343173022, 20136091418, 18253970644]","[-6016706386, -13002133035, 3655959715, -16238452749, -28713207059]"
209640,와이제이링크,KOSDAQ,91302498660,11.09,512137440.25,5.69,4.94,8.78,0.99,6,2026-08-14,"[-2.61, -7.54, 5.69]","[0.34, -2.51, 4.94]","[0.5, -4.16, 8.78]","[2.29, 1.62, 0.99]","[453.83, 11.31]","[2024, 2025]","[48533636570, 46072766900]","[-346320798, -3545055724]","[-0.71, -7.69]","[-1021738902, -4004061523]","[-16780734060, -22638788971]","[41202230004, 6269678518]","[-17802472962, -26642850494]"
040420,정상제이엘에스,KOSDAQ,91243352640,12.28,94839867.5,9.87,6.64,8.56,1.05,4,2026-08-13,"[14.45, 9.56, 9.48, 9.87]","[12.39, 7.27, 6.43, 6.64]","[15.86, 9.03, 7.96, 8.56]","[1.31, 1.14, 1.13, 1.05]","[8.26, 12.57, 14.17, 12.3]","[2021, 2022, 2023, 2024, 2025]","[101714282687, 110791763102, 113358989517, 105846169339, 103051215889]","[17319398834, 16653315401, 16768691939, 9895554153, 8824764041]","[17.03, 15.03, 14.79, 9.35, 8.56]","[26498563410, 22488106350, 20104519674, 0, 0]","[-9953301903, 1312226991, -3876933368, -9261218142, -4278242933]","[-10155377063, -29710788937, -11884068797, -11038168188, -11118857661]","[16545261507, 23800333341, 16227586306, -9261218142, -4278242933]"
093920,서원인텍,KOSDAQ,91140000000,9.38,63506820.75,0.46,3.48,4.01,0.42,5,2026-08-14,"[3.8, 4.29, 1.76, 0.46]","[6.26, 6.99, 2.21, 3.48]","[7.08, 8.04, 2.55, 4.01]","[0.53, 0.46, 0.46, 0.42]","[7.42, 5.75, 18.2, 10.5]","[2021, 2022, 2023, 2024, 2025]","[288547884243, 316789922430, 262811619114, 223990808357, 194904120443]","[24546189432, 31218036156, 18282144721, 22398517879, 7875821490]","[8.51, 9.85, 6.96, 10.0, 4.04]","[7165905454, 17916345004, 23568816092, 37798689417, 12149441497]","[-17523007370, -25908643705, -3337140371, 19989454643, -1809365467]","[-426597356, -7247482386, -15999549939, -5369345642, -3689365300]","[-10357101916, -7992298701, 20231675721, 57788144060, 10340076030]"
023900,풍국주정,KOSDAQ,90846000000,8.72,56328395.0,10.5,5.76,6.63,0.45,6,2026-08-14,"[6.93, 8.0, 10.25, 10.5]","[5.6, 4.9, 5.99, 5.76]","[6.15, 5.67, 6.77, 6.63]","[0.87, 0.62, 0.58, 0.45]","[14.12, 10.96, 8.59, 6.77]","[2021, 2022, 2023, 2024, 2025]","[127698088867, 153988455865, 168467096763, 156327300028, 163520042927]","[10049341956, 6148048473, 12584062120, 13346588740, 17264447216]","[7.87, 3.99, 7.47, 8.54, 10.56]","[11297218830, 5264156981, 20247368399, 25985812767, 23432920752]","[-2929828963, -4206456271, -9279776956, -26358473520, -32027722417]","[-5054680240, -4628981080, -8703682806, 7530661220, -2151573457]","[8367389867, 1057700710, 10967591443, -372660753, -8594801665]"
226400,오스테오닉,KOSDAQ,90807736395,8.83,530011011.25,18.38,8.97,14.16,1.26,6,2026-08-14,"[17.42, 20.11, 19.53, 18.38]","[0.0, 6.28, 7.47, 8.97]","[0.0, 9.52, 11.1, 14.16]","[1.94, 2.28, 1.92, 1.26]","[23.96, 17.28, 8.9]","[2021, 2022, 2023, 2024, 2025]","[15597796412, 19838547123, 27798503886, 34234509043, 45393099435]","[-5437694114, 2081016824, 1781093879, 6638815761, 8426824974]","[-34.86, 10.49, 6.41, 19.39, 18.56]","[2945721668, 3985352628, 4140247575, 4718606794, 9015867626]","[-1935329738, 5019641919, -13178758553, -6803542170, -6397059380]","[-1976085848, -6455322311, 827140301, 7750676682, 1651937183]","[1010391930, 9004994547, -9038510978, -2084935376, 2618808246]"
443670,에스피소프트,KOSDAQ,90759931920,23.38,1959506552.0,7.04,4.65,5.93,1.36,6,2026-08-13,"[13.49, 8.33, 6.64, 7.04]","[10.85, 0.39, 4.8, 4.65]","[13.38, 0.48, 5.63, 5.93]","[3.25, 1.95, 1.36]","[673.2, 34.67, 22.99]","[2022, 2023, 2024, 2025]","[33421090634, 35243425295, 45116928389, 54483055562]","[4571140673, 5191653785, 109518416, 4634322159]","[13.68, 14.73, 0.24, 8.51]","[4049422493, 7217187364, 1309532364, 3304078929]","[-3647219310, -10013047467, 9721344317, -7635908848]","[347846911, -299563560, -373026790, -1644991438]","[402203183, -2795860103, 11030876681, -4331829919]"
413390,엠오티,KOSDAQ,90557007600,15.98,216852183.5,6.76,3.96,9.27,1.5,6,2026-08-14,"[7.66, 5.84, 6.76]","[5.55, 2.9, 3.96]","[10.6, 5.76, 9.27]","[1.21, 1.38, 1.5]","[11.4, 23.92, 16.13]","[2024, 2025]","[84857102424, 75453871276]","[5724773386, 4237298260]","[6.75, 5.62]","[29529138052, 4718342789]","[-15598995079, -11061877857]","[14988957455, 717020366]","[13930142973, -6343535068]"
263720,디앤씨미디어,KOSDAQ,90239536570,9.03,82856277.0,21.42,8.71,10.21,0.92,8,2026-08-14,"[5.78, 13.14, 20.28, 21.42]","[4.02, 9.37, 6.8, 8.71]","[4.89, 12.26, 8.35, 10.21]","[3.9, 3.0, 1.62, 0.92]","[79.73, 24.48, 19.39, 9.01]","[2021, 2022, 2023, 2024, 2025]","[67421822042, 61214379663, 60372245944, 82640189187, 85471656697]","[19616252467, 0, 0, 12450798728, 17291231084]","[29.09, 0.0, 0.0, 15.07, 20.23]","[13019943003, 5444271784, 4678368740, 14051094812, 15054205467]","[-11475990683, -9622744828, -5191334135, -10899191044, -8785525300]","[818769121, -1071491677, -256791221, -4192211359, -404558771]","[1543952320, -4178473044, -512965395, 3151903768, 6268680167]"
099750,이지케어텍,KOSDAQ,90150541800,13.15,115922954.0,3.08,4.91,6.82,1.98,8,2026-08-07,"[-5.63, 0.35, 3.04, 3.08]","[-16.18, 2.58, 4.71, 4.91]","[-28.06, 3.47, 6.26, 6.82]","[3.75, 3.36, 3.36, 1.98]","[96.6, 53.65, 29.03]","[2021, 2022, 2023, 2024, 2025]","[76903899718, 92072127032, 73187504449, 67942814983, 72641489962]","[-7773720687, -2411951767, -9074772144, 1889740620, 2902568548]","[-10.11, -2.62, -12.4, 2.78, 4.0]","[3261266212, -4567737868, -1648104320, 4602717416, 10867349921]","[936554934, -491110625, -10563289924, 3634706767, -12127360109]","[2920666999, -1383712284, 10019977700, -4995294748, 10866410]","[4197821146, -5058848493, -12211394244, 8237424183, -1260010188]"
063080,컴투스홀딩스,KOSDAQ,89364851600,4.61,426008908.5,-20.46,9.4,20.31,0.39,5,2026-08-14,"[-2.19, -33.86, -6.88, -20.46]","[-2.41, -7.84, 7.18, 9.4]","[-5.24, -20.11, 14.75, 20.31]","[0.91, 1.08, 0.43, 0.39]","[2.89, 1.93]","[2021, 2022, 2023, 2024, 2025]","[141552687331, 116230314389, 153105317491, 149291711524, 99211679155]","[34621711918, -67281027164, -19134523937, -49504003356, 44023149051]","[24.46, -57.89, -12.5, -33.16, 44.37]","[330017951, -5913602684, -3016291122, -8641597893, -24064364155]","[-42923500439, -47028382734, 4178868232, 9489716638, 2781446079]","[50631734466, 44126034442, 725819600, 14056699549, 387088251]","[-42593482488, -52941985418, 1162577110, 848118745, -21282918076]"
029480,광무,KOSDAQ,89280102340,2.93,203393573.45,-65.16,10.88,12.57,0.37,3,2026-08-13,"[-10.76, -72.14, -55.84, -65.16]","[5.61, 37.05, -12.57, 10.88]","[6.4, 44.86, -13.47, 12.57]","[1.07, 0.64, 0.61, 0.37]","[16.67, 1.43, 2.92]","[2021, 2022, 2023, 2024, 2025]","[18919929734, 78221398794, 24240060004, 6526887723, 7572016042]","[-878616669, -8313868291, 7213257331, 128167281731, -34741826144]","[-4.64, -10.63, 29.76, 1963.68, -458.82]","[-1066560925, -35152926443, 28576823751, 4689655008, -15639955276]","[6926273734, -4850853985, -55822937976, -6283873568, -16095240616]","[62665835894, 27956868454, -4612133268, 25443768916, -7445889403]","[5859712809, -40003780428, -27246114225, -1594218560, -31735195892]"
330730,스톤브릿지벤처스,KOSDAQ,89085188700,3.62,151934094.75,54.69,18.98,22.79,0.87,6,2026-08-14,"[33.89, 23.8, 52.69, 54.69]","[6.29, 2.47, 10.81, 18.98]","[6.97, 2.68, 11.84, 22.79]","[1.27, 0.81, 1.02, 0.87]","[18.25, 30.12, 8.64, 3.81]","[2021, 2022, 2023, 2024, 2025]","[42411460417, 29580726671, 19002056584, 14175207477, 25549170407]","[27491454936, 8353893222, 6903197760, 3437162033, 13453565852]","[64.82, 28.24, 36.33, 24.25, 52.66]","[21805583361, -13444889697, -7883162054, 8335916665, 2554344712]","[-17211236192, -1362813644, 10086599839, 635660252, 824620010]","[652511983, 14407114622, -3536941683, -5568833081, -3570915759]","[4594347169, -14807703341, 2203437785, 8971576917, 3378964722]"
149980,하이로닉,KOSDAQ,88747077360,30.35,125201329.25,12.78,5.12,5.71,1.12,5,2026-08-14,"[15.62, -20.08, 12.79, 12.78]","[10.43, -9.03, 4.41, 5.12]","[11.39, -10.37, 4.95, 5.71]","[3.21, 2.71, 2.35, 1.12]","[28.18, 47.48, 19.64]","[2021, 2022, 2023, 2024, 2025]","[21781038529, 27567596629, 33731985488, 31628770815, 32086031399]","[6436899147, 4563095475, 9625099489, -8392627973, 4356502034]","[29.55, 16.55, 28.53, -26.53, 13.58]","[426531978, 4497520757, -1143919634, 5516720078, -88093847]","[-2035182791, -4318508641, 3257478995, -1548208047, -980155880]","[2311682061, -78075999, -103231384, -7220382808, 1209451340]","[-1608650813, 179012116, 2113559361, 3968512031, -1068249727]"
025950,동신건설,KOSDAQ,88704000000,359.66,1110031053.0,-6.92,0.23,0.25,0.91,5,2026-08-14,"[7.66, 0.85, -6.61, -6.92]","[6.64, 2.66, 0.13, 0.23]","[8.09, 3.04, 0.15, 0.25]","[1.52, 3.86, 1.75, 0.91]","[18.77, 127.08, 1152.5, 364.17]","[2021, 2022, 2023, 2024, 2025]","[57432513542, 50301558593, 82743779233, 68971328816, 33382076965]","[-582256389, 8148907212, 9456219632, 4088355757, 572892086]","[-1.01, 16.2, 11.43, 5.93, 1.72]","[-6813693336, 6646690086, 6382443931, 3574826425, -4008108462]","[2100592539, -9327236380, -21449528266, -585125688, -461976489]","[-915322820, -751118810, -756058810, -1035318710, -1651004743]","[-4713100797, -2680546294, -15067084335, 2989700737, -4470084951]"
009300,삼아제약,KOSDAQ,88415600000,8.34,49372855.0,7.59,4.22,4.59,0.39,5,2026-08-13,"[24.17, 25.6, 14.11, 7.59]","[9.24, 8.88, 5.24, 4.22]","[10.66, 10.04, 5.67, 4.59]","[0.52, 0.49, 0.44, 0.39]","[4.91, 4.85, 7.77, 8.38]","[2021, 2022, 2023, 2024, 2025]","[54666374874, 81699539725, 97211286212, 95580725368, 77799035965]","[5334940436, 18400109513, 28475587511, 29269929542, 16032512318]","[9.76, 22.52, 29.29, 30.62, 20.61]","[12942695179, 19604499573, 20760150060, 25247450961, 10723089034]","[-19796322975, -13032423135, -20807290585, -21411237659, -2558686829]","[-3669681330, -5380783793, -111769009, -3522117769, -11128737526]","[-6853627796, 6572076438, -47140525, 3836213302, 8164402205]"
289930,웨이비스,KOSDAQ,87703896700,1.62,450964154.5,3.7,33.3,49.15,0.83,4,2026-08-13,"[-16.53, 1.54, 3.7]","[-8.26, 1.63, 33.3]","[-16.46, 3.51, 49.15]","[2.78, 2.17, 0.83]","[61.95, 1.68]","[2024, 2025]","[29395539959, 40706149797]","[-5534774677, 1796345040]","[-18.83, 4.41]","[-4584193403, 794314913]","[-1355634655, -24651052085]","[19700979134, 30148444260]","[-5939828058, -23856737172]"
096240,크레버스,KOSDAQ,87024530000,9.55,100076217.0,1.31,3.97,14.58,1.71,7,2026-08-14,"[10.8, 4.52, 1.02, 1.31]","[7.11, 3.31, 2.42, 3.97]","[33.7, 16.2, 9.6, 14.58]","[3.73, 3.68, 2.81, 1.71]","[11.06, 22.7, 29.32, 11.74]","[2021, 2022, 2023, 2024, 2025]","[210735912095, 227499581732, 233485121718, 228168256909, 220916898961]","[24902179537, 11713465494, 19831402598, 7725144911, 9826400690]","[11.82, 5.15, 8.49, 3.39, 4.45]","[51469970245, 35487652619, 42479455001, 25114538259, 20904603039]","[-16483577494, -31469474749, -9617558020, -4849605539, 40566180920]","[-32307937185, -29671415423, -38625767712, -33119763691, -53253032894]","[34986392751, 4018177870, 32861896981, 20264932720, 61470783959]"
044990,에이치엔에스하이텍,KOSDAQ,86768448250,7.15,149202813.0,12.41,10.04,11.66,0.81,8,2026-08-03,"[17.33, 17.56, 11.8, 12.41]","[31.41, 12.84, 7.68, 10.04]","[34.63, 13.83, 8.64, 11.66]","[1.46, 1.14, 1.14, 0.81]","[4.23, 8.24, 13.13, 6.98]","[2022, 2023, 2024, 2025]","[97202608083, 80551938241, 76160586579, 81886784499]","[21355166716, 34289920925, 16246471036, 8851273292]","[21.97, 42.57, 21.33, 10.81]","[35323113853, 25132352593, 17995920680, 10698917686]","[-10814195889, -33697514351, -26784465534, 6319394]","[-8803863082, -6421565891, 3801247377, -7783021321]","[24508917964, -8565161758, -8788544854, 10705237080]"
004650,창해에탄올,KOSDAQ,86761954400,6.58,186946994.0,12.68,6.36,8.45,0.59,6,2026-08-14,"[12.53, 12.65, 12.99, 12.68]","[-1.92, 6.55, 6.73, 6.36]","[-2.86, 9.12, 8.99, 8.45]","[0.7, 0.61, 0.62, 0.59]","[6.64, 6.9, 6.94]","[2021, 2022, 2023, 2024, 2025]","[96990829298, 109429695748, 116422748457, 137452411912, 122344462021]","[13497505044, 2752068315, -892156458, 15519701531, 16005040564]","[13.92, 2.51, -0.77, 11.29, 13.08]","[12772504294, 3115791169, 8191425288, 15221024243, 20335676873]","[-1785602757, -1663584044, -2726581892, -4106896259, -5062112949]","[-12281913594, -2259961607, -5338704910, -8456576099, -14906336801]","[10986901537, 1452207125, 5464843396, 11114127984, 15273563924]"
072020,중앙백신,KOSDAQ,86180631110,11.18,69998841.0,14.15,6.36,7.39,0.8,8,2026-08-14,"[16.7, 12.63, 13.2, 14.15]","[5.02, 5.56, 5.01, 6.36]","[6.01, 6.59, 5.84, 7.39]","[1.02, 0.87, 0.86, 0.8]","[16.92, 13.19, 14.67, 10.79]","[2021, 2022, 2023, 2024, 2025]","[40913902571, 39299158624, 41867966000, 45592513653, 49068711762]","[6400955161, 4806760108, 7479049516, 7963276182, 6555115105]","[15.64, 12.23, 17.86, 17.47, 13.36]","[11525471393, 7085710335, 12706385322, 13401935141, 7871275133]","[-11999912710, -9181194055, -3422879510, -10018055758, -4421669359]","[-876898145, -1600321700, -2812731901, -4778136743, -6482473144]","[-474441317, -2095483720, 9283505812, 3383879383, 3449605774]"
130580,나이스디앤비,KOSDAQ,85624000000,6.67,24580413.5,18.23,10.09,12.04,0.7,6,2026-08-14,"[16.14, 17.6, 16.89, 18.23]","[9.25, 14.14, 9.34, 10.09]","[11.44, 17.3, 11.18, 12.04]","[1.06, 0.7, 0.85, 0.7]","[9.22, 4.04, 7.58, 5.8]","[2021, 2022, 2023, 2024, 2025]","[88684390851, 92189888726, 87910545223, 89663934603, 91363378272]","[18186256647, 16800639188, 13297506750, 23673569627, 16278643680]","[20.51, 18.22, 15.13, 26.4, 17.82]","[19313694720, 16820325105, 15157886893, 16119805066, 17686627856]","[-10257264882, -5833470440, -9429621108, -2515472512, -6834257288]","[-4862413820, -13359185205, -3890009976, -3969732598, -4984002889]","[9056429838, 10986854665, 5728265785, 13604332554, 10852370568]"
033290,로젠,KOSDAQ,85582202724,4.78,50300136.8,1.59,0.42,1.0,0.21,6,2026-08-14,"[4.26, 4.09, 2.86, 1.59]","[5.09, 2.04, 2.1, 0.42]","[13.13, 5.16, 5.08, 1.0]","[0.8, 0.33, 0.3, 0.21]","[6.07, 6.39, 5.84, 21.01]","[2021, 2022, 2023, 2024, 2025]","[673979627260, 822018406601, 808042562443, 808627030102, 793167527098]","[87738549528, 32493584322, 23352238451, 21671529909, 22348898698]","[13.02, 3.95, 2.89, 2.68, 2.82]","[90340093531, 79189243751, 90308335289, 37445337072, 57137149327]","[-338790482327, -64563904243, -164775977394, -39894448269, -54983057149]","[304684846619, -43616554976, 28840686539, -291812026, 8659009327]","[-248450388796, 14625339508, -74467642105, -2449111197, 2154092178]"
054540,삼영엠텍,KOSDAQ,85540000000,5.74,701464639.0,4.22,2.4,5.51,0.34,5,2026-08-13,"[6.26, 8.72, 8.63, 4.22]","[5.57, 5.21, 2.41, 2.4]","[9.09, 8.14, 5.4, 5.51]","[0.8, 0.81, 0.74, 0.34]","[8.82, 9.91, 13.62, 6.15]","[2021, 2022, 2023, 2024, 2025]","[69812139404, 90676947922, 95749467252, 118020767105, 118462119821]","[-8015905670, -10584401909, 6483080641, 6943891877, 14067496143]","[-11.48, -11.67, 6.77, 5.88, 11.88]","[-3947242574, 2564005829, 3413451587, 10912514379, 9797760951]","[1412675842, 325231386, -8948930554, -1237912304, -80748705263]","[2644834506, -2324111250, 1076286486, -9321840478, 112863438908]","[-2534566732, 2889237215, -5535478967, 9674602075, -70950944312]"
302550,리메드,KOSDAQ,85303734000,42.2,137335395.25,7.22,2.33,3.37,2.29,6,2026-08-12,"[-15.43, 4.39, 2.96, 7.22]","[0.58, 12.5, -0.07, 2.33]","[1.04, 18.33, -0.09, 3.37]","[3.24, 2.74, 2.38, 2.29]","[312.3, 14.94, 68.08]","[2021, 2022, 2023, 2024, 2025]","[20195049000, 21363454119, 18536134645, 25554051153, 24504879379]","[883083039, 4559953562, 979658754, 8045343835, -299353586]","[4.37, 21.34, 5.29, 31.48, -1.22]","[-3489517296, 5211650787, 3498941876, 1244524067, 2396268167]","[2897594920, -10199508676, 21058409248, 6471535248, 4579647496]","[489580614, -9291622, -24999045704, -6789718516, -4173648260]","[-591922376, -4987857889, 24557351124, 7716059315, 6975915663]"
198440,강동씨앤엘,KOSDAQ,81405013056,157.82,2131964251.75,9.63,0.16,0.51,0.61,7,2026-08-14,"[-34.06, 11.71, 10.3, 9.63]","[-13.83, -1.75, 0.15, 0.16]","[-17.18, -5.74, 0.49, 0.51]","[0.87, 0.42, 0.38, 0.61]","[77.82, 120.03]","[2021, 2022, 2023, 2024, 2025]","[65672531640, 69904737333, 50522976679, 47382972250, 71843117330]","[6067178765, -9754480922, -19520329165, -8986736539, -681740302]","[9.24, -13.95, -38.64, -18.97, -0.95]","[13352544568, -13164809519, 2667031490, 16027906788, 3914543072]","[-18200160783, 14978522480, -2470798519, -150687105007, 8330522635]","[-537689276, -911935195, 4543705800, 127726607764, -11597135306]","[-4847616215, 1813712961, 196232971, -134659198219, 12245065707]"
078890,가온그룹,KOSDAQ,80148502050,12.73,343736110.75,5.89,0.96,3.64,0.63,3,2026-08-14,"[-3.52, -8.56, 2.42, 5.89]","[-3.82, -12.5, 1.45, 0.96]","[-10.81, -48.81, 4.74, 3.64]","[0.53, 0.48, 0.88, 0.63]","[18.55, 17.21]","[2021, 2022, 2023, 2024, 2025]","[533118640853, 611235272392, 536374631144, 489342386438, 517549509670]","[25888964621, 15883794016, -22097871144, -62222492610, -2830123916]","[4.86, 2.6, -4.12, -12.72, -0.55]","[-35863396313, -23185802374, -47618616570, 41453946828, 2181772452]","[-7079560325, -7965490442, -6718436305, -12527579410, -12974399054]","[19201524899, 45677533765, 50723336280, -7249307259, -32173056406]","[-42942956638, -31151292816, -54337052875, 28926367418, -10792626602]"
451250,삐아,KOSDAQ,79761840600,11.22,458783133.5,10.03,12.85,15.68,1.79,6,2026-08-13,"[9.61, 6.58, 10.03]","[1.2, 9.08, 12.85]","[1.44, 10.7, 15.68]","[2.35, 2.14, 1.79]","[162.86, 20.04, 11.39]","[2024, 2025]","[57644750090, 67972288390]","[1283287593, 4741888717]","[2.23, 6.98]","[-980611554, 3148858867]","[5311663248, 922644730]","[-1164424152, -3611822261]","[4331051694, 4071503597]"
066700,테라젠이텍스,KOSDAQ,79320322760,62.06,232790697.25,3.91,1.17,1.96,0.55,7,2026-08-14,"[5.21, 5.01, 3.76, 3.91]","[11.68, -16.57, 4.56, 1.17]","[18.56, -30.09, 7.38, 1.96]","[1.1, 0.9, 0.75, 0.55]","[5.92, 10.11, 28.07]","[2021, 2022, 2023, 2024, 2025]","[166566624783, 190769019281, 221724623723, 249625346187, 271589661726]","[-12675877935, 13855399280, 33022882401, -43159238043, 17538658597]","[-7.61, 7.26, 14.89, -17.29, 6.46]","[4006757353, 9593441367, 12124727877, 1787999794, 10971784728]","[-2923823640, 1875458361, -13778802148, -14015906971, -2413274863]","[-3102530391, -5275542883, 5091264885, 12558814586, 4603871330]","[1082933713, 11468899728, -1654074271, -12227907177, 8558509865]"
012700,리드코프,KOSDAQ,79108453040,4.06,75023816.25,2.11,0.74,2.03,0.17,3,2026-08-14,"[-2.76, 5.13, 2.82, 2.11]","[0.98, 1.07, 1.06, 0.74]","[2.13, 2.3, 2.55, 2.03]","[0.38, 0.25, 0.21, 0.17]","[17.87, 10.94, 8.33, 8.39]","[2021, 2022, 2023, 2024, 2025]","[492453973807, 635215787598, 490568153950, 420479804663, 387709979454]","[54958247887, 39590969814, -8267119320, 0, 0]","[11.16, 6.23, -1.69, 0.0, 0.0]","[-106966348114, 147248412557, 254514779411, 13432440034, -50584553040]","[-118135665583, -7271540022, 59267132782, -18364792155, -10677405683]","[207690286784, -135822635293, -299579854420, -21407288634, 126613358855]","[-225102013697, 139976872535, 313781912193, -4932352121, -61261958723]"
263800,데이타솔루션,KOSDAQ,79098727500,20.3,3571563179.75,3.27,4.54,10.76,2.21,2,2026-08-14,"[1.27, 0.05, 1.17, 3.27]","[2.03, 0.33, 1.53, 4.54]","[4.8, 0.69, 2.97, 10.76]","[2.51, 2.15, 2.33, 2.21]","[52.32, 309.86, 78.43, 20.56]","[2021, 2022, 2023, 2024, 2025]","[100481186660, 99118758717, 99260952857, 110082857620, 103815906948]","[1149730959, 2881334777, 2102115125, 317592122, 1390100623]","[1.14, 2.91, 2.12, 0.29, 1.34]","[11138401302, 4852672411, 1436636988, 3840755730, -1710990313]","[-6039292363, -4039371381, 2702851452, -2443502388, -7282532491]","[1960751157, -62583874, -4388514344, -2548317425, -1878380465]","[5099108939, 813301030, 4139488440, 1397253342, -8993522804]"
251120,바이오에프디엔씨,KOSDAQ,79043913000,12.27,139825967.5,31.22,8.39,8.78,1.08,6,2026-08-14,"[32.29, 30.2, 32.6, 31.22]","[8.89, 6.69, 9.08, 8.39]","[9.53, 7.13, 9.55, 8.78]","[2.11, 1.91, 1.98, 1.08]","[22.11, 26.85, 20.72, 12.34]","[2021, 2022, 2023, 2024, 2025]","[11972174291, 15855322578, 15592090130, 16066431824, 19179051492]","[3293253201, 5443360637, 7151943695, 5227614529, 7949708800]","[27.51, 34.33, 45.87, 32.54, 41.45]","[3686846949, 5573164344, 6046779217, 6037493123, 7278678960]","[-2356987881, -30605423367, -3305590071, -10305265754, -2982231540]","[582107431, 31477666551, -2225379201, -54230424, -1195329471]","[1329859068, -25032259023, 2741189146, -4267772631, 4296447420]"
011370,서한,KOSDAQ,79000679295,4.14,68716526.8,7.45,1.53,3.46,0.14,5,2026-08-14,"[3.9, 3.53, 9.7, 7.45]","[0.76, 0.96, 2.35, 1.53]","[2.13, 2.59, 5.39, 3.46]","[0.25, 0.17, 0.17, 0.14]","[11.58, 6.52, 3.15, 4.15]","[2021, 2022, 2023, 2024, 2025]","[608817281256, 730033168624, 621658295698, 749383130637, 645114465728]","[63731810048, 56958766496, 8753463407, 15075624726, 38626688755]","[10.47, 7.8, 1.41, 2.01, 5.99]","[-89829933823, -167243628953, -7354470137, -85725762304, 123634396285]","[-47489777711, 57015795072, 9870497183, -18918396184, -12372262114]","[108494104450, 137289530489, 70342976247, 130221797770, -88034753719]","[-137319711534, -110227833881, 2516027046, -104644158488, 111262134171]"
475430,키스트론,KOSDAQ,78263962350,5.54,1897889004.25,11.26,6.27,7.16,0.4,6,2026-08-14,"[8.56, 10.67, 11.26]","[4.88, 4.11, 6.27]","[5.78, 4.65, 7.16]","[0.46, 0.4]","[9.96, 5.63]","[2024, 2025]","[68954759345, 69316361099]","[8835133726, 10057515513]","[12.81, 14.51]","[6484168820, 10334102463]","[4849120456, -16601989636]","[-1907579958, 6253420340]","[11333289276, -6267887173]"
058400,KNN,KOSDAQ,78001105080,2.31,98532644.75,4.85,12.67,13.58,0.31,6,2026-08-10,"[9.22, 6.55, 4.66, 4.85]","[3.67, 3.43, 4.59, 12.67]","[3.92, 3.68, 4.95, 13.58]","[0.73, 0.47, 0.4, 0.31]","[18.57, 12.84, 8.17, 2.28]","[2021, 2022, 2023, 2024, 2025]","[64977971322, 65959982382, 66077800047, 68852610544, 68506931399]","[11978504550, 9562067267, 10741103993, 10075987033, 13225397887]","[18.43, 14.5, 16.26, 14.63, 19.31]","[21517520441, 2675240368, 11556352467, 10364626879, 17632896000]","[-11102722463, -19038556106, -10665298765, 8280826889, -22351572682]","[-1995740190, -2991226439, -2929045818, -3024370596, -3028309779]","[10414797978, -16363315738, 891053702, 18645453768, -4718676682]"
347890,엠엑스온,KOSDAQ,77580210240,33.26,880865454.5,-6.11,-1.37,-2.33,0.64,5,2026-08-14,"[16.99, 15.33, -9.36, -6.11]","[8.2, 8.19, -1.45, -1.37]","[8.72, 8.75, -2.33, -2.33]","[1.79, 1.26, 0.89, 0.64]","[20.58, 14.36, 0]","[2021, 2022, 2023, 2024, 2025]","[39286972303, 41682637759, 33020955073, 36793434766, 62254825120]","[11847115617, 12334853543, 6816157932, 6842585769, -5234254507]","[30.16, 29.59, 20.64, 18.6, -8.41]","[7763931894, 8429699154, 6734825478, 4528980988, -539581940]","[-6233758187, -3437025472, 428976273, 1142166118, -4963799672]","[-3621726150, -4276415433, -7011239061, -6077839039, 14317884307]","[1530173707, 4992673682, 7163801751, 5671147106, -5503381612]"
058630,엠게임,KOSDAQ,77343004880,5.72,119939009.0,15.51,8.6,10.15,0.56,4,2026-08-14,"[26.11, 15.39, 19.14, 15.51]","[14.69, 10.52, 10.17, 8.6]","[19.11, 12.6, 11.69, 10.15]","[1.02, 0.78, 0.87, 0.56]","[5.35, 6.2, 7.46, 5.56]","[2021, 2022, 2023, 2024, 2025]","[55705082553, 73654249904, 81633381472, 83424998963, 91740255110]","[25264662673, 28704507647, 25076434040, 22886958410, 22983437399]","[45.35, 38.97, 30.72, 27.43, 25.05]","[16756488688, 37053161848, 29962644139, 8008358099, 7878783520]","[9275554555, -29317951255, -25971743611, 19267977178, -33460912925]","[-159928602, -4213988113, -342969323, -6422897500, -2969122440]","[26032043243, 7735210593, 3990900528, 27276335277, -25582129405]"
024880,케이피에프,KOSDAQ,77174084880,4.31,146897377.75,3.62,2.82,5.67,0.23,4,2026-08-13,"[5.84, 5.57, 4.76, 3.62]","[3.4, 3.62, 2.85, 2.82]","[9.48, 9.37, 5.79, 5.67]","[0.42, 0.31, 0.32, 0.23]","[4.45, 3.26, 5.47, 3.98]","[2021, 2022, 2023, 2024, 2025]","[522424050106, 819025640763, 809653196526, 768851420182, 743913803698]","[-4568454106, 31052281514, 30507941000, 37452679192, 27626368704]","[-0.87, 3.79, 3.77, 4.87, 3.71]","[-13316966374, 16167901945, 73438138196, 13562584421, 50718882035]","[-31008933628, 7337562826, -43839956506, -3412796690, -25008577221]","[37744917227, -2650136216, -46594034484, -24310652837, -17098381991]","[-44325900002, 23505464771, 29598181690, 10149787731, 25710304814]"
091590,남화토건,KOSDAQ,76544800000,7.13,10029548289.25,5.0,5.54,6.25,0.43,5,2026-08-14,"[-6.09, -3.53, 5.16, 5.0]","[-6.06, 3.93, 5.52, 5.54]","[-7.02, 4.52, 6.22, 6.25]","[0.48, 0.27, 0.26, 0.43]","[5.92, 4.2, 6.88]","[2021, 2022, 2023, 2024, 2025]","[109139618545, 90791512388, 71796422978, 56667089060, 72692437385]","[16867643748, 27288008767, -21222740038, 9742962818, 13270663101]","[15.46, 30.06, -29.56, 17.19, 18.26]","[-3328664734, 265811956, -20320288187, 9503593193, 1359417921]","[-6183120170, 9437088654, 13576321274, -5751685075, 1391981217]","[-1174000000, -1761000000, -2348000000, -587000000, -1547120000]","[-9511784904, 9702900610, -6743966913, 3751908118, 2751399138]"
080010,이상네트웍스,KOSDAQ,76221800250,5.02,52575320.0,22.83,9.84,11.96,0.42,6,2026-08-14,"[18.4, 21.2, 22.08, 22.83]","[4.61, 8.73, 10.22, 9.84]","[5.73, 10.6, 12.0, 11.96]","[0.36, 0.33, 0.41, 0.42]","[6.32, 3.09, 3.4, 3.52]","[2021, 2022, 2023, 2024, 2025]","[57155970394, 69962205388, 82291210125, 97795704809, 103782678478]","[10597738226, 13738787301, 11679749830, 20859549847, 25107787369]","[18.54, 19.64, 14.19, 21.33, 24.19]","[11462437542, 13582250748, 13982963865, 17411325326, 23663327710]","[357100200, 4075962753, 2038316418, -6006221771, -39112001448]","[-6739235881, -2795132482, -1692224321, -7363769412, -9689030799]","[11819537742, 17658213501, 16021280283, 11405103555, -15448673738]"
265560,영화테크,KOSDAQ,76220983400,3.98,67318254.0,15.66,20.13,27.34,0.71,4,2026-08-14,"[7.72, 16.23, 16.61, 15.66]","[7.06, 13.1, 16.08, 20.13]","[9.73, 18.86, 20.54, 27.34]","[1.78, 0.95, 0.8, 0.71]","[18.33, 5.04, 3.87, 2.61]","[2021, 2022, 2023, 2024, 2025]","[40624175326, 47944605467, 64920252518, 94827257434, 108613630588]","[2910762854, 3760779686, 6137849918, 17095646489, 22680551448]","[7.17, 7.84, 9.45, 18.03, 20.88]","[3109886019, 5195936560, 5087856099, 17472629240, 31679767175]","[-960847055, -14690150353, -2945050765, -7745461297, -11098732051]","[-431741909, 8949224888, -719847304, -2892344119, -11827080576]","[2149038964, -9494213793, 2142805334, 9727167943, 20581035124]"
047820,초록뱀미디어,KOSDAQ,76173991950,285.0,33194027.0,0.19,-0.34,-0.44,0.27,5,2026-08-14,"[-0.12, -7.32, 1.64, 0.19]","[-19.33, 12.72, 0.82, -0.34]","[-26.29, 16.02, 1.07, -0.44]","[0.57, 0.69, 0.38, 0.27]","[4.3, 35.55, 0]","[2021, 2022, 2023, 2024, 2025]","[149110041457, 192542189138, 241315820444, 210272629603, 172196784377]","[-22956136226, -51340035727, -25763763994, -41204902431, 3659611024]","[-15.4, -26.66, -10.68, -19.6, 2.13]","[4572848718, 6450073825, 49630716562, 54312550457, 35983301673]","[-60898957010, -105672766621, 61852319393, 10308960982, 2864326248]","[142724596757, 729842354, -73844273321, -9395998409, 28189049414]","[-56326108292, -99222692796, 111483035955, 64621511439, 38847627921]"
225530,HC보광산업,KOSDAQ,75947939430,229.44,41237667.2,-5.4,0.18,0.35,0.83,8,2026-08-14,"[22.13, 13.88, -12.66, -5.4]","[10.05, 2.92, -1.42, 0.18]","[17.51, 5.25, -2.71, 0.35]","[2.09, 1.74, 1.17, 0.83]","[11.96, 33.03, 237.77]","[2021, 2022, 2023, 2024, 2025]","[71898463686, 87471227933, 85460172473, 63877146203, 38493462752]","[12961405790, 15548689551, 20840742470, 6693458341, -2856171198]","[18.03, 17.78, 24.39, 10.48, -7.42]","[18124341089, 18676827194, 25462043527, 15076915837, 14204015279]","[15926303398, -14796266973, -22084720484, -25711408775, -6661934888]","[-12483693341, -15789463682, -1601938964, 7169148481, -11158526973]","[34050644487, 3880560221, 3377323043, -10634492938, 7542080391]"
900260,로스웰,KOSDAQ,75902985194,2.41,26067507.6,2.15,4.7,10.13,52.26,5,2026-08-28,"[4.01, 3.83, 1.48, 2.15]","[3.53, 1.8, 2.11, 4.7]","[6.95, 7.22, 7.17, 10.13]","[29.88, 20.88, 52.1, 52.26]","[429.77, 289.2, 726.84, 515.62]","[2021, 2022, 2023, 2024, 2025]","[166077166, 444177019, 1969978518, 2693371318, 3818232561]","[-29523918, -84315869, 87430810, 98713775, 109447201]","[-17.78, -18.98, 4.44, 3.67, 2.87]","[122626931, -144992202, 67412527, 892414349, 298330526]","[168823590, -55253076, 3731477, -2166482703, 80664198]","[-152000000, -27271900, 118264858, 396025942, -285824843]","[291450521, -200245278, 71144004, -1274068354, 378994724]"
067370,선바이오,KOSDAQ,75359398970,17.7,81243971.0,35.9,6.72,14.4,2.52,4,2026-08-13,"[42.24, -6.14, 36.83, 35.9]","[9.67, -0.17, 4.6, 6.72]","[16.39, -0.39, 9.68, 14.4]","[4.86, 3.1, 2.38, 2.52]","[29.67, 24.6, 17.47]","[2022, 2023, 2024, 2025]","[7420394142, 12291883598, 8682778981, 13672512814]","[937433919, 5549988289, -227467712, 2875485627]","[12.63, 45.15, -2.62, 21.03]","[1639497422, 4968867264, 1173094932, 3815501397]","[-28741324676, 1356062279, -15866013207, -4503755336]","[21712498351, -1673803473, 15008370376, -2758619371]","[-27101827254, 6324929543, -14692918275, -688253939]"
208140,정다운,KOSDAQ,75173765800,11.03,33359216.0,4.77,2.99,5.3,0.58,7,2026-08-14,"[19.27, 8.08, 4.2, 4.77]","[16.64, 5.37, 2.82, 2.99]","[26.58, 8.79, 4.62, 5.3]","[0.75, 0.65, 0.66, 0.58]","[2.81, 7.4, 14.24, 10.97]","[2021, 2022, 2023, 2024, 2025]","[153620860443, 182649074204, 185491756008, 181956736442, 160876384094]","[14317172686, 18399531431, 37915108608, 15430399818, 7907880126]","[9.32, 10.07, 20.44, 8.48, 4.92]","[37305360956, 17661031188, 33509148912, 22386462830, 12333880522]","[-25688669810, -25254153310, -16873560658, -24434730975, 17617004215]","[-4957069713, -8249449369, -10549356485, 5595783326, -9551758377]","[11616691146, -7593122122, 16635588254, -2048268145, 29950884737]"
128660,피제이메탈,KOSDAQ,75030191225,5.2,983153587.5,6.95,8.58,18.09,0.9,6,2026-08-14,"[2.62, 3.6, 3.5, 6.95]","[9.97, 0.81, 5.14, 8.58]","[17.79, 1.46, 10.97, 18.09]","[1.22, 1.04, 0.9, 0.9]","[6.87, 71.05, 8.2, 4.96]","[2021, 2022, 2023, 2024, 2025]","[246172067096, 269048598652, 229349317992, 254485502212, 348957303218]","[23775207902, 7353591254, 17561074810, 1528681110, 10115881880]","[9.66, 2.73, 7.66, 0.6, 2.9]","[8266152016, -4168651537, 4062076738, -255976223, -17771045863]","[-1602935388, -21940029700, -9945895257, 16293773419, -13301368658]","[-6546244293, 26498319812, 5588113171, -7688457196, 22561580449]","[6663216628, -26108681237, -5883818519, 16037797196, -31072414521]"
170030,현대공업,KOSDAQ,74782500000,3.24,143696599.5,4.77,8.63,12.99,0.42,5,2026-08-12,"[5.01, 3.33, 3.35, 4.77]","[5.71, 5.77, 4.57, 8.63]","[9.12, 8.43, 7.31, 12.99]","[0.76, 0.49, 0.58, 0.42]","[8.32, 5.85, 7.94, 3.24]","[2021, 2022, 2023, 2024, 2025]","[249322151465, 278495503526, 307539845202, 326887589851, 367911083613]","[16864887013, 15637705698, 16602801300, 16192718192, 17247226314]","[6.76, 5.62, 5.4, 4.95, 4.69]","[17343085698, 19811099346, 33990062826, 0, 0]","[-17542278933, -15139328466, -8933912095, -10594451157, -14973947769]","[-2027061631, 2600296148, -4226685930, -5907210334, 5973649471]","[-199193235, 4671770880, 25056150731, -10594451157, -14973947769]"
060590,씨티씨바이오,KOSDAQ,74719351800,9.95,159212811.75,8.63,5.0,9.53,0.95,7,2026-08-12,"[-3.32, -4.18, 5.05, 8.63]","[-9.4, -3.4, 2.26, 5.0]","[-20.66, -7.5, 4.46, 9.53]","[3.42, 2.27, 1.54, 0.95]","[34.46, 9.95]","[2021, 2022, 2023, 2024, 2025]","[140317988434, 165205513710, 137878037215, 119876739034, 123769377291]","[-7686736491, 199418377, -15714727120, -5308980114, 2978049222]","[-5.48, 0.12, -11.4, -4.43, 2.41]","[6457176352, 18223961970, 8215668724, 4496340746, 4383194861]","[2153394523, -3021751049, -1653004520, -3221004833, 255261579]","[-13369205609, 1616951798, -6003493685, -7263337785, -7048700439]","[8610570875, 15202210921, 6562664204, 1275335913, 4638456440]"
052900,KX하이텍,KOSDAQ,74521383480,4.74,1312859587.25,13.0,5.97,8.34,0.46,7,2026-08-14,"[5.25, 6.96, 4.24, 13.0]","[2.43, 4.64, 2.08, 5.97]","[4.04, 7.57, 3.08, 8.34]","[0.79, 0.52, 0.5, 0.46]","[19.65, 6.88, 16.11, 5.57]","[2021, 2022, 2023, 2024, 2025]","[104897371301, 156410515223, 154677245205, 132265152493, 126276082558]","[5695202791, 15579351164, 6678753819, 11850871428, 3283718670]","[5.43, 9.96, 4.32, 8.96, 2.6]","[10949569904, 13842387620, 14715318325, 17677268515, 20818631479]","[-33678529399, -22347503968, -10361617292, -3443659603, -12122818452]","[33610747026, 5263519311, 4539956808, 5490362489, -609576271]","[-22728959495, -8505116348, 4353701033, 14233608912, 8695813027]"
048910,대원미디어,KOSDAQ,74215781400,8.24,199529360.25,4.13,3.66,7.13,0.53,7,2026-08-14,"[4.37, 0.63, 2.9, 4.13]","[4.18, -0.76, 2.34, 3.66]","[6.62, -1.2, 4.03, 7.13]","[1.1, 0.72, 0.72, 0.53]","[16.54, 17.78, 7.49]","[2021, 2022, 2023, 2024, 2025]","[299832921140, 303453855521, 316061909775, 256364073040, 342849675064]","[10624384076, 9717077651, 12123274774, -272061010, 7771887023]","[3.54, 3.2, 3.84, -0.11, 2.27]","[8456549652, 13120098523, 31716918532, 15175411845, 7337179405]","[-13914725435, -25238969615, -18568504555, -12744745923, -17084475227]","[3613224938, 16910371955, -6444093881, -8708488559, 10556878702]","[-5458175783, -12118871092, 13148413977, 2430665922, -9747295822]"
323350,다원넥스뷰,KOSDAQ,61202298080,11.75,319288266.0,0.0,12.5,23.9,2.9,7,2026-08-14,"[0.0, 0.0, 0.0]","[-14.78, 10.75, 12.5]","[-27.05, 18.48, 23.9]","[2.7, 2.28, 2.9]","[12.36, 12.14]","[2024, 2025]","[18702143953, 26936831479]","[-4164429753, 4131450049]","[-22.27, 15.34]","[1248454220, 4951155097]","[9521749187, -776347093]","[1471246970, -200868000]","[10770203407, 4174808004]"
037440,희림,KOSDAQ,60353929125,7.82,4726353052.5,3.2,3.55,8.43,0.67,5,2026-08-14,"[3.23, 6.34, 3.94, 3.2]","[3.3, 6.45, 3.69, 3.55]","[8.7, 16.35, 8.93, 8.43]","[1.49, 0.86, 0.75, 0.67]","[17.15, 5.23, 8.37, 7.95]","[2021, 2022, 2023, 2024, 2025]","[212092470146, 221067225133, 228652275391, 240961112012, 231872921949]","[8075309689, 9717803758, 7243519052, 16522117042, 9262180761]","[3.81, 4.4, 3.17, 6.86, 3.99]","[10816315254, 23227679855, 12677684044, 24963410031, 14004590239]","[-1563260300, -3265355799, -8969031545, -3098569117, -25266613977]","[-9840788638, -13032905970, -13220007121, -6500271278, -6949481294]","[9253054954, 19962324056, 3708652499, 21864840914, -11262023738]"
049480,오픈베이스,KOSDAQ,59608260551,5.18,233595547.55,4.27,3.96,7.27,0.57,6,2026-08-14,"[3.24, 2.94, 3.4, 4.27]","[3.38, 4.43, 4.24, 3.96]","[6.09, 8.35, 7.71, 7.27]","[0.88, 0.83, 0.74, 0.57]","[14.48, 9.9, 9.67, 7.83]","[2021, 2022, 2023, 2024, 2025]","[175900047481, 193094510460, 204046578956, 226290328234, 233127039094]","[5836963844, 8515536991, 7447738951, 9392220437, 9855832304]","[3.32, 4.41, 3.65, 4.15, 4.23]","[24728971648, -2397995635, -151890103, 13603431005, -1197398561]","[-7697791698, -3719213384, -625099525, -11163537977, -7996283687]","[46061412, -3330948771, 1009967143, -5808227426, -2371027711]","[17031179950, -6117209019, -776989628, 2439893028, -9193682248]"
053620,태양,KOSDAQ,59340000000,3.58,60747273.5,5.26,6.96,8.12,0.29,7,2026-08-14,"[4.16, 1.42, 1.71, 5.26]","[3.42, 3.75, 5.33, 6.96]","[4.09, 4.49, 6.1, 8.12]","[0.37, 0.29, 0.29, 0.29]","[8.94, 6.49, 4.71, 3.57]","[2021, 2022, 2023, 2024, 2025]","[150034798924, 174237674427, 157015527356, 152238218507, 140352455497]","[6116255780, 8897604171, 9381592901, 9733358337, 15109984908]","[4.08, 5.11, 5.97, 6.39, 10.77]","[4407071136, 11925087034, 16350193641, 13650191385, 9682217950]","[292701889, 8506175991, -21690443413, -20359900166, -37692942421]","[-2126452728, -1839635090, -3104961700, -3624950980, -2132411480]","[4699773025, 20431263025, -5340249772, -6709708781, -28010724471]"
039610,화성밸브,KOSDAQ,59339280000,2805.0,623942150.0,-1.72,0.02,0.02,0.61,5,2026-08-14,"[10.96, 8.73, -2.02, -1.72]","[6.19, 5.43, -1.53, 0.02]","[9.11, 7.51, -2.08, 0.02]","[0.66, 0.83, 0.91, 0.61]","[7.25, 11.0, 2803.16]","[2021, 2022, 2023, 2024, 2025]","[71961904341, 85525543688, 91550544835, 91263944666, 81448684458]","[2584801076, 3658968115, 9570887766, 7551232909, -2222336790]","[3.59, 4.28, 10.45, 8.27, -2.73]","[-61221117, -6052420001, 11778709453, 4072067533, -468240658]","[-1820381688, 91411752, -4541792879, -1366604973, 3898941572]","[374166537, 5710144978, -1766566542, 88437418, -697392397]","[-1881602805, -5961008249, 7236916574, 2705462560, 3430700914]"
126880,제이엔케이글로벌,KOSDAQ,59078713650,13.44,588300619.5,1.47,1.39,2.27,0.31,5,2026-08-14,"[2.48, 2.63, 2.14, 1.47]","[1.29, 24.3, 1.16, 1.39]","[3.31, 42.81, 1.84, 2.27]","[1.09, 0.39, 0.56, 0.31]","[32.88, 0.91, 30.5, 13.47]","[2021, 2022, 2023, 2024, 2025]","[131258487411, 197104167668, 166706283422, 138638063472, 147293291891]","[4308661335, 7433230971, 4503609846, 113929898725, 4520874971]","[3.28, 3.77, 2.7, 82.18, 3.07]","[27356259734, -6246343076, 54996047806, 9604245645, -15332996016]","[-6867505531, -26282996513, -22036673376, -7455591464, 17418955308]","[2152232313, 21171727363, 14737042532, -3052209758, -26149937229]","[20488754203, -32529339589, 32959374430, 2148654181, 2085959292]"
045340,토탈소프트,KOSDAQ,59050476000,5.86,191135322.5,30.07,18.21,25.35,1.48,7,2026-08-13,"[22.46, 24.96, 34.04, 30.07]","[10.8, 14.27, 15.51, 18.21]","[17.29, 22.23, 23.33, 25.35]","[1.73, 2.93, 1.66, 1.48]","[9.98, 13.19, 7.11, 5.84]","[2021, 2022, 2023, 2024, 2025]","[14091536413, 13877625991, 16054188977, 20710124860, 27495025159]","[3556791438, 2915743467, 4298725472, 7393315902, 10159724315]","[25.24, 21.01, 26.78, 35.7, 36.95]","[3261596245, 3076255117, 3301432209, 4872064414, 10539396693]","[321042407, -3487577160, -4427222182, -1956882629, -3017100919]","[-561401166, -690094282, 29574079, -731488434, -17285892]","[3582638652, -411322043, -1125789973, 2915181785, 7522295774]"
263600,덕우전자,KOSDAQ,58703192350,8.46,99875763.25,2.33,9.85,19.77,0.47,7,2026-08-14,"[-6.02, -0.62, 0.89, 2.33]","[-4.14, -0.19, 2.75, 9.85]","[-8.17, -0.38, 5.95, 19.77]","[1.42, 0.72, 0.7, 0.47]","[11.77, 2.39]","[2021, 2022, 2023, 2024, 2025]","[175683369859, 208968711857, 165129193757, 160950428993, 176946596890]","[3920751866, 15696189048, -13340644670, -177094950, 5396340358]","[2.23, 7.51, -8.08, -0.11, 3.05]","[16935596786, 12948909857, 2963627776, 3424672363, 15441530753]","[-41736409169, -16614105591, -26008744841, -16511535631, -26639753889]","[3868603668, 8486938347, 15095657640, 8644250671, 4235763373]","[-24800812383, -3665195734, -23045117065, -13086863268, -11198223136]"
036090,위지트,KOSDAQ,58677158806,14.35,511243211.25,4.97,1.85,3.17,0.14,3,2026-08-14,"[10.37, 3.87, 5.35, 4.97]","[-9.35, 2.09, 3.52, 1.85]","[-13.09, 3.5, 5.9, 3.17]","[0.56, 0.24, 0.19, 0.14]","[6.96, 3.26, 4.35]","[2021, 2022, 2023, 2024, 2025]","[31161255660, 35218638086, 35232358333, 357440585776, 483026164741]","[15659153197, 9133371035, -21266413321, 15254554549, 27187393439]","[50.25, 25.93, -60.36, 4.27, 5.63]","[466598826, -1850718006, 2910121671, 24363941276, 23714457533]","[14511779431, -27635348983, 14499475911, 14480957510, -24402517958]","[-1119177333, 11443708793, 7219406950, -16490126298, 13067663187]","[14978378257, -29486066989, 17409597582, 38844898786, -688060425]"
095270,웨이브일렉트로,KOSDAQ,58639416480,23.06,219323651.5,-0.01,2.14,4.34,1.11,6,2026-08-14,"[3.02, 2.37, -2.04, -0.01]","[0.73, -7.4, 1.08, 2.14]","[1.06, -12.67, 2.1, 4.34]","[1.29, 1.09, 1.23, 1.11]","[121.22, 58.63, 25.64]","[2021, 2022, 2023, 2024, 2025]","[47468344901, 59176828811, 77983771830, 78043596827, 80532556275]","[3650376602, -8733830572, 658770905, -6555286016, 969698575]","[7.69, -14.76, 0.84, -8.4, 1.2]","[-15515950456, -9380834906, -1735541619, 6428274406, 10573912218]","[72476968705, -10192582569, -5302829967, -412693370, -2704666723]","[-15836464594, -1300325823, -13381443267, -4613932500, 8339852583]","[56961018249, -19573417475, -7038371586, 6015581036, 7869245495]"
215360,우리산업,KOSDAQ,58628486460,2.81,110866663.0,3.83,5.5,16.35,0.45,5,2026-08-14,"[4.43, 2.93, 3.51, 3.83]","[5.71, 4.1, 4.15, 5.5]","[17.65, 11.88, 11.52, 16.35]","[1.26, 0.8, 0.6, 0.45]","[7.12, 6.77, 5.2, 2.73]","[2021, 2022, 2023, 2024, 2025]","[284249058158, 364601945122, 462150813837, 510572103789, 532037735923]","[-2535833004, -21594451155, 21309151090, 18536891324, 16359900195]","[-0.89, -5.92, 4.61, 3.63, 3.07]","[16003844427, -3414191713, -6784727209, 41199098007, 32583367664]","[-10271564490, 8478284423, -33928394027, -26475081012, -32039417817]","[2105391526, -17976276816, 39402542422, -4634036060, 3015816661]","[5732279937, 5064092710, -40713121236, 14724016995, 543949847]"
065530,와이어블,KOSDAQ,58506802257,9.44,173323907.8,9.67,4.27,7.93,0.75,7,2026-08-14,"[3.97, 4.82, 7.25, 9.67]","[1.64, 2.15, 3.26, 4.27]","[3.11, 3.94, 5.83, 7.93]","[1.21, 0.83, 0.85, 0.75]","[38.84, 21.17, 14.54, 9.47]","[2021, 2022, 2023, 2024, 2025]","[78495698553, 64283541128, 72569201277, 79443281962, 75539040453]","[3491802933, 3461278631, 3304963587, 3496173539, 5242370600]","[4.45, 5.38, 4.55, 4.4, 6.94]","[35544762555, 14778946955, 10639753443, 15962681498, 15700530099]","[-13979600444, -23138753853, -20593875534, -18220398961, -11840662839]","[-1115107097, -14841101964, 9291322050, 1941422050, -4058577950]","[21565162111, -8359806898, -9954122091, -2257717463, 3859867260]"
066670,디티씨,KOSDAQ,58412243750,10.82,70562728.25,-0.5,1.58,1.9,0.23,7,2026-08-14,"[5.76, 20.52, -0.94, -0.5]","[2.2, 1.29, -0.46, 1.58]","[2.27, 1.34, -0.57, 1.9]","[0.68, 0.34, 0.25, 0.23]","[30.01, 25.14, 12.05]","[2021, 2022, 2023, 2024, 2025]","[135974077514, 69066166779, 34642468435, 11884203638, 188618668917]","[6519834156, 9282138796, 4612243403, 2801592970, 515067395]","[4.79, 13.44, 13.31, 23.57, 0.27]","[-4182799616, 1701120959, 14656714197, 2519403254, 19388743662]","[23498575751, -24362248218, -19405607464, 8658513589, 11837257457]","[-4899207952, -1301237859, -976532924, -543862100, -7013166389]","[19315776135, -22661127259, -4748893267, 11177916843, 31226001119]"
460870,에스엠씨지,KOSDAQ,58312948120,14.87,286606560.5,8.89,5.02,8.93,1.32,3,2026-08-10,"[8.15, 8.86, 8.89]","[-3.19, 1.87, 5.02]","[-7.37, 3.2, 8.93]","[1.79, 1.32]","[56.09, 14.83]","[2024, 2025]","[54570953170, 55788407335]","[-1593631924, 1391737596]","[-2.92, 2.49]","[7676666926, -1680644705]","[-4631810008, 8164704233]","[-3012653737, -3782229138]","[3044856918, 6484059528]"
099520,DGI,KOSDAQ,58141862016,75.53,0.0,0.14,2.69,3.22,2.4,6,2026-08-13,"[-32.8, 2.36, -13.11, 0.14]","[-17.73, 4.18, -11.24, 2.69]","[-19.75, 4.61, -14.42, 3.22]","[2.28, 2.23, 2.54, 2.4]","[48.47, 74.54]","[2021, 2022, 2023, 2024, 2025]","[27428788078, 25873130375, 13391973891, 21360983111, 25172528475]","[-10004001028, 1293767344, -4810913267, 1199573522, -3300509726]","[-36.47, 5.0, -35.92, 5.62, -13.11]","[-7211372367, 2564257209, -1143023883, 3475699469, -3410298293]","[5339831606, -342313233, 1280269991, -2431265155, -7554630136]","[-12475141760, -632636849, 10478685903, -593272800, -218220027]","[-1871540761, 2221943976, 137246108, 1044434314, -10964928429]"
459100,위츠,KOSDAQ,57769569000,22.7,66309730.25,-0.08,1.71,6.96,1.36,3,2026-08-14,"[2.4, 1.54, -0.08]","[1.58, 1.8, 1.71]","[3.79, 6.21, 6.96]","[3.24, 2.02, 1.36]","[85.55, 32.57, 19.49]","[2024, 2025]","[90763923263, 168722438145]","[2227944442, 295316328]","[2.45, 0.18]","[-4023259106, -28570561646]","[-3281504841, -11583993693]","[18552075655, 28566616193]","[-7304763947, -40154555339]"
273640,와이엠텍,KOSDAQ,57681160000,27.51,93781836.5,3.82,2.07,3.61,0.91,2,2026-08-28,"[17.09, 13.96, 5.99, 3.82]","[10.96, 8.3, 5.28, 2.07]","[11.27, 8.84, 5.56, 3.61]","[2.82, 2.09, 1.61, 0.91]","[25.03, 23.63, 28.95, 25.35]","[2021, 2022, 2023, 2024, 2025]","[30029977893, 49293430011, 34880929940, 30912078450, 29109108272]","[7412714244, 15363761145, 7326977163, 6009651751, 3049505093]","[24.68, 31.17, 21.01, 19.44, 10.48]","[4673166956, 10702220627, 9424234376, 6787434336, 3688553390]","[-20115832022, -785729424, -9131179759, 328741467, 2061496063]","[16858628300, -2193200000, -7221038711, -8884165768, -1433391696]","[-15442665066, 9916491203, 293054617, 7116175803, 5750049453]"
033310,엠투엔,KOSDAQ,57520364184,20.08,364621859.65,2.17,1.62,2.03,0.39,7,2026-08-14,"[4.17, 4.1, 3.2, 2.17]","[1.76, 1.94, -0.31, 1.62]","[2.27, 2.42, -0.41, 2.03]","[0.92, 0.49, 0.5, 0.39]","[40.77, 20.11, 19.06]","[2021, 2022, 2023, 2024, 2025]","[43541522704, 28450754786, 76995441504, 91210150195, 86549524568]","[-66375283161, 11202099392, 2336660720, 4896593741, -39691458]","[-152.44, 39.37, 3.03, 5.37, -0.05]","[-1375453746, -1669970550, 4706946583, 3402842146, 3045628918]","[-125952609403, 25495370250, -9969365650, 570021930, -12076999238]","[126415193915, -21330326052, -5120027424, -7272621236, 9949017520]","[-127328063149, 23825399700, -5262419067, 3972864076, -9031370320]"
007370,진양제약,KOSDAQ,57386423220,2.45,63313286.25,3.04,8.31,14.06,0.35,5,2026-08-13,"[9.65, 10.33, 2.09, 3.04]","[10.56, 13.05, 8.32, 8.31]","[14.13, 24.77, 13.94, 14.06]","[0.98, 0.69, 0.44, 0.35]","[6.91, 2.77, 3.19, 2.52]","[2021, 2022, 2023, 2024, 2025]","[62839163132, 76264203331, 94111137951, 113332121347, 120686230379]","[12131992666, 14535408066, 12583376772, 37053836795, 28100750852]","[19.31, 19.06, 13.37, 32.69, 23.28]","[1970512260, 7447723725, 8533589159, 12792266306, 1464986839]","[-4278417134, -12833053393, 3235703381, -86275946137, -6385377208]","[8852337154, -5580977818, -7404072803, 70145272513, 5344289372]","[-2307904874, -5385329668, 11769292540, -73483679831, -4920390369]"
263690,디알젬,KOSDAQ,57194330500,4.7,51674799.0,9.69,9.33,12.52,0.58,6,2026-08-14,"[8.92, 8.51, 8.78, 9.69]","[7.16, 8.32, 5.56, 9.33]","[11.59, 11.71, 7.36, 12.52]","[1.47, 0.74, 0.65, 0.58]","[12.7, 6.28, 8.83, 4.66]","[2021, 2022, 2023, 2024, 2025]","[85750357013, 110165018342, 112916729575, 104005797536, 102746224632]","[14348228326, 17233824064, 10515624328, 11374158807, 6821210133]","[16.73, 15.64, 9.31, 10.94, 6.64]","[10387520723, 7350818833, 14993756951, 3675631554, 11612842422]","[-7378701109, -7270265961, -11785135433, -695899955, -7360162892]","[-4108634670, 17899312039, -14048548975, -3503362165, -7327782091]","[3008819614, 80552872, 3208621518, 2979731599, 4252679530]"
024950,삼천리자전거,KOSDAQ,57102000000,10.74,549425323.5,6.15,4.13,6.62,0.32,8,2026-08-14,"[-5.89, 1.87, 7.08, 6.15]","[2.29, 0.58, 3.87, 4.13]","[3.94, 1.03, 6.7, 6.62]","[0.55, 0.34, 0.32, 0.32]","[13.86, 33.16, 4.75, 4.83]","[2021, 2022, 2023, 2024, 2025]","[127268431960, 113103904244, 106783297522, 161167353566, 175559935938]","[6075839603, -4592377307, 3205354902, 3537518538, 15134455967]","[4.77, -4.06, 3.0, 2.19, 8.62]","[7890780701, -5914774727, -2560907296, 14476940677, 31988415052]","[3819024365, -9685376599, -4126837268, 16561461499, -28913259220]","[-10976383730, 23765825262, -719490205, -2953498820, -2114142794]","[11709805066, -15600151326, -6687744564, 31038402176, 3075155832]"
010470,오리콤,KOSDAQ,56881487500,7.21,20827817.5,4.41,3.29,6.02,0.44,7,2026-08-14,"[5.57, 5.59, 3.92, 4.41]","[4.15, 4.41, 3.19, 3.29]","[8.35, 7.93, 5.96, 6.02]","[1.08, 0.67, 0.55, 0.44]","[12.96, 8.48, 9.2, 7.25]","[2021, 2022, 2023, 2024, 2025]","[157357863438, 190089490987, 218556326262, 214862595221, 227707531798]","[8549252895, 16621293551, 13330104599, 13323853655, 10247547305]","[5.43, 8.74, 6.1, 6.2, 4.5]","[13359700861, 19183817636, 16062616151, -3289590891, 10661575316]","[-425976054, 21749061942, -3984478088, -931663533, -710306252]","[-3066147302, -3515686511, -4084298012, -4094302060, -4122707477]","[12933724807, 40932879578, 12078138063, -4221254424, 9951269064]"
408470,한패스,KOSDAQ,56877360000,52.4,229738978.0,-0.2,0.68,1.68,0.98,5,2026-08-14,"[9.36, 12.38, -0.2]","[5.14, 5.42, 0.68]","[15.69, 1.68]",[0.98],[58.48],"[2024, 2025]","[55296543626, 66448336065]","[4864675410, 6971018833]","[8.8, 10.49]","[-5479582523, 3396946582]","[-8270714428, -4103778979]","[20697656276, 24415492866]","[-13750296951, -706832397]"
053270,구영테크,KOSDAQ,56465434300,1.96,123656039.85,5.77,3.95,16.78,0.33,5,2026-08-14,"[8.1, 7.65, 5.7, 5.77]","[5.88, 4.74, 3.18, 3.95]","[17.49, 13.96, 14.66, 16.78]","[0.76, 0.42, 0.37, 0.33]","[4.35, 2.99, 2.51, 1.96]","[2021, 2022, 2023, 2024, 2025]","[203398451836, 274207754755, 357438435431, 377361299120, 426181253496]","[3777788322, 5663667170, 23200116372, 24157099708, 20076612046]","[1.86, 2.07, 6.49, 6.4, 4.71]","[17241006210, 22114804681, 45951891572, 33405596524, 26426140191]","[-19252542471, -17073670783, -62063619702, -50706000589, -96736149397]","[0, -7077398112, 15175545054, 26535529156, 64664056606]","[-2011536261, 5041133898, -16111728130, -17300404065, -70310009206]"
054930,유신,KOSDAQ,56280000000,4.76,320741926.5,2.77,3.39,7.5,0.36,6,2026-08-14,"[5.37, 1.71, 2.4, 2.77]","[8.48, 8.32, 3.1, 3.39]","[15.83, 16.53, 6.78, 7.5]","[0.78, 0.47, 0.44, 0.36]","[4.92, 2.87, 6.45, 4.75]","[2021, 2022, 2023, 2024, 2025]","[262235681971, 303961301436, 341055308847, 339578152680, 385502385861]","[14201817500, 24624349461, 23963894553, 29737701254, 12077563610]","[5.42, 8.1, 7.03, 8.76, 3.13]","[32920773779, 3161489961, 31895249509, 163729291, 38976997056]","[-50037917030, 14086815367, 150351694, -35279944454, -9134151238]","[8763208189, -16684339444, -18025496151, 25744214652, -7703823940]","[-17117143251, 17248305328, 32045601203, -35116215163, 29842845818]"
036670,삼양케이씨아이,KOSDAQ,55953040000,6.65,49561754.5,7.48,5.84,6.83,0.44,4,2026-08-12,"[9.34, 13.63, 9.32, 7.48]","[9.22, 10.8, 6.76, 5.84]","[10.34, 12.42, 7.76, 6.83]","[0.74, 0.6, 0.56, 0.44]","[7.15, 4.86, 7.18, 6.39]","[2021, 2022, 2023, 2024, 2025]","[81501152546, 109605027221, 109946107606, 110184780128, 116839597551]","[13186433868, 22700882769, 13342060454, 17749648625, 11595833714]","[16.18, 20.71, 12.14, 16.11, 9.92]","[0, 13003062961, 19104122687, 24301065439, -893581828]","[-7127479091, -8808577775, -16682356064, -4152677000, -15898948214]","[-3272633507, 2732873994, -7785808217, -2893577229, -3945992628]","[-7127479091, 4194485186, 2421766623, 20148388439, -16792530042]"
040610,SG&G,KOSDAQ,55903001440,0.58,104572798.0,10.59,16.0,18.75,0.11,6,2026-08-14,"[7.05, 12.63, 7.7, 10.59]","[4.86, 3.57, 5.56, 16.0]","[5.78, 4.25, 6.53, 18.75]","[0.16, 0.14, 0.15, 0.11]","[2.77, 3.41, 2.3, 0.59]","[2021, 2022, 2023, 2024, 2025]","[35748782555, 42719402704, 41898698934, 50762457794, 47697024082]","[15424893375, 25523989764, 21037856794, 18454472947, 29547011049]","[43.15, 59.75, 50.21, 36.35, 61.95]","[1323622146, 2560349905, 1320149645, 7974886567, 4385759773]","[3521987876, -3390260177, 2375811697, -9396302815, -281980164]","[-1886788778, -3874772080, -1867286031, 3070155672, -3710325611]","[4845610022, -829910272, 3695961342, -1421416248, 4103779609]"
036120,서울평가정보,KOSDAQ,55739970000,8.34,124295924.0,17.68,14.35,17.26,1.47,5,2026-08-14,"[1.17, 13.55, 16.38, 17.68]","[1.26, 7.32, 16.27, 14.35]","[1.51, 8.78, 19.19, 17.26]","[4.21, 2.8, 2.04, 1.47]","[279.15, 31.89, 10.64, 8.52]","[2021, 2022, 2023, 2024, 2025]","[50369344431, 40899238308, 34374009972, 38082158968, 41257827184]","[7153627410, 3344164830, 826428131, 3454916448, 8447825129]","[14.2, 8.18, 2.4, 9.07, 20.48]","[8963045021, 5364801124, -1753318862, 7247053249, 7916912992]","[-5686189999, -6487855492, 2232491671, 5482529368, 3770298977]","[-5685000652, -1980849205, -2570014132, -2004799304, -2807684983]","[3276855022, -1123054368, 479172809, 12729582617, 11687211969]"
053050,지에스이,KOSDAQ,55626992435,14.01,131396845.0,4.34,1.76,3.85,0.54,7,2026-08-14,"[2.6, 3.15, 4.32, 4.34]","[2.67, 1.49, 1.65, 1.76]","[6.03, 3.77, 3.99, 3.85]","[1.08, 1.04, 0.72, 0.54]","[17.93, 27.61, 18.13, 14.03]","[2021, 2022, 2023, 2024, 2025]","[128702990834, 172618318203, 168759675446, 155623291724, 170081007923]","[4795572245, 7017997878, 6640173035, 3755684197, 4647541023]","[3.73, 4.07, 3.93, 2.41, 2.73]","[15746074867, 17834624591, 10266096240, 14456161330, 12068314052]","[-14652426166, -16475667365, -14444360658, -36308712523, -10180515602]","[4979047235, -238637682, 28389995, 24761680800, -4043881536]","[1093648701, 1358957226, -4178264418, -21852551193, 1887798450]"
046940,우원개발,KOSDAQ,55217139250,1.28,389628969.5,18.93,16.88,26.89,0.34,6,2026-08-14,"[0.54, 0.93, 17.85, 18.93]","[0.77, 0.32, 18.16, 16.88]","[1.43, 0.71, 30.6, 26.89]","[0.55, 0.42, 0.41, 0.34]","[38.48, 59.99, 1.33, 1.28]","[2021, 2022, 2023, 2024, 2025]","[174303666003, 196292051694, 252508569423, 302842776436, 376349352125]","[1102988445, 4651494192, 3035071118, 2431711941, 62637057680]","[0.63, 2.37, 1.2, 0.8, 16.64]","[-11313451559, 2835187899, -13873261377, 16951004666, 53045614252]","[-8318603610, 8126165671, -12642406105, -12177006406, -35610755521]","[-6255278129, -3346553613, 13760328238, 1548172695, 1859806536]","[-19632055169, 10961353570, -26515667482, 4773998260, 17434858731]"
246690,TS인베스트먼트,KOSDAQ,50409728880,6.11,229275743.85,48.59,6.63,7.88,0.48,6,2026-08-13,"[54.65, -17.06, 45.99, 48.59]","[11.0, -2.53, 5.59, 6.63]","[13.32, -2.78, 7.12, 7.88]","[0.68, 0.46, 0.61, 0.48]","[5.11, 8.51, 6.08]","[2022, 2023, 2024, 2025]","[27251625954, 26165566670, 17597059268, 19617531648]","[10582702500, 14602675793, -2733554881, 9187634529]","[38.83, 55.81, -15.53, 46.83]","[9953069323, 10842813131, 3943441692, 239088273]","[-11053378744, -5120483591, 1503849800, -17764009590]","[-10366441455, -1721954322, -6735664912, 17606269724]","[-1100309421, 5722329540, 5447291492, -17524921317]"
072990,에이치시티,KOSDAQ,45669348900,50.33,72738190.0,1.81,0.14,0.28,0.47,4,2026-08-14,"[10.81, 11.87, 7.69, 1.81]","[4.4, 3.19, 2.88, 0.14]","[7.41, 5.65, 5.39, 0.28]","[0.77, 0.67, 0.88, 0.47]","[10.44, 11.81, 16.33, 168.85]","[2021, 2022, 2023, 2024, 2025]","[63270616346, 67114744562, 74110894233, 94405219158, 107526581029]","[10874612948, 5024809267, 6972833925, 7225066252, 6421057574]","[17.19, 7.49, 9.41, 7.65, 5.97]","[14250123097, 16337931842, 14003608695, 21519745606, 34640074780]","[-31475608695, -20073930103, -12236045577, -17365149566, -34009663834]","[22749982958, -2096539777, -494406282, 5739459, 2113063970]","[-17225485598, -3735998261, 1767563118, 4154596040, 630410946]"
307280,원바이오젠,KOSDAQ,44908988910,5.25,145849534.0,24.86,15.63,0.0,0.0,6,2026-08-14,"[24.05, 21.05, 22.49, 24.86]","[13.89, 12.94, 13.56, 15.63]","[18.27, 14.33, 15.15, 0]","[1.89, 1.12, 1.14, 0]","[10.37, 7.81, 7.5, 5.33]","[2021, 2022, 2023, 2024, 2025]","[17720824355, 26747721812, 29614740095, 30439668570, 35244285942]","[-795525469, 3666845066, 7156878366, 6422335018, 7781447930]","[-4.49, 13.71, 24.17, 21.1, 22.08]","[1082028391, 5782030686, 4835185747, 8849517035, 8483361348]","[-2480947832, -5851565521, -2588925232, 2427446209, -5896891353]","[6571046926, -4299556616, -2429394119, -7185550951, -1536719474]","[-1398919441, -69534835, 2246260515, 11276963244, 2586469995]"
159580,제로투세븐,KOSDAQ,44873104640,9.8,364892710.0,4.03,4.8,5.42,0.54,5,2026-08-14,"[3.35, 2.28, 3.55, 4.03]","[1.08, 0.56, 3.76, 4.8]","[1.18, 0.62, 4.14, 5.42]","[1.59, 1.37, 0.97, 0.54]","[134.9, 220.99, 23.45, 9.94]","[2021, 2022, 2023, 2024, 2025]","[111951948634, 90391450843, 69412990004, 66894426050, 70954645139]","[263896014, 6122871712, 2098426558, 1525884690, 3100105726]","[0.24, 6.77, 3.02, 2.28, 4.37]","[-2096037363, 12563559935, 5194004421, 1286199444, 3335265808]","[214132225, -10986260124, -1918791388, -705780725, 580626177]","[-1066446068, 322639647, -6457894389, -1588020000, -1592532738]","[-1881905138, 1577299811, 3275213033, 580418719, 3915891985]"
189860,서전기전,KOSDAQ,44226436800,4.0,858726076.75,-7.21,20.34,31.86,1.33,5,2026-08-14,"[-7.99, 0.97, -12.92, -7.21]","[-6.85, 1.71, 10.07, 20.34]","[-12.33, 3.44, 18.07, 31.86]","[1.45, 1.24, 0.81, 1.33]","[35.98, 4.5, 4.16]","[2021, 2022, 2023, 2024, 2025]","[52454376545, 50705101233, 43269003267, 63335667930, 68106757182]","[-2593711855, -3022831102, -3740165465, -189540070, 8625389547]","[-4.94, -5.96, -8.64, -0.3, 12.66]","[-3703779820, -3823906612, 3002696392, 494173518, -3971108935]","[-632361328, -815985699, -1288634147, -1385222406, 17732707350]","[1024553049, 4506206601, -425761925, 2361359959, -9953497254]","[-4336141148, -4639892311, 1714062245, -891048888, 13761598415]"
190650,코리아에셋투자증권,KOSDAQ,43885560000,7.43,32596811.5,5.77,1.05,10.91,0.44,5,2026-08-14,"[3.62, 3.82, 5.77]","[1.95, 1.92, 1.05]","[6.24, 7.93, 10.91]","[0.38, 0.47, 0.44]","[6.07, 5.95, 4.02]","[2024, 2025]","[217257677789, 268468292390]","[6992612334, 11090588577]","[3.22, 4.13]","[-33326687629, 51665514630]","[-1780723307, 594161384]","[47039039970, -41063484183]","[-35107410936, 52259676014]"
466410,사이냅소프트,KOSDAQ,43620619180,7.67,54828343.5,32.5,7.58,7.84,0.61,4,2026-08-14,"[38.29, 34.69, 32.5]","[8.6, 7.91, 7.58]","[9.36, 8.18, 7.84]","[1.3, 0.91, 0.61]","[13.95, 11.14, 7.71]","[2024, 2025]","[13252818490, 13472225245]","[6443510908, 6201887179]","[48.62, 46.03]","[6253054746, 6232579314]","[7993304409, -2849778941]","[22706029566, -3033390667]","[14246359155, 3382800373]"
082850,우리바이오,KOSDAQ,43465550466,12.46,44100675.85,-0.38,-0.21,-0.7,0.17,6,2026-08-14,"[2.06, 1.23, 0.09, -0.38]","[3.24, 1.35, -1.34, -0.21]","[7.55, 3.06, -3.89, -0.7]","[0.64, 0.48, 0.38, 0.17]","[8.45, 15.55, 0]","[2021, 2022, 2023, 2024, 2025]","[1543311500722, 1355056482797, 1263943782342, 1237198398100, 1043962208896]","[45280754228, 32025749174, 21729356696, 24538515772, -6357567528]","[2.93, 2.36, 1.72, 1.98, -0.61]","[50208405852, 43352916345, 26514504806, 36240017146, 34822910119]","[-17816379178, -42452743243, -5498438733, -54058191472, -1216923155]","[-3570594631, -21281932716, -29349214018, 26709107727, 3652101031]","[32392026674, 900173102, 21016066073, -17818174326, 33605986964]"
083550,케이엠,KOSDAQ,43447508825,9.42,59090676.5,0.73,2.53,0.0,0.0,5,2026-08-14,"[-6.06, -2.62, -0.29, 0.73]","[-2.09, -1.33, 2.33, 2.53]","[-2.86, -1.87, 3.21, 0]","[0.47, 0.3, 0.35, 0]","[10.89, 9.33]","[2021, 2022, 2023, 2024, 2025]","[143246155935, 151648508473, 127779372841, 131141520286, 135414355363]","[11164732943, 9162716362, -4007838899, -1207984526, 6121226754]","[7.79, 6.04, -3.14, -0.92, 4.52]","[-2276310030, 12200422203, 3691009391, 5247689934, 3809634708]","[-6493437741, -8895793287, -4401084767, -2770754348, -2940797026]","[4908665803, -569863342, -4098890097, -501117369, -1821413385]","[-8769747771, 3304628916, -710075376, 2476935586, 868837682]"
258610,케일럼,KOSDAQ,43307769781,74.06,38612010.8,-0.43,0.36,0.59,0.88,8,2026-08-14,"[-5.21, 2.85, -1.0, -0.43]","[-50.83, 2.49, -3.44, 0.36]","[-156.03, 4.71, -6.04, 0.59]","[4.51, 0.97, 1.1, 0.88]","[20.68, 149.8]","[2021, 2022, 2023, 2024, 2025]","[52923301514, 77842947816, 84547280407, 97331264354, 81698394490]","[-29059706623, -22031080059, -18366623189, 972739713, -3546575026]","[-54.91, -28.3, -21.72, 1.0, -4.34]","[-1615419585, -12683565364, -5549798775, 2913930399, 5174843565]","[262751914, -17747318226, -194067068, -563915268, -279000768]","[114501964, 27455152337, 6607812732, 1358370012, 1343699818]","[-1352667671, -30430883590, -5743865843, 2350015131, 4895842797]"
263020,디케이앤디,KOSDAQ,43307136980,3.93,213337933.0,8.87,9.49,13.46,0.48,6,2026-08-13,"[9.09, 7.53, 8.58, 8.87]","[8.03, 6.95, 7.81, 9.49]","[11.02, 9.71, 10.67, 13.46]","[0.63, 0.55, 0.52, 0.48]","[5.69, 5.62, 4.85, 3.56]","[2021, 2022, 2023, 2024, 2025]","[75302776961, 110628048360, 89793446871, 112541798310, 142586770560]","[-1904331743, 8572836780, 9748694455, 9015763014, 9135573942]","[-2.53, 7.75, 10.86, 8.01, 6.41]","[-1538164149, 10523670194, 12539294656, 12340184913, 4112729304]","[-19888576844, 10071230675, -349269254, -2983779297, -3192955613]","[25670977183, -3406867483, -25397056809, -5148817462, -2998005503]","[-21426740993, 20594900869, 12190025402, 9356405616, 919773691]"
479960,위너스일렉,KOSDAQ,42969780000,10.23,47454277.0,15.05,8.38,10.16,1.07,5,2026-08-14,"[11.1, 16.87, 15.05]","[7.36, 9.32, 8.38]","[9.89, 11.42, 10.16]","[1.81, 1.07]","[15.83, 10.49]","[2024, 2025]","[26357463329, 31246643473]","[2950390219, 5431265323]","[11.19, 17.38]","[4882904728, 2612287847]","[1125989375, -14729415191]","[-3291306521, 10460195943]","[6008894103, -12117127344]"
037230,한국팩키지,KOSDAQ,42614467610,12.85,83832883.45,3.4,1.44,2.92,0.38,5,2026-08-14,"[3.75, 3.01, 4.44, 3.4]","[1.8, 0.55, 2.59, 1.44]","[3.79, 1.15, 5.09, 2.92]","[0.56, 0.47, 0.53, 0.38]","[14.74, 40.71, 10.35, 13.06]","[2021, 2022, 2023, 2024, 2025]","[56223518386, 217319292042, 228068585477, 225600709096, 224078895876]","[0, 0, 0, 0, 0]","[0.0, 0.0, 0.0, 0.0, 0.0]","[2501283510, 3809847938, 11261224796, 8405172712, 19513160164]","[2764195136, -7962589152, 3381101925, -3889762481, -556482493]","[-2847040449, 3532821247, -14788198709, -6808544024, -18299576493]","[5265478646, -4152741214, 14642326721, 4515410231, 18956677671]"
150900,파수AI,KOSDAQ,42602276080,7.62,177529423.25,10.42,11.94,15.5,1.14,8,2026-08-13,"[8.94, 8.46, 5.43, 10.42]","[9.53, 9.19, 5.57, 11.94]","[12.78, 12.59, 7.15, 15.5]","[3.25, 1.6, 1.39, 1.14]","[25.42, 12.71, 19.42, 7.34]","[2021, 2022, 2023, 2024, 2025]","[42174716141, 44123812663, 42663565494, 46103328375, 46676052578]","[3809773305, 5297435636, 4396015409, 4862095840, 3009522530]","[9.03, 12.01, 10.3, 10.55, 6.45]","[13445911662, 10602122802, 7084682891, 4565589258, 3269705770]","[-7612951095, -7329810047, -805819704, -2538140978, -3984656316]","[-6053940154, -2390926693, -5421185692, -3976287426, -2919494486]","[5832960567, 3272312755, 6278863187, 2027448280, -714950546]"
373160,데이원컴퍼니,KOSDAQ,42527004520,12.79,16735938.25,2.24,3.49,7.62,1.03,3,2026-08-14,"[-0.22, 3.69, 2.24]","[-2.64, 5.8, 3.49]","[-6.81, 10.45, 7.62]","[1.6, 1.03]","[15.29, 13.5]","[2024, 2025]","[127680095673, 123860403525]","[-1572996231, 4880684060]","[-1.23, 3.94]","[2994058085, 8275969559]","[2453782218, -25214392511]","[-5237834282, 10279141131]","[5447840303, -16938422952]"
273060,와이즈버즈,KOSDAQ,42460657920,6.91,98165454.25,21.37,3.23,12.53,0.85,6,2026-08-07,"[1.58, 7.49, 16.64, 21.37]","[0.87, 1.17, 0.98, 3.23]","[1.85, 4.46, 3.73, 12.53]","[1.7, 0.74, 0.87, 0.85]","[91.88, 16.69, 23.36, 6.76]","[2021, 2022, 2023, 2024, 2025]","[12262077188, 15773791755, 13858493766, 30787809743, 45521333566]","[3107376043, 2578992030, 1030425805, 2893668752, 1954046115]","[25.34, 16.35, 7.44, 9.4, 4.29]","[-548435923, 4168725283, -1274168973, 6093209135, -276516042]","[-7395348996, 4849212662, 6002685068, -63349934761, 141198612]","[-2701293851, -1727697728, -2084611896, 60448977005, -3755966030]","[-7943784919, 9017937945, 4728516095, -57256725626, -135317430]"
238120,얼라인드,KOSDAQ,42370456520,9.41,102064410.0,15.63,7.68,11.84,1.08,7,2026-08-14,"[21.93, 17.62, 15.25, 15.63]","[7.91, 9.32, 5.04, 7.68]","[10.33, 11.63, 7.83, 11.84]","[1.79, 1.19, 1.45, 1.08]","[17.36, 10.21, 18.53, 9.13]","[2021, 2022, 2023, 2024, 2025]","[11761977467, 13752579320, 15214698591, 15777579149, 16015916140]","[3812508326, 2442261843, 3424176552, 4542297230, 2649633322]","[32.41, 17.76, 22.51, 28.79, 16.54]","[135966633, 2222401733, 2848578590, 3065290438, 3605156900]","[-3667658298, 2536992361, 1290391740, -7545250349, -9067986245]","[3632585290, -176330240, -192752271, -1730119668, 10731562251]","[-3531691665, 4759394094, 4138970330, -4479959911, -5462829345]"
140520,대창스틸,KOSDAQ,42324032215,6.49,69350300.8,1.58,2.33,4.39,0.28,7,2026-08-13,"[1.36, 0.74, 0.84, 1.58]","[0.82, 0.29, 1.13, 2.33]","[1.39, 0.51, 1.91, 4.39]","[0.38, 0.3, 0.3, 0.28]","[27.16, 57.93, 15.93, 6.49]","[2021, 2022, 2023, 2024, 2025]","[296203272275, 398516324784, 419753133733, 402449365609, 398574191699]","[16911914568, 73635105838, 2743658926, 1850125587, 1811586373]","[5.71, 18.48, 0.65, 0.46, 0.45]","[-15176974248, -5965262635, -21186667427, -1607198643, 18798832515]","[14917514379, 106390419372, -11912343216, -4212505061, 663210202]","[-1484322025, -93324513132, 25642703331, 6015566998, -13530517200]","[-259459869, 100425156737, -33099010643, -5819703704, 19462042717]"
089790,제이티,KOSDAQ,42190448170,3.6,162457726.75,6.61,11.31,15.71,0.58,7,2026-08-19,"[6.28, 0.89, -5.72, 6.61]","[6.14, 4.58, -0.39, 11.31]","[9.19, 6.45, -0.61, 15.71]","[1.49, 0.58, 0.73, 0.58]","[16.22, 8.97, 3.68]","[2021, 2022, 2023, 2024, 2025]","[65644973675, 81858814170, 47160458803, 48945752594, 38378522208]","[12530459819, 17001130654, 5509385469, 3993775926, -593798984]","[19.09, 20.77, 11.68, 8.16, -1.55]","[17982600124, 12464802201, -3761185541, 16453713029, 1382298268]","[-11153637667, -6246999490, -14214009337, -1653997631, -8608274750]","[1577706640, -12374400729, 2784500467, -290275503, -742217889]","[6828962457, 6217802711, -17975194878, 14799715398, -7225976482]"
014190,원익큐브,KOSDAQ,41943159135,6.46,96611515.45,3.1,3.99,5.62,0.36,5,2026-08-14,"[2.29, 1.24, 1.16, 3.1]","[3.55, 1.74, 1.87, 3.99]","[4.75, 2.5, 2.55, 5.62]","[0.88, 0.47, 0.52, 0.36]","[18.43, 18.75, 20.25, 6.39]","[2021, 2022, 2023, 2024, 2025]","[258381565780, 245979910828, 244376147023, 286805365033, 284760572162]","[13154372240, 5456309891, 6515102584, 2735778662, 3464670309]","[5.09, 2.22, 2.67, 0.95, 1.22]","[4324295606, 3767209821, 3205847954, 1020707510, 17271120591]","[-1061134905, 306848075, -822105999, -4385322106, -14961234800]","[2680576582, -14055993145, 284117798, 2670022745, -2879807478]","[3263160701, 4074057896, 2383741955, -3364614596, 2309885791]"
002290,삼일기업공사,KOSDAQ,41850000000,6.99,46335712.75,5.73,5.46,8.09,0.57,6,2026-08-14,"[3.95, 5.02, 8.68, 5.73]","[4.99, 6.79, 6.99, 5.46]","[5.88, 8.48, 9.33, 8.09]","[0.79, 0.71, 0.64, 0.57]","[13.44, 8.31, 6.88, 7.05]","[2021, 2022, 2023, 2024, 2025]","[73803536671, 63621775713, 78639206759, 112650084355, 85177109801]","[3755610478, 3204078051, 4889287708, 7018402696, 8487064615]","[5.09, 5.04, 6.22, 6.23, 9.96]","[-1990450215, 11079875827, -4603557349, 7013396862, 15823181315]","[25734887747, -23664227834, 13096216662, -12834005012, -12067981604]","[-1257181810, -1275509080, -1595709080, -2221545448, -2551225448]","[23744437532, -12584352007, 8492659313, -5820608150, 3755199711]"
222420,쎄노텍,KOSDAQ,41785185349,10.43,134834715.25,9.84,4.69,8.95,0.99,5,2026-07-31,"[-3.4, 3.03, 8.89, 9.84]","[-5.51, -2.89, 1.67, 4.69]","[-14.39, -7.31, 3.64, 8.95]","[2.14, 0.88, 1.11, 0.99]","[30.61, 11.11]","[2021, 2022, 2023, 2024, 2025]","[32885094375, 34731413625, 31111152868, 31548983520, 35638307740]","[755402749, -1415119035, -5210040902, -1879156569, 334015721]","[2.3, -4.07, -16.75, -5.96, 0.94]","[-1393256769, -4332355712, 1352760882, 0, 0]","[-3993865659, -1886349710, -1540983151, 877865660, -1563447482]","[7056590915, 5555041306, 6701536258, -10004442114, -7340517792]","[-5387122428, -6218705422, -188222269, 877865660, -1563447482]"
052220,iMBC,KOSDAQ,41676000000,27.69,39792859.0,-1.86,2.12,2.48,0.72,7,2026-08-14,"[2.5, 1.4, -19.06, -1.86]","[2.89, 2.73, -8.1, 2.12]","[3.54, 3.19, -9.47, 2.48]","[1.21, 1.23, 1.23, 0.72]","[34.08, 38.42, 29.19]","[2021, 2022, 2023, 2024, 2025]","[46832866825, 47460159206, 46303655129, 45442807948, 40045648499]","[2916000398, 2540873287, 2564973164, 2567049173, -6393952873]","[6.23, 5.35, 5.54, 5.65, -15.97]","[3930934649, 4035394195, -5025397711, 6690415539, 8588920328]","[-824067631, -3272250812, 6157668031, -5897280799, -9064354597]","[-946285325, -1056054597, -1163640409, -1283867862, -1117323193]","[3106867018, 763143383, 1132270320, 793134740, -475434269]"
189690,포시에스,KOSDAQ,41666002725,6.47,33276861.75,13.38,5.63,6.05,0.55,6,2025-09-16,"[22.48, 15.52, 14.43, 13.38]","[9.34, 7.05, 6.02, 5.63]","[9.9, 7.38, 6.37, 6.05]","[0.92, 0.97, 0.73, 0.55]","[9.28, 13.2, 11.54, 9.17]","[2021, 2022, 2023, 2024, 2025]","[23704777222, 29613557712, 33247383815, 31301738037, 32888839235]","[4507883481, 7354099677, 5700688313, 4908923271, 3864070082]","[19.02, 24.83, 17.15, 15.68, 11.75]","[5171164378, 6353717236, 5310168026, 7174930613, 6654936562]","[-11533812146, -9220893394, -4476580500, -3124806266, -1597968207]","[2243084065, -669062220, -870232088, -1260837025, -3553022780]","[-6362647768, -2867176158, 833587526, 4050124347, 5056968355]"
038070,서린바이오,KOSDAQ,41201994680,44.24,157507379.0,0.61,0.24,0.32,0.48,5,2026-08-13,"[2.78, 1.26, 0.9, 0.61]","[-2.04, 0.0, 0.0, 0.24]","[-2.73, 0.0, 0.0, 0.32]","[0.97, 0.75, 0.71, 0.48]",[152.07],"[2021, 2022, 2023, 2024, 2025]","[80716293235, 104708360149, 89569472309, 75410358630, 77091299573]","[20227695657, 14029433736, -1928775013, 3555583565, 888898381]","[25.06, 13.4, -2.15, 4.71, 1.15]","[8917611608, -4355799833, 930566769, -4611405313, 4759592159]","[-31498514312, -2665275438, 27526265732, 6389185758, -16788589927]","[29007691685, 1077201583, -22777903802, -7453004345, 13643849291]","[-22580902704, -7021075271, 28456832501, 1777780445, -12028997768]"
234100,폴라리스세원,KOSDAQ,40884580800,16.3,44517791.0,1.28,1.07,1.28,0.11,6,2026-08-14,"[4.59, 0.56, 1.38, 1.28]","[4.22, 3.43, 0.65, 1.07]","[5.14, 4.19, 0.78, 1.28]","[0.56, 0.24, 0.2, 0.11]","[10.84, 5.74, 25.61, 8.26]","[2021, 2022, 2023, 2024, 2025]","[97537203981, 176741126444, 160350478984, 204644289190, 242634611034]","[8337706413, 5508789218, 16073820489, 19182708344, 4458720651]","[8.55, 3.12, 10.02, 9.37, 1.84]","[-1266766704, 8430822914, 20248633932, 9585021483, 9010577677]","[4634306220, 3339793015, -32584452456, -23297754473, 42144038475]","[32833643210, 5684503689, 3889493846, 9679697477, -3423403288]","[3367539516, 11770615929, -12335818524, -13712732990, 51154616152]"
086060,진바이오텍,KOSDAQ,40857235315,10.99,94729019.0,5.08,4.57,6.53,0.73,6,2026-08-14,"[4.97, 4.63, 4.32, 5.08]","[3.93, 3.98, 5.01, 4.57]","[5.36, 5.62, 6.89, 6.53]","[0.79, 0.56, 0.64, 0.73]","[14.69, 10.02, 9.24, 11.13]","[2021, 2022, 2023, 2024, 2025]","[62813558554, 82758506105, 79476916086, 82959224586, 90788971774]","[-837758570, 1814696647, 3374091839, 3502536257, 4414696424]","[-1.33, 2.19, 4.25, 4.22, 4.86]","[-2841126780, -3678930273, 7368502228, -463872612, 7614200725]","[5910013035, 649960009, -5325672392, -1030222691, -7312394852]","[-4490004629, 3034897180, -712607906, 2975850282, -992939575]","[3068886255, -3028970264, 2042829836, -1494095303, 301805873]"
413640,비아이매트릭스,KOSDAQ,40791280400,50.89,155105209.5,-1.95,1.65,2.53,1.29,4,2026-08-14,"[-10.44, 6.57, 2.75, -1.95]","[-4.33, 7.57, 4.95, 1.65]","[-6.55, 12.01, 7.48, 2.53]","[2.41, 1.82, 2.13, 1.29]","[15.14, 28.45, 50.95]","[2022, 2023, 2024, 2025]","[27659091743, 25855874322, 30866150941, 31448256831]","[3468833246, -2352851900, 2946421926, 1693197861]","[12.54, -9.1, 9.55, 5.38]","[5529372495, -76823116, 2924781637, -4991086917]","[-6260191927, -16696568727, -244279793, 778549825]","[265550256, 15839455823, -623390812, 3181703326]","[-730819432, -16773391843, 2680501844, -4212537092]"
256150,한독크린텍,KOSDAQ,40757725000,8.75,22194890.25,5.56,6.84,7.77,0.68,7,2026-08-14,"[8.0, 5.12, 4.06, 5.56]","[8.46, 5.75, 4.23, 6.84]","[9.37, 6.38, 4.72, 7.77]","[1.12, 0.91, 0.81, 0.68]","[11.95, 14.22, 17.13, 8.81]","[2021, 2022, 2023, 2024, 2025]","[52658011274, 59149129432, 65070075098, 68243493085, 69443700454]","[5598584441, 6096510855, 6187729876, 4482884089, 3313063662]","[10.63, 10.31, 9.51, 6.57, 4.77]","[3400920309, 3060701885, 3570416424, 5497818577, 2114920078]","[-12365999224, -3663099266, 120176579, -2532304704, 1152528737]","[7037760527, -4179258920, -2001839250, -4010126710, -1923496500]","[-8965078915, -602397381, 3690593003, 2965513873, 3267448815]"
263810,상신전자,KOSDAQ,40687927875,20.16,60657640.0,0.19,2.18,3.77,0.75,3,2026-08-13,"[1.41, 1.7, 1.98, 0.19]","[2.52, 2.79, 2.0, 2.18]","[5.16, 5.15, 3.29, 3.77]","[1.67, 0.95, 0.91, 0.75]","[32.41, 18.35, 27.84, 19.85]","[2021, 2022, 2023, 2024, 2025]","[102967730280, 111344599957, 109703758730, 124971626613, 129139555836]","[2231126841, 1287671502, 2577511921, 3064431597, 1999761523]","[2.17, 1.16, 2.35, 2.45, 1.55]","[-1974086467, -1239073034, 6294167606, 1289637481, 3533033291]","[15867645, -2166709211, -2752368069, -240273656, -1612124503]","[959371953, 3795277407, 4776556524, -3115331502, -3135911787]","[-1958218822, -3405782245, 3541799537, 1049363825, 1920908788]"
261200,덴티스,KOSDAQ,40156638000,27.98,287504513.25,-4.86,-0.13,-0.51,0.71,6,2026-08-21,"[0.45, -0.39, -9.12, -4.86]","[1.36, 1.06, -7.88, -0.13]","[4.44, 3.92, -35.97, -0.51]","[2.55, 1.66, 1.5, 0.71]","[57.35, 42.25, 0]","[2021, 2022, 2023, 2024, 2025]","[65740648196, 87087135928, 94334674935, 114283327326, 114245201119]","[90960742, 1362615831, 2780299859, 3824622290, -16252780899]","[0.14, 1.56, 2.95, 3.35, -14.23]","[-571545150, 5170781483, -9377868901, -5356559323, -9688409608]","[-17057091207, -4599708941, -18394618890, -25114219021, 2168661846]","[19411006190, 1195954707, 37005711725, 18498468247, 9284663163]","[-17628636357, 571072542, -27772487791, -30470778344, -7519747762]"
101240,씨큐브,KOSDAQ,40090393560,3.69,166528655.0,19.95,7.77,9.27,0.34,7,2026-08-14,"[9.84, 16.98, 18.0, 19.95]","[3.72, 8.0, 6.68, 7.77]","[4.45, 10.47, 8.18, 9.27]","[0.68, 0.47, 0.39, 0.34]","[15.38, 4.48, 4.83, 3.65]","[2021, 2022, 2023, 2024, 2025]","[40002344966, 46284761435, 51101481903, 60146725509, 56519406165]","[4279842367, 6429803013, 3687609272, 10980934181, 11176693123]","[10.7, 13.89, 7.22, 18.26, 19.77]","[4993666874, 9894034474, 9034543697, 13505267707, 10197195388]","[-1195428357, -1385803605, -2164186031, -21347912836, -11146889508]","[-4643971920, -3425902310, -8943334160, 10370362721, -2064272550]","[3798238517, 8508230869, 6870357666, -7842645129, -949694120]"
043340,에쎈테크,KOSDAQ,39947500000,21.03,107641161.65,4.7,2.57,6.66,1.45,7,2026-08-13,"[-15.15, -0.7, 3.4, 4.7]","[-11.91, -4.08, 0.56, 2.57]","[-33.55, -11.52, 1.46, 6.66]","[2.53, 2.1, 1.52, 1.45]","[103.86, 21.79]","[2021, 2022, 2023, 2024, 2025]","[56595680699, 62571779539, 47640536056, 54374002353, 57909045929]","[-2590028429, 446696235, -9205419523, -2939404175, 394600259]","[-4.58, 0.71, -19.32, -5.41, 0.68]","[-1687499612, 4044821221, -3978511920, 3484996342, 1143502135]","[-19271092517, -4120222324, -717844654, 888677443, -380726578]","[21742777086, 510988478, 10356903135, -7180766859, -5067808204]","[-20958592129, -75401103, -4696356574, 4373673785, 762775557]"
097870,효성오앤비,KOSDAQ,39648300000,60.46,173367383.0,14.22,3.19,3.65,0.5,6,2025-09-19,"[12.5, 2.43, 15.17, 14.22]","[4.53, 1.4, 4.91, 3.19]","[5.26, 1.67, 5.76, 3.65]","[0.92, 0.88, 0.76, 0.5]","[17.52, 52.29, 13.21, 13.7]","[2021, 2022, 2023, 2024, 2025]","[30143893021, 34026098710, 29660837674, 28058111140, 24387108990]","[2749471314, 4080248588, 1725171581, 5581613719, 3488142998]","[9.12, 11.99, 5.82, 19.89, 14.3]","[2729064666, 4559253681, 4670341735, 1188613718, 9307997906]","[-198316369, -13932513483, -7164324763, -310386803, 9536993993]","[8792970468, -2780595428, 2741439444, -1277665119, -1992633245]","[2530748297, -9373259802, -2493983028, 878226915, 18844991899]"
025880,케이씨피드,KOSDAQ,39616583460,3.85,135985065.25,9.55,8.62,12.7,0.48,4,2026-08-14,"[6.53, 7.86, 10.0, 9.55]","[6.8, 6.78, 10.54, 8.62]","[10.13, 9.74, 13.05, 12.7]","[0.62, 0.61, 0.55, 0.48]","[6.16, 6.22, 4.23, 3.75]","[2021, 2022, 2023, 2024, 2025]","[75742976488, 88477418720, 92576838916, 102958912967, 121771141803]","[5204191243, 5446702562, 7153909326, 8624270565, 11774488050]","[6.87, 6.16, 7.73, 8.38, 9.67]","[4598495789, 846218676, 10011475300, 5316004404, 14010058173]","[2963807824, -3799471721, -6086270520, -2179876358, -895190461]","[-6515778337, -3596906624, -5336406232, -5094304368, -10918079029]","[7562303613, -2953253045, 3925204780, 3136128046, 13114867712]"
066900,디에이피,KOSDAQ,39529946214,0.85,10523945.25,-3.05,46.58,113.09,0.42,7,2026-08-14,"[-3.24, 0.0, 0.0, -3.05]","[-3.82, 0.0, 0.0, 46.58]","[-12.94, 0.0, 113.09]","[0.7, 1.14, 0.42]",[0.37],"[2021, 2022, 2023, 2024, 2025]","[307896911866, 333660003026, 403492017530, 488847196080, 543196073695]","[9263403944, 7583262654, -8793883417, -42727570943, -64264485642]","[3.01, 2.27, -2.18, -8.74, -11.83]","[18278943788, 14968249288, 29686078588, 22472127145, 1930005776]","[-5219255716, -3460771164, -9119122045, -15416314646, -52327142571]","[-10699479095, -7817319210, -6768175527, -14517593135, 108979306107]","[13059688072, 11507478124, 20566956543, 7055812499, -50397136795]"
046310,백금T&A,KOSDAQ,39404738400,13.61,83991030.5,1.21,2.91,4.1,0.39,3,2026-08-12,"[10.01, 8.35, 4.56, 1.21]","[13.41, 13.34, 5.6, 2.91]","[19.06, 17.85, 6.92, 4.1]","[0.53, 0.37, 0.58, 0.39]","[2.78, 2.08, 8.34, 9.48]","[2021, 2022, 2023, 2024, 2025]","[156463304257, 147603183932, 170733617690, 152492730341, 148922256530]","[11461193802, 14192387883, 18471369300, 16563424530, 7998909522]","[7.33, 9.62, 10.82, 10.86, 5.37]","[1705612352, 10675768779, 13726260259, 23534634518, 18229643391]","[-7457736181, -12173396116, -13769424937, -6049651527, -535154558]","[-5227705609, 8348014572, -2364360549, -26894068168, -11590800146]","[-5752123829, -1497627337, -43164678, 17484982991, 17694488833]"
049830,승일,KOSDAQ,39306837920,12.24,9083153.5,1.51,1.67,2.09,0.26,8,2026-08-14,"[0.42, 1.58, 1.61, 1.51]","[0.24, 2.08, 1.35, 1.67]","[0.29, 2.46, 1.67, 2.09]","[0.44, 0.31, 0.35, 0.26]","[152.73, 12.63, 21.16, 12.34]","[2021, 2022, 2023, 2024, 2025]","[147274736531, 158939395096, 141948416534, 144432917013, 141548185822]","[4500061161, 1613457039, 454132498, 4320574062, 3097379351]","[3.06, 1.02, 0.32, 2.99, 2.19]","[7565042190, 2286872549, 8252463382, 15755517946, 10236159443]","[-1551663484, 6983609992, -11631458523, -13295385041, -22068920349]","[-2117352400, -2853622419, -2450063371, -2553613110, -3077216270]","[6013378706, 9270482541, -3378995141, 2460132905, -11832760906]"
153460,네이블,KOSDAQ,39114783860,43.31,26061166.0,4.4,2.37,0.0,0.0,7,2026-08-13,"[-15.63, 2.24, 13.61, 4.4]","[-4.19, 3.57, 6.15, 2.37]","[-4.58, 3.94, 6.98, 0]","[1.6, 1.37, 1.31, 0]","[34.87, 18.82, 44.09]","[2021, 2022, 2023, 2024, 2025]","[16263919570, 18298809095, 13443862679, 17200064065, 19189105647]","[2738160630, 3899753134, -1466776619, 1261070486, 3180418258]","[16.84, 21.31, -10.91, 7.33, 16.57]","[3022062264, 7228476345, -2562598013, -652974565, -706312422]","[-2312650621, -4974155429, 925971162, 1998047289, -4445346138]","[21159098, 11532270, 751770, 843182913, 2080377064]","[709411643, 2254320916, -1636626851, 1345072724, -5151658560]"
060850,영림원소프트랩,KOSDAQ,38825525000,15.1,55482252.5,3.56,2.59,4.69,0.73,5,2026-08-14,"[5.21, 3.55, 5.28, 3.56]","[6.39, 4.79, 7.1, 2.59]","[8.48, 6.84, 11.83, 4.69]","[1.71, 0.9, 0.95, 0.73]","[20.23, 13.16, 8.04, 15.65]","[2021, 2022, 2023, 2024, 2025]","[47705702483, 57528932353, 55510670316, 62553419730, 79883113261]","[4930361000, 7161611680, 4257174262, 3663954347, 6849466450]","[10.33, 12.45, 7.67, 5.86, 8.57]","[5426738454, 6989339287, 2609073305, 4825713280, 4519665868]","[-4792285360, -3702250909, -3116504526, -4560195063, -13694313458]","[-5119180550, -1755857997, -4154228353, 1209582309, 9978125602]","[634453094, 3287088378, -507431221, 265518217, -9174647590]"
044960,이글벳,KOSDAQ,38747371395,7.24,80210229.75,10.01,8.05,9.97,0.71,7,2026-08-14,"[7.77, 8.31, 9.83, 10.01]","[5.09, 6.05, 6.17, 8.05]","[6.56, 7.63, 7.6, 9.97]","[1.51, 1.22, 1.0, 0.71]","[22.95, 15.97, 13.17, 7.1]","[2021, 2022, 2023, 2024, 2025]","[40436845316, 43539693973, 42793696742, 41716632056, 43323059369]","[3875379465, 3428833066, 3519505114, 4412774315, 4417830289]","[9.58, 7.88, 8.22, 10.58, 10.2]","[6133339128, -317894590, 4894052963, 4336413042, 5505656193]","[-7279622481, 196457076, -3280174109, -3263269388, -2640079861]","[-1843564768, -476486996, -712621074, -1009211954, -1126869908]","[-1146283353, -121437514, 1613878854, 1073143654, 2865576332]"
019770,서연탑메탈,KOSDAQ,38736250000,3.58,80029895.0,5.72,5.64,9.99,0.36,7,2026-08-14,"[4.02, 5.08, 5.75, 5.72]","[5.72, 6.21, 5.09, 5.64]","[9.56, 10.1, 9.23, 9.99]","[0.61, 0.43, 0.44, 0.36]","[6.4, 4.29, 4.81, 3.62]","[2021, 2022, 2023, 2024, 2025]","[153501081951, 164178182253, 173052825577, 182361573211, 207061838044]","[6467833505, 2438608691, 7363653602, 10174830672, 11444661186]","[4.21, 1.49, 4.26, 5.58, 5.53]","[-1817963133, 11747684951, 6323196089, 19677950065, 14005925792]","[13299174840, -2265971287, -545101529, -24037750951, 9415335317]","[-23166449280, -8362540000, -4114911200, 1915412416, -3143032152]","[11481211707, 9481713664, 5778094560, -4359800886, 23421261109]"
219420,링크제니시스,KOSDAQ,38594891055,8.2,70242931.25,17.81,8.5,9.42,0.75,6,2026-08-14,"[9.85, -0.61, 7.18, 17.81]","[2.92, -1.37, 5.39, 8.5]","[3.11, -1.49, 5.92, 9.42]","[1.68, 1.41, 1.23, 0.75]","[54.0, 20.74, 7.93]","[2021, 2022, 2023, 2024, 2025]","[16030334530, 17267914388, 14193832035, 13103612792, 16975060498]","[5358129349, 1982744893, 1830712163, -436797253, 3350858718]","[33.42, 11.48, 12.9, -3.33, 19.74]","[2963687311, 1972380685, 3208164621, 3187079539, 889563822]","[-14119101810, -5918243942, -3223660319, -4611222631, 757624544]","[924877628, -1263930951, -1004354398, -335053682, -196236746]","[-11155414499, -3945863257, -15495698, -1424143092, 1647188366]"
221840,하이즈항공,KOSDAQ,38523155660,9.98,34997889.55,6.03,2.81,6.36,0.54,4,2026-08-13,"[-5.62, -2.58, 5.44, 6.03]","[-6.18, -7.98, 2.02, 2.81]","[-14.83, -22.6, 5.23, 6.36]","[0.99, 0.69, 0.9, 0.54]","[17.2, 8.57]","[2021, 2022, 2023, 2024, 2025]","[62580189936, 58776316282, 80764375263, 86545570784, 84621119162]","[-18047759024, -12182785318, -7199478965, -8974384030, 2437523841]","[-28.84, -20.73, -8.91, -10.37, 2.88]","[-6806859398, -7656062585, -4189386129, 1760296475, 6742158696]","[-21468023085, 9259083120, 11824353919, -5076495891, -1501284586]","[15982350145, -3353932027, -10048078637, 1485705474, 510583475]","[-28274882483, 1603020535, 7634967790, -3316199416, 5240874110]"
100660,서암기계공업,KOSDAQ,38430000000,23.62,76370827.25,2.08,2.68,3.33,0.56,6,2026-08-26,"[1.34, -3.05, 0.1, 2.08]","[2.54, 0.54, 1.46, 2.68]","[2.93, 0.6, 1.77, 3.33]","[0.87, 0.69, 0.83, 0.56]","[29.53, 114.52, 46.66, 16.87]","[2021, 2022, 2023, 2024, 2025]","[44874160526, 50418205177, 45836974166, 42371013550, 46501236360]","[1272472601, 2720172526, 2106681182, 423863886, 1598236132]","[2.84, 5.4, 4.6, 1.0, 3.44]","[2183737577, 2938858712, 927652789, 2690902298, 1507516051]","[-3298223071, -593360716, -659688840, -1397530589, -246955172]","[-479752576, -471632843, -463406145, -474197163, 3480973021]","[-1114485494, 2345497996, 267963949, 1293371709, 1260560879]"
014570,고려제약,KOSDAQ,38280000000,25.74,22817020.0,11.78,1.5,1.88,0.49,6,2026-08-14,"[22.15, 12.52, 11.06, 11.78]","[-5.48, 3.37, 6.9, 1.5]","[-6.38, 3.83, 7.84, 1.88]","[1.03, 0.65, 0.57, 0.49]","[16.9, 7.27, 25.84]","[2021, 2022, 2023, 2024, 2025]","[74465727431, 79984056441, 81374983430, 73001424478, 62508834676]","[11320584676, 14684753622, 8265319805, 4993562916, 7797476925]","[15.2, 18.36, 10.16, 6.84, 12.47]","[8805858569, 5912567656, -1998502256, 4868694336, 13109993636]","[-8254369193, -5401416433, 12276634931, -10888768446, -10532163948]","[-2789219617, -1906143745, -2008163432, -1572635173, -1789947428]","[551489376, 511151223, 10278132675, -6020074110, 2577829688]"
051490,나라엠앤디,KOSDAQ,38269000000,149.72,265264816.0,-2.35,-0.13,-0.36,0.37,2,2026-08-14,"[4.64, 2.44, -0.04, -2.35]","[3.58, 0.78, 1.74, -0.13]","[8.48, 1.89, 4.34, -0.36]","[0.86, 0.5, 0.51, 0.37]","[10.13, 26.65, 11.8, 0]","[2021, 2022, 2023, 2024, 2025]","[194746862228, 218222444013, 231000548728, 203815719224, 184633171553]","[4989724430, 12414837932, 9572880841, 4342818222, 7320135582]","[2.56, 5.69, 4.14, 2.13, 3.96]","[12274203591, 11742238013, 12532788078, 16194137826, 6870437635]","[-3999789229, -1029582918, -15122565059, -6906213657, -14623510271]","[-4115672794, -3678862080, 4029414473, -12054225394, 7195061285]","[8274414362, 10712655095, -2589776981, 9287924169, -7753072636]"
263770,유에스티,KOSDAQ,38252077608,10.28,8881441.15,6.35,4.07,4.49,0.46,7,2026-08-14,"[14.19, 9.19, 4.02, 6.35]","[0.0, 5.92, 2.79, 4.07]","[0.0, 6.58, 2.95, 4.49]","[0.91, 0.56, 0.54, 0.46]","[8.45, 18.23, 10.14]","[2021, 2022, 2023, 2024, 2025]","[66070308185, 99891130805, 99142525265, 73202022857, 57966763324]","[7202848613, 16298444799, 14825999385, 6761280258, 3065267352]","[10.9, 16.32, 14.95, 9.24, 5.29]","[18359489277, 7974882391, 17591559884, 4556703986, 5560214720]","[-1806454433, -5950931139, 3849980712, -1217241062, -5182593701]","[-7826780296, 3579685358, 176397706, -10587615129, -5259361544]","[16553034844, 2023951252, 21441540596, 3339462924, 377621019]"
221980,케이디켐,KOSDAQ,37604336000,13.04,8002449.0,10.64,6.01,7.92,0.35,5,2026-08-14,"[10.57, 11.97, 11.08, 10.64]","[4.31, 4.08, 2.74, 6.01]","[5.34, 5.34, 3.42, 7.92]","[0.5, 0.45, 0.42, 0.35]","[9.4, 8.48, 12.23, 4.47]","[2021, 2022, 2023, 2024, 2025]","[54057340865, 62124551836, 59145786358, 62416153464, 62897420640]","[9892805492, 8242170946, 5635496197, 8400258636, 3431512645]","[18.3, 13.27, 9.53, 13.46, 5.46]","[1205166667, 3086821302, 6424723984, 7038184996, 6514097324]","[11859374157, 9107362660, -4222946586, -2753862619, 2468157729]","[-1197641015, 7533977666, -2570632770, 1977046483, -7001230207]","[13064540824, 12194183962, 2201777398, 4284322377, 8982255053]"
184230,SGA솔루션즈,KOSDAQ,37511526294,1.74,103318574.8,16.73,12.5,39.02,0.68,7,2026-08-14,"[2.33, -9.57, 24.05, 16.73]","[0.07, -9.59, 11.18, 12.5]","[0.11, -19.8, 32.08, 39.02]","[1.24, 0.87, 1.15, 0.68]","[1093.97, 3.59, 1.74]","[2021, 2022, 2023, 2024, 2025]","[24669735159, 37323741652, 54733280066, 42923546759, 61635674499]","[1838106953, 0, 0, 0, 0]","[7.45, 0.0, 0.0, 0.0, 0.0]","[6251195926, 3260362217, -103881475, 8894354006, 14095938677]","[-9377651146, -9816635964, -3680746384, -35736993966, -1634618676]","[14586780290, 6718040171, -7731827766, 23132535912, -1834472216]","[-3126455220, -6556273747, -3784627859, -26842639960, 12461320001]"
057540,옴니시스템,KOSDAQ,37418388840,19.94,430184017.5,1.31,1.24,1.59,0.34,7,2026-08-14,"[0.33, 5.46, 1.03, 1.31]","[0.48, 5.07, -0.12, 1.24]","[0.57, 6.11, -0.14, 1.59]","[0.53, 0.4, 0.43, 0.34]","[93.93, 6.63, 21.3]","[2021, 2022, 2023, 2024, 2025]","[91100694010, 98047986004, 91429089280, 109089220616, 99068053730]","[-12119432093, -837876911, 497891850, 8407145613, 466042647]","[-13.3, -0.85, 0.54, 7.71, 0.47]","[-4268703380, 1508901493, 7819003865, 1579965115, 8493443363]","[-4995656741, -1096983440, -19512462367, 1441368528, -11532258493]","[-654683227, -3703499703, 11930407513, 3019477354, -971222853]","[-9264360121, 411918053, -11693458502, 3021333643, -3038815130]"
208710,포톤,KOSDAQ,37233872900,27.78,848445082.25,2.19,1.34,2.56,0.74,6,2026-08-12,"[-2.64, -2.52, -0.04, 2.19]","[-12.69, -9.72, -6.86, 1.34]","[-23.86, -17.85, -13.37, 2.56]","[1.05, 0.56, 0.62, 0.74]",[29.0],"[2021, 2022, 2023, 2024, 2025]","[87279780152, 104282763040, 123469141449, 135706326881, 128735265761]","[-9167132136, 4887634846, -7833308421, -3706058141, -5174281309]","[-10.5, 4.69, -6.34, -2.73, -4.02]","[-3161627967, 0, 0, 0, 0]","[3901270131, 8292446449, -784643569, -5307157991, -3778673729]","[5454440215, -20994937666, 629534694, 3066310058, 1566819803]","[739642164, 8292446449, -784643569, -5307157991, -3778673729]"
050860,아세아텍,KOSDAQ,37035000000,43.28,55712414.8,3.52,1.41,2.14,0.29,4,2025-09-12,"[10.07, 9.6, 5.16, 3.52]","[7.95, 5.5, 2.34, 1.41]","[9.66, 7.35, 3.51, 2.14]","[0.45, 0.42, 0.34, 0.29]","[4.67, 5.71, 9.63, 13.37]","[2021, 2022, 2023, 2024, 2025]","[106540796260, 137718679157, 123630723741, 123825860518, 113296319206]","[6143635148, 15139636653, 12214459218, 5636222187, 3301681491]","[5.77, 10.99, 9.88, 4.55, 2.91]","[24659111258, 9885402037, -5182072824, -20053904677, 13219575963]","[2006922130, -9316303388, 1378563189, -3397215141, -7102984818]","[-21003358962, -1272238766, -1066465190, 35901552206, -802685019]","[26666033388, 569098649, -3803509635, -23451119818, 6116591145]"
016600,큐캐피탈,KOSDAQ,36998242650,16.78,102623659.0,27.37,2.7,3.49,0.26,5,2026-08-14,"[29.11, 15.12, 18.84, 27.37]","[4.15, 0.99, 1.32, 2.7]","[5.21, 1.29, 1.73, 3.49]","[0.47, 0.34, 0.31, 0.26]","[8.97, 26.35, 17.82, 7.31]","[2022, 2023, 2024, 2025]","[16557788149, 35968958792, 18669600046, 20098160580]","[-7827680886, 9120162755, 2886351951, 2727590059]","[-47.27, 25.36, 15.46, 13.57]","[0, 0, 0, 0]","[0, 0, 0, 0]","[0, 0, 0, 0]","[0, 0, 0, 0]"
123570,이엠넷,KOSDAQ,36956013402,17.86,15195655.3,3.11,1.43,2.06,0.37,6,2026-08-14,"[10.47, 13.1, 0.85, 3.11]","[3.1, 4.26, 1.35, 1.43]","[4.18, 6.0, 1.87, 2.06]","[0.87, 0.52, 0.44, 0.37]","[20.85, 8.66, 23.35, 17.97]","[2021, 2022, 2023, 2024, 2025]","[35239063687, 44211307834, 35018281188, 36311366788, 32260399959]","[12466691289, 9763203028, 5060790252, 6290377119, 1630694098]","[35.38, 22.08, 14.45, 17.32, 5.05]","[9468104394, 5841644125, 8319725347, 10725591105, -3774732829]","[1035677472, -18121369803, 1820515978, -6847248893, -8099393853]","[-1589575544, -6661434589, -3813128939, -1624269816, -547356072]","[10503781866, -12279725678, 10140241325, 3878342212, -11874126682]"
318410,비비씨,KOSDAQ,36831261090,3.65,70294104.5,12.92,10.06,11.71,0.43,7,2026-08-14,"[8.32, 9.44, 11.99, 12.92]","[6.12, 4.17, 5.93, 10.06]","[7.01, 4.9, 6.83, 11.71]","[0.67, 0.56, 0.54, 0.43]","[9.54, 11.52, 7.97, 3.68]","[2021, 2022, 2023, 2024, 2025]","[36791403623, 45266822991, 53601594101, 60662023995, 51648442504]","[4361780798, 1549625296, 6470433634, 5280216693, 6089451378]","[11.86, 3.42, 12.07, 8.7, 11.79]","[-8321173443, 6953730613, 6212153142, 3734605189, 11330855854]","[-10810914496, -7247334198, -2593578331, -3912149672, -4545222586]","[-3462120946, -5004342739, -3661553497, 698833326, -2259349431]","[-19132087939, -293603585, 3618574811, -177544483, 6785633268]"
475460,미트박스,KOSDAQ,36702412500,12.51,49039697.0,3.49,2.69,7.69,0.96,3,2026-08-14,"[2.83, 2.14, 3.49]","[2.24, 1.76, 2.69]","[6.54, 4.61, 7.69]","[1.25, 0.96]","[27.19, 12.43]","[2024, 2025]","[110262919538, 135593979851]","[753358169, 1687101069]","[0.68, 1.24]","[8358809385, 1534189046]","[-4154616478, -19854520672]","[-2817080327, 39601284117]","[4204192907, -18320331626]"
215380,콜마바이오텍,KOSDAQ,36688475680,30.0,92799281.5,-1.08,1.2,4.65,1.38,5,2026-08-14,"[-11.55, 4.13, -10.39, -1.08]","[-5.14, 0.24, -6.39, 1.2]","[-23.0, 0.77, -23.73, 4.65]","[1.59, 0.97, 1.26, 1.38]","[126.41, 29.69]","[2021, 2022, 2023, 2024, 2025]","[31237784039, 46917852697, 38615630587, 43199732726, 37587048396]","[-1925760435, -1865537332, -5053734964, 225298687, -5546594984]","[-6.16, -3.98, -13.09, 0.52, -14.76]","[1727823576, 2502321136, -3222018643, -1126430835, -630495552]","[-29436580973, -6681091055, 135860141, -1047687564, 2182217202]","[24055877578, 7301685247, 4925137482, 775922589, -1737415442]","[-27708757397, -4178769919, -3086158502, -2174118399, 1551721650]"
290120,DH오토리드,KOSDAQ,36477032985,2.58,26034798.75,5.3,5.02,13.11,0.28,3,2026-08-14,"[6.7, 6.12, 6.16, 5.3]","[-3.69, 0.84, 4.32, 5.02]","[-8.89, 2.36, 12.25, 13.11]","[0.72, 0.36, 0.35, 0.28]","[15.31, 2.89, 2.11]","[2021, 2022, 2023, 2024, 2025]","[178955196949, 225952601224, 235592265722, 270395042990, 355590427771]","[11799385522, 30291812650, -9215225464, 5019433593, 19049505871]","[6.59, 13.41, -3.91, 1.86, 5.36]","[5897786464, 19867773614, 12147013958, 6253917183, 11994286945]","[-11792483138, -14025313600, 6590801767, -54170808975, -1885021164]","[25315824884, -4354841731, -21459413387, 26228247701, 3458114705]","[-5894696674, 5842460014, 18737815725, -47916891792, 10109265781]"
045060,오공,KOSDAQ,36171114490,4.13,61681820.0,5.93,5.85,6.97,0.28,7,2026-08-14,"[6.43, 5.3, 3.51, 5.93]","[6.43, 5.55, 3.8, 5.85]","[8.05, 6.79, 4.57, 6.97]","[0.48, 0.36, 0.32, 0.28]","[5.95, 5.33, 7.03, 4.06]","[2021, 2022, 2023, 2024, 2025]","[169944294868, 170423569561, 158428134529, 163010096967, 160071597465]","[9965220121, 8743001294, 11007869451, 9758695469, 6761679861]","[5.86, 5.13, 6.95, 5.99, 4.22]","[5095542229, 7820626333, 13762374072, 11135184505, 7700247894]","[2189190768, -4018335181, -9019523397, -7941740939, -8824066544]","[-7843857180, -2480085683, -5069151432, -4510175988, -1001728335]","[7284732997, 3802291152, 4742850675, 3193443566, -1123818650]"
024120,KB오토시스,KOSDAQ,35880000000,6.01,40116309.5,3.48,2.8,6.29,0.29,6,2026-08-14,"[1.99, 2.2, 3.97, 3.48]","[0.47, 1.22, 1.52, 2.8]","[0.98, 2.47, 3.27, 6.29]","[0.51, 0.3, 0.35, 0.29]","[52.6, 12.25, 10.65, 4.55]","[2021, 2022, 2023, 2024, 2025]","[130124357015, 178041889332, 203726077936, 210230561356, 214995786079]","[-987104679, 2516511254, 1190934801, 4224074194, 5837205768]","[-0.76, 1.41, 0.58, 2.01, 2.72]","[1080868035, -5748105152, 5194232196, 8098976503, 5400662633]","[-235482150, -40434932779, -15671586251, -4933066122, -13996460671]","[9745799547, 37205668099, 9113780317, -2523728318, 10385914636]","[845385885, -46183037931, -10477354055, 3165910381, -8595798038]"
393210,토마토시스템,KOSDAQ,35835378480,147.5,118410222.0,-1.69,-1.01,-2.29,1.4,5,2026-08-12,"[10.63, -15.75, -8.7, -1.69]","[8.76, -5.18, -4.86, -1.01]","[11.05, -6.66, -11.23, -2.29]","[2.08, 2.35, 3.16, 1.4]","[18.86, 0]","[2022, 2023, 2024, 2025]","[27089927107, 26572393885, 21621873977, 27263988093]","[5620899463, 3465891002, -2864640988, -4017639425]","[20.75, 13.04, -13.25, -14.74]","[5742929341, 4680952681, -2484390114, 341324845]","[-5333038141, -12857395109, -6758278094, -19618004359]","[-78362038, 13645454894, 1233837872, 20430741573]","[409891200, -8176442428, -9242668208, -19276679514]"
196450,코아시아씨엠,KOSDAQ,35802800000,14.91,66302494.85,1.8,1.13,2.17,0.5,4,2026-08-12,"[-4.44, -3.57, 2.04, 1.8]","[0.0, -13.08, 2.11, 1.13]","[0.0, -28.96, 4.19, 2.17]","[0.86, 0.51, 0.53, 0.5]","[12.74, 22.97]","[2021, 2022, 2023, 2024, 2025]","[179320640716, 383202956785, 293967118507, 267335829059, 258196765549]","[0, -5798774052, -21124652098, -18607506986, 3267647432]","[0.0, -1.51, -7.19, -6.96, 1.27]","[1034780598, 28113977183, 7768894064, -766624808, 23238503542]","[-5145079645, -9496419328, -3306134776, -5246327673, -2059790416]","[19234126082, -14661451043, -2156625567, -8396720278, -19674551380]","[-4110299047, 18617557855, 4462759288, -6012952481, 21178713126]"
052600,한네트,KOSDAQ,35789651500,8.17,55332323.25,16.42,8.1,10.87,0.89,7,2026-08-14,"[13.39, 16.23, 16.3, 16.42]","[4.91, 6.34, 7.08, 8.1]","[6.73, 9.12, 9.19, 10.87]","[1.58, 1.38, 1.14, 0.89]","[23.53, 15.17, 12.39, 8.21]","[2021, 2022, 2023, 2024, 2025]","[23084315959, 21962274512, 24893455015, 25897668830, 26825732603]","[1593660712, 2266419092, 2923320113, 3812515976, 3996783959]","[6.9, 10.32, 11.74, 14.72, 14.9]","[4431305546, 4560316595, 4524819930, 6443127599, 7085463877]","[-3871068354, -1698777260, -3439668798, -2892887589, -1935510906]","[-6506159500, -2918673755, -2693233743, -347679078, -6791216081]","[560237192, 2861539335, 1085151132, 3550240010, 5149952971]"
204020,그리티,KOSDAQ,35692276720,7.05,28806458.9,4.32,3.29,6.1,0.42,6,2026-08-14,"[6.32, 6.32, 3.89, 4.32]","[8.94, 9.42, 3.3, 3.29]","[11.1, 11.93, 5.62, 6.1]","[0.77, 0.68, 0.5, 0.42]","[6.96, 5.74, 8.95, 6.94]","[2021, 2022, 2023, 2024, 2025]","[108704667058, 143116381797, 176102433452, 194740127235, 201717579283]","[-8045471827, 3090377849, 10469392573, 12496059549, 6253102852]","[-7.4, 2.16, 5.95, 6.42, 3.1]","[117234858, 795304805, 13767098138, 3118835663, 9729150183]","[4110285170, 4399363541, -3094992569, 5239961000, -41083970842]","[-4240494443, -3539368764, -4167445967, -5932054966, 31633933772]","[4227520028, 5194668346, 10672105569, 8358796663, -31354820659]"
035460,기산텔레콤,KOSDAQ,35659612600,3.09,248395102.5,18.09,12.19,22.4,0.47,7,2026-08-14,"[5.97, 5.31, 8.12, 18.09]","[4.33, 7.14, 4.45, 12.19]","[8.72, 15.34, 8.72, 22.4]","[0.87, 0.49, 0.43, 0.47]","[9.96, 3.21, 4.91, 2.11]","[2021, 2022, 2023, 2024, 2025]","[61875159635, 67802637797, 73884674502, 93077993766, 99473228556]","[-1275327036, 2958898497, 3944157100, 5920936826, 7168889722]","[-2.06, 4.36, 5.34, 6.36, 7.21]","[1309335501, -3773399196, 537974839, 12438295117, -3495443494]","[-2464499886, -3874312874, -5906199721, -14105934617, -4235852645]","[1614624368, -1422926629, 8003080456, 6331328535, 7056839997]","[-1155164385, -7647712070, -5368224882, -1667639500, -7731296139]"
332290,누보,KOSDAQ,35607533559,6.27,124803860.4,4.11,5.11,13.81,0.89,5,2026-08-14,"[-2.77, 3.71, 3.95, 4.11]","[-7.2, 3.85, 1.21, 5.11]","[-25.8, 11.58, 2.95, 13.81]","[2.77, 1.51, 1.39, 0.89]","[13.0, 47.22, 6.43]","[2021, 2022, 2023, 2024, 2025]","[0, 73028453524, 82156943249, 99022099930, 104182653188]","[-163026471, -4905983507, -5004692855, 3967873790, 1151112636]","[0.0, -6.72, -6.09, 4.01, 1.1]","[55439709, -13455703214, -3417958886, 8459375210, -1984293778]","[-103379958, 4985788762, -3286760217, 1711955987, -2160111836]","[0, 13644658111, 633344358, -7664773543, 1940397073]","[-47940249, -8469914452, -6704719103, 10171331197, -4144405614]"
203450,유니온바이오메트릭스,KOSDAQ,35549492675,28.58,39672111.0,-1.33,1.89,3.05,0.88,3,2026-08-14,"[3.05, 5.01, 1.99, -1.33]","[5.1, 6.98, 3.21, 1.89]","[7.7, 11.79, 4.85, 3.05]","[1.19, 0.91, 1.06, 0.88]","[15.38, 7.74, 21.9, 28.84]","[2021, 2022, 2023, 2024, 2025]","[39023421971, 46253418625, 51382692333, 56745519416, 51324033067]","[2162347383, 2025240317, 2708320965, 5220541407, 1449631075]","[5.54, 4.38, 5.27, 9.2, 2.82]","[1131527196, -2122823442, 9766022475, 11270922920, -11988110222]","[-949771940, -1749418597, -3169679915, 2496579111, -145094032]","[-4945445545, -2337730722, -232822409, -3169512935, -2194378821]","[181755256, -3872242039, 6596342560, 13767502031, -12133204254]"
081580,성우전자,KOSDAQ,35358566040,3.72,64041000.0,1.53,5.49,7.65,0.3,5,2026-08-14,"[-2.99, -3.47, 2.18, 1.53]","[-0.33, -2.7, 7.58, 5.49]","[-0.46, -4.05, 10.57, 7.65]","[0.31, 0.53, 0.3, 0.3]","[2.81, 3.93]","[2021, 2022, 2023, 2024, 2025]","[143583265928, 165924786547, 149212401734, 146900969431, 182738934318]","[5606500617, 5424332901, -516860917, -3770682988, 12566382799]","[3.9, 3.27, -0.35, -2.57, 6.88]","[13080335462, 7157718106, 6449858998, 216592566, 15441074516]","[-19572480526, -13104874284, -4545514911, -4084337726, -9934696153]","[9955932199, 4687591760, -5703744102, 2650975280, -471721308]","[-6492145064, -5947156178, 1904344087, -3867745160, 5506378363]"
270870,뉴트리,KOSDAQ,35349744780,7.43,50182225.75,-3.15,3.23,4.28,0.32,4,2026-08-14,"[6.95, 4.04, -2.24, -3.15]","[3.52, 3.37, -1.87, 3.23]","[4.6, 4.36, -2.44, 4.28]","[0.64, 0.47, 0.44, 0.32]","[13.86, 10.71, 7.55]","[2021, 2022, 2023, 2024, 2025]","[247488887691, 185285942302, 151377308327, 121972837610, 101087982676]","[23161403157, 6278381621, 5610668305, 4496014567, -930086391]","[9.36, 3.39, 3.71, 3.69, -0.92]","[13012911026, -3633253015, 8173115135, 5032293931, 11156568995]","[-5091213923, -9036865774, -13341398179, -2871498903, 1541325229]","[26044479675, -1684673640, -22934788048, -4593854407, -2709494469]","[7921697103, -12670118789, -5168283044, 2160795028, 12697894224]"
032960,동일기연,KOSDAQ,35150764050,3.72,18044503.9,2.77,14.4,15.36,0.51,7,2026-08-10,"[1.67, 0.79, -0.29, 2.77]","[3.21, 1.12, 9.53, 14.4]","[3.4, 1.18, 10.16, 15.36]","[0.64, 0.55, 0.85, 0.51]","[18.68, 46.24, 8.32, 3.33]","[2021, 2022, 2023, 2024, 2025]","[26109333285, 26699392928, 25234856762, 24110354370, 21551039836]","[8292631532, 1173417673, 2259375000, 426503396, 6506136905]","[31.76, 4.39, 8.95, 1.77, 30.19]","[2821986687, 3655909339, 6310538191, 4491444424, 3780235199]","[-9399701445, -7405765713, 2561102116, -9439917152, 1745085190]","[-285696215, -264600231, -264269577, -146424505, -7888078039]","[-6577714758, -3749856374, 8871640307, -4948472728, 5525320389]"
133750,메가엠디,KOSDAQ,35063801346,6.94,31683311.5,6.75,5.86,7.36,0.51,8,2026-08-14,"[-10.93, 6.13, 5.24, 6.75]","[-3.77, 4.33, 3.35, 5.86]","[-5.14, 5.75, 4.2, 7.36]","[0.94, 0.73, 0.64, 0.51]","[12.65, 15.23, 6.95]","[2021, 2022, 2023, 2024, 2025]","[79434903990, 64468046391, 36041389502, 36491420174, 34591356901]","[7935042990, 2640604864, -3177269482, 4810443966, 3785670190]","[9.99, 4.1, -8.82, 13.18, 10.94]","[17944652096, -8259500593, 1054733392, 8387005134, 5103554904]","[-12858079808, 19045075747, -213376349, -4101994373, -18885440678]","[-9030174381, -9324550263, -3458890229, -4133881131, -3976984432]","[5086572288, 10785575154, 841357043, 4285010761, -13781885774]"
057030,YBM넷,KOSDAQ,34909171580,18.94,32991848.75,2.67,2.31,3.56,0.67,7,2026-08-14,"[8.47, 4.79, 1.83, 2.67]","[6.18, 3.9, 2.0, 2.31]","[9.79, 6.05, 3.06, 3.56]","[1.52, 1.37, 0.95, 0.67]","[15.52, 22.67, 31.12, 18.91]","[2021, 2022, 2023, 2024, 2025]","[58331472718, 62562529887, 60480863497, 58329367193, 51834368698]","[3558057457, 5218220854, 6272261174, 4051918650, 1732256595]","[6.1, 8.34, 10.37, 6.95, 3.34]","[8843322409, 15656449948, 9840638590, 5977550782, 5067713290]","[-6832184712, -2599491307, -3922961203, -2097962760, 1958925443]","[-2249478351, -4121894503, -13047569032, -4029853445, -3038368751]","[2011137697, 13056958641, 5917677387, 3879588022, 7026638733]"
026040,제이에스티나,KOSDAQ,34657959000,4.4,994376506.6,-0.89,11.52,14.31,0.65,6,2026-08-14,"[-0.77, -3.5, 0.98, -0.89]","[1.45, -2.95, 3.3, 11.52]","[1.83, -3.71, 4.02, 14.31]","[0.88, 0.97, 1.18, 0.65]","[48.27, 29.35, 4.55]","[2021, 2022, 2023, 2024, 2025]","[67332598457, 77880466417, 75362474833, 74433968530, 72242575120]","[17624938198, 1238017446, 647689671, -1495491944, 2074577677]","[26.18, 1.59, 0.86, -2.01, 2.87]","[4416859281, 3557367362, 1553533113, 1016778996, -1475764559]","[20028391655, 7022211904, 5178500633, 2147663303, 1622067065]","[-24886655857, -8745268402, -6036739915, -2421631483, 2186862709]","[24445250936, 10579579266, 6732033746, 3164442299, 146302506]"
045510,정원엔시스,KOSDAQ,34533512829,15.78,133488060.0,1.89,1.98,4.93,0.74,5,2026-08-13,"[1.58, 0.8, 0.97, 1.89]","[1.85, 1.01, 1.24, 1.98]","[3.95, 2.15, 2.49, 4.93]","[0.91, 0.51, 0.6, 0.74]","[23.06, 23.58, 24.16, 14.91]","[2021, 2022, 2023, 2024, 2025]","[166333184772, 166266658017, 179751794283, 194450099685, 200903241754]","[1080670091, 857518816, 2203168461, 1074690062, 1625695088]","[0.65, 0.52, 1.23, 0.55, 0.81]","[187279428, -2857833304, 7279468479, -11599708377, 16107501894]","[156987136, 495419669, -13048784, 396884299, 2542751395]","[539146869, 2926916343, -2828464108, 3650978643, -9336402183]","[344266564, -2362413635, 7266419695, -11202824078, 18650253289]"
064480,브리지텍,KOSDAQ,34124387500,8.43,86050376.25,7.67,7.25,9.18,0.79,7,2026-08-12,"[7.77, -7.47, 0.62, 7.67]","[4.83, -4.07, 0.83, 7.25]","[7.07, -5.9, 1.1, 9.18]","[1.64, 1.45, 1.22, 0.79]","[23.19, 111.07, 8.61]","[2021, 2022, 2023, 2024, 2025]","[54363053720, 58935626488, 53543737975, 43561219140, 49677044033]","[2747269213, 4307709037, 4558801668, -2874840533, 617327201]","[5.05, 7.31, 8.51, -6.6, 1.24]","[10706105647, 4888483112, 13183352900, -5651948063, -3932584009]","[-5561829281, -3658538923, -2184000878, -5846222292, 3003514714]","[-1769352800, -1763483517, -2608969561, -2639647560, -2172976483]","[5144276366, 1229944189, 10999352022, -11498170355, -929069295]"
066360,체리부로,KOSDAQ,34117857961,1.35,43484713.7,6.86,6.17,15.5,0.24,5,2026-08-26,"[5.27, 0.75, 7.03, 6.86]","[5.29, -3.04, 8.74, 6.17]","[13.67, -8.55, 20.6, 15.5]","[0.62, 0.37, 0.27, 0.24]","[4.52, 1.31, 1.53]","[2021, 2022, 2023, 2024, 2025]","[363566839915, 402390021653, 399000340104, 382879314695, 405435680279]","[-26921476914, 12380199551, 14314527541, -8245188382, 24414269304]","[-7.4, 3.08, 3.59, -2.15, 6.02]","[-13694552098, 14983733758, 39641283235, 379042342, 41166571760]","[-3366017020, -5037620138, -14942871499, -30717988428, -42242779026]","[31528946001, -20579219359, -24916648831, 34412377202, 887302922]","[-17060569118, 9946113620, 24698411736, -30338946086, -1076207266]"
060540,에스에이티,KOSDAQ,34103478870,3.97,57298151.6,4.6,4.74,7.84,0.32,8,2026-08-14,"[3.1, 2.16, 2.45, 4.6]","[0.83, 1.27, 0.29, 4.74]","[1.34, 2.0, 0.46, 7.84]","[0.68, 0.38, 0.35, 0.32]","[50.81, 19.14, 74.68, 4.1]","[2021, 2022, 2023, 2024, 2025]","[163095355331, 174365922924, 152150451912, 155077385580, 159732944193]","[8782571607, 11354414541, 3257635932, 3830434247, 1240409786]","[5.38, 6.51, 2.14, 2.47, 0.78]","[6523017021, 12227019617, 7123955071, 2160360352, 10706543484]","[-9317735401, -8590686868, -14712215590, -3028560874, -1545082487]","[5558487896, 4498565510, -1042038302, -2714028303, -5528998161]","[-2794718380, 3636332749, -7588260519, -868200522, 9161460997]"
376980,원티드랩,KOSDAQ,33987051120,26.03,129172704.0,4.71,3.25,5.08,0.87,7,2026-08-14,"[3.97, -2.23, 2.67, 4.71]","[2.99, -2.46, 2.08, 3.25]","[4.03, -3.38, 3.33, 5.08]","[3.09, 1.54, 0.91, 0.87]","[76.64, 27.22, 17.04]","[2021, 2022, 2023, 2024, 2025]","[31699211601, 50291114355, 39668183099, 36742962222, 38173738651]","[3015548076, 8327097242, 1846845484, -1172065017, 1505472145]","[9.51, 16.56, 4.66, -3.19, 3.94]","[9922749623, 12480931539, 4638997397, 3912143060, 2584353175]","[-23876591679, -11889631577, 5154326940, -2513264162, -4911797549]","[22082107100, -1319471164, -11338263815, 27176357, -2039844730]","[-13953842056, 591299962, 9793324337, 1398878898, -2327444374]"
220180,폴라리스AI핸디,KOSDAQ,33981795640,12.79,18649351.8,-1.92,2.78,3.31,0.45,5,2026-08-14,"[-3.7, -7.01, -1.53, -1.92]","[2.27, 0.71, 0.71, 2.78]","[2.51, 0.87, 0.82, 3.31]","[1.11, 0.97, 0.61, 0.45]","[44.39, 111.69, 74.74, 13.49]","[2021, 2022, 2023, 2024, 2025]","[17044884247, 33114803766, 26120903057, 28374934326, 31443569900]","[1900771422, -399172449, 1177889562, -1357810031, 1152779871]","[11.15, -1.21, 4.51, -4.79, 3.67]","[2282327073, 792572203, 2322464019, 4521455608, -4154494511]","[-6769168336, 3334261266, -39088406385, 7190342898, 26644915303]","[-303567000, -1229415200, -547657680, -667807280, 9396325170]","[-4486841263, 4126833469, -36765942366, 11711798506, 22490420792]"
465480,인스피언,KOSDAQ,33758780760,4.25,46890644.5,0.0,13.5,14.66,0.6,7,2026-08-13,"[0.0, 0.0, 0.0]","[7.25, 4.39, 13.5]","[7.99, 4.78, 14.66]","[1.4, 0.91, 0.6]","[17.49, 19.15, 4.06]","[2024, 2025]","[19035192738, 20022055489]","[4697089895, 2769410706]","[24.68, 13.83]","[2528322270, 5004474945]","[-7204752993, -18762093418]","[28403431330, -1044330250]","[-4676430723, -13757618473]"
075130,플랜티넷,KOSDAQ,33695648800,212.0,73056812.75,0.81,-1.11,-1.3,0.42,5,2026-08-14,"[3.84, 5.83, 7.15, 0.81]","[2.6, 3.28, 2.01, -1.11]","[3.05, 3.88, 2.35, -1.3]","[0.49, 0.47, 0.49, 0.42]","[15.95, 12.17, 20.65, 0]","[2021, 2022, 2023, 2024, 2025]","[28556417809, 31385362362, 33066451624, 36676622317, 45612921206]","[11628608122, -1710616290, 4388668567, 5113895109, 2555268290]","[40.72, -5.45, 13.27, 13.94, 5.6]","[1133283184, 3438078690, 4659949042, 4585185576, 5189534429]","[4440353521, 6233566551, -7547716736, -1569547960, 2874923805]","[-2169293505, -2289704519, -2365339449, -1874587714, -3377558366]","[5573636705, 9671645241, -2887767694, 3015637616, 8064458234]"
007530,와이엠,KOSDAQ,33670651503,11.71,25568461.35,2.37,1.81,5.43,0.63,6,2026-08-14,"[2.5, 3.55, 2.25, 2.37]","[0.69, 3.32, 1.68, 1.81]","[2.17, 9.26, 4.75, 5.43]","[1.39, 0.95, 1.06, 0.63]","[63.89, 10.26, 22.29, 11.62]","[2021, 2022, 2023, 2024, 2025]","[122874301472, 146324333264, 166290447686, 172201380432, 177146007940]","[183907051, 3045731761, 1168940420, 6434833070, 3373301234]","[0.15, 2.08, 0.7, 3.74, 1.9]","[-2155168720, 9847801467, -3266998, 10512750723, 4853147196]","[-12650991066, 401448809, -548675455, -2956317647, -2807211436]","[5033539420, -6954189644, -4462958231, 8654732546, -9659057871]","[-14806159786, 10249250276, -551942453, 7556433076, 2045935760]"
127980,화인써키트,KOSDAQ,33449932300,707.5,27694271.5,0.02,0.66,1.43,0.74,7,2026-08-14,"[6.24, 5.25, -1.82, 0.02]","[4.92, 4.33, -4.59, 0.66]","[10.8, 9.01, -8.67, 1.43]","[1.99, 1.35, 1.63, 0.74]","[18.45, 14.94, 51.47]","[2022, 2023, 2024, 2025]","[64370929731, 69222343617, 85921268349, 81789735978]","[4441953890, 7240394293, 5480161918, -3288516718]","[6.9, 10.46, 6.38, -4.02]","[7139907950, 11874421923, 1146780813, 2819109059]","[1953026175, -36161585126, 10004187771, 15944971425]","[-4063924498, 17045349026, -8245432463, -17390032813]","[9092934125, -24287163203, 11150968584, 18764080484]"
148930,에이치와이티씨,KOSDAQ,33374698640,1.3,44174537.25,-4.91,25.13,30.48,0.4,5,2026-08-14,"[8.78, 1.31, -10.53, -4.91]","[7.84, 3.63, 4.56, 25.13]","[9.33, 4.25, 5.32, 30.48]","[1.15, 0.59, 0.49, 0.4]","[12.27, 13.92, 9.19, 1.3]","[2022, 2023, 2024, 2025]","[34213303589, 40628539637, 32321393845, 30085095751]","[2182537628, 5535068434, 2957069745, 3702367647]","[6.38, 13.62, 9.15, 12.31]","[5631806088, 3217496681, 6542731708, 1233040072]","[-29862954585, 1375266615, -3556911571, -2695896716]","[27407736464, -2389907567, -3515767861, -1907165304]","[-24231148497, 4592763296, 2985820137, -1462856644]"
239890,피엔에이치테크,KOSDAQ,33334458025,11.8,37555061.0,5.81,4.44,5.27,0.6,8,2026-08-14,"[16.19, 7.55, 7.28, 5.81]","[7.91, 4.75, 4.27, 4.44]","[11.27, 6.48, 5.16, 5.27]","[4.76, 1.46, 0.84, 0.6]","[42.25, 22.51, 16.36, 11.45]","[2021, 2022, 2023, 2024, 2025]","[24058981006, 35043741542, 40181180331, 33592601051, 30119070313]","[3634199806, 7563900649, 3148771604, 3039912870, 2404718940]","[15.11, 21.58, 7.84, 9.05, 7.98]","[-58346065, 2082485395, 2988075036, 9390188068, 8281273566]","[-7699513617, -19413562148, -7657459851, -6576421167, -100518478]","[8787022303, 20587395038, -241557233, -1488696617, -7145386031]","[-7757859682, -17331076753, -4669384815, 2813766901, 8180755088]"
419120,산돌,KOSDAQ,33282028260,15.36,52319691.75,22.13,2.99,3.78,0.57,6,2026-08-14,"[19.6, 18.17, 22.31, 22.13]","[4.34, 6.78, 4.81, 2.99]","[5.27, 8.84, 6.08, 3.78]","[1.06, 0.73, 0.97, 0.57]","[20.03, 8.22, 15.9, 15.16]","[2022, 2023, 2024, 2025]","[18350443779, 14186687039, 15749076719, 19968415924]","[11632634700, 3355554332, 5235892601, 3004503398]","[63.39, 23.65, 33.25, 15.05]","[7645497532, 3598994989, 1248316588, 6026242793]","[-36383582778, 1451262956, 8839184913, -2937048448]","[27718012558, -7551857364, -3312243276, -3158058408]","[-28738085246, 5050257945, 10087501501, 3089194345]"
021650,한국큐빅,KOSDAQ,33273395705,8.45,8352840.25,1.88,2.35,3.92,0.33,6,2026-08-14,"[4.22, 4.54, 3.49, 1.88]","[4.77, 5.66, 2.83, 2.35]","[9.55, 10.24, 4.69, 3.92]","[0.54, 0.39, 0.39, 0.33]","[5.68, 3.83, 8.28, 8.51]","[2021, 2022, 2023, 2024, 2025]","[172101995255, 210049895609, 252096865048, 252147530422, 227225841275]","[9409303857, 8628757945, 9437688877, 11210322254, 6526145723]","[5.47, 4.11, 3.74, 4.45, 2.87]","[1713833706, 9393916106, 12409472711, 16144766969, 9712534380]","[-4281060402, -5290407367, -7528077001, -7060694413, -7524702996]","[-9956320998, -1692138658, -2954665487, -3827886456, -2016329617]","[-2567226696, 4103508739, 4881395710, 9084072556, 2187831384]"
417860,오브젠,KOSDAQ,33230756360,2.99,645116028.5,0.0,0.0,0.0,2.22,4,2026-08-14,"[0.0, 0.0, 0.0, 0.0]","[-28.41, 0.0, 0.0, 0.0]","[-65.93, 0.0, 0.0, 0.0]","[12.51, 3.79, 5.26, 2.22]",[0],"[2022, 2023, 2024, 2025]","[25933381124, 16986316908, 15201656072, 24017071711]","[-1946752195, -5409311254, -3283326948, -3165668440]","[-7.51, -31.85, -21.6, -13.18]","[852570374, -3212539533, -3567680391, 2256411679]","[-618313768, -150188523, -184690572, -14712951734]","[-711760908, 13111763941, 14200409026, 11566980839]","[234256606, -3362728056, -3752370963, -12456540055]"
452300,캡스톤파트너스,KOSDAQ,33014946650,13.82,355533648.0,38.68,6.79,8.1,0.94,4,2026-08-14,"[-25.58, 22.65, 31.3, 38.68]","[-11.91, 4.93, 5.65, 6.79]","[-13.91, 5.66, 6.7, 8.1]","[2.37, 1.18, 1.14, 0.94]","[20.82, 16.97, 11.6]","[2022, 2023, 2024, 2025]","[12216491432, 9508927375, 9692753598, 7473416657]","[7946082985, -5044081496, 2195740496, 2337185592]","[65.04, -53.05, 22.65, 31.27]","[-3880685277, 3223439200, -3079951181, 1008381918]","[-11713180, -979706700, -556109000, 121000000]","[1561420643, 4540658420, -799331760, 1369241380]","[-3892398457, 2243732500, -3636060181, 1129381918]"
464280,티디에스팜,KOSDAQ,32958800000,6.5,249993577.5,17.14,8.09,11.48,0.73,8,2026-08-14,"[13.55, 13.63, 17.14]","[7.56, 7.89, 8.09]","[9.66, 9.99, 11.48]","[1.87, 1.25, 0.73]","[19.37, 12.53, 6.39]","[2024, 2025]","[27518775933, 27620873511]","[4211671554, 4972668691]","[15.3, 18.0]","[3929111224, 3780029399]","[-13310903659, -8002502830]","[12450044540, 730821420]","[-9381792435, -4222473431]"
434480,모니터랩,KOSDAQ,32930052500,17.15,175249038.5,5.87,4.16,5.1,0.85,7,2026-08-12,"[0.05, -4.32, 4.92, 5.87]","[-3.26, 4.66, 1.32, 4.16]","[-3.87, 5.54, 1.74, 5.1]","[2.08, 1.08, 1.26, 0.85]","[19.41, 72.6, 16.72]","[2022, 2023, 2024, 2025]","[14134540020, 14186630550, 14909186498, 19168619599]","[799427525, -1868896377, 1287970843, 559981930]","[5.66, -13.17, 8.64, 2.92]","[1643002564, 1781871999, 2753556291, 861036213]","[-10019218735, -10988088972, 275819684, -9476738224]","[9067756966, 19002754453, 133833173, -589275699]","[-8376216171, -9206216973, 3029375975, -8615702011]"
311390,네오크레마,KOSDAQ,32836582455,13.8,61239823.5,4.38,3.86,4.87,0.22,6,2026-08-14,"[1.12, -1.71, 6.6, 4.38]","[0.0, 0.52, 2.84, 3.86]","[0.0, 0.65, 3.54, 4.87]","[2.37, 0.5, 0.52, 0.22]","[76.16, 14.67, 4.49]","[2021, 2022, 2023, 2024, 2025]","[29886729419, 26702893112, 24866771855, 40313599873, 81943689101]","[1755477019, -1371345577, -5293918579, 702751034, 5976542043]","[5.87, -5.14, -21.29, 1.74, 7.29]","[1855772660, 2202569102, 2270187178, 1094663195, 15674388095]","[-652657208, -31206922643, 6149686474, 2184049380, -6593033344]","[256220195, 26193562430, -3980415046, 12744685648, -2504228562]","[1203115452, -29004353541, 8419873652, 3278712575, 9081354751]"
296640,이노에이엑스,KOSDAQ,32778335160,12.32,147486169.75,4.19,12.02,14.17,0.89,6,2026-08-14,"[-8.0, 10.11, 4.02, 4.19]","[0.1, 6.54, 6.37, 12.02]","[0.12, 9.38, 7.57, 14.17]","[1.27, 1.01, 0.89, 0.89]","[1097.14, 10.79, 11.78, 6.31]","[2022, 2023, 2024, 2025]","[16231490364, 15510863452, 23706726437, 22932750118]","[1591103752, -410889471, 3185235064, 2038805847]","[9.8, -2.65, 13.44, 8.89]","[3417529583, 365812659, 4099757568, -1566948440]","[-19514504199, 1716355666, -7083029985, 6150036060]","[14600196782, -1390881926, 4263313382, -6664163799]","[-16096974616, 2082168325, -2983272417, 4583087620]"
037330,인지디스플레,KOSDAQ,32694491880,5.7,107464101.2,0.6,1.3,3.03,0.15,5,2026-08-14,"[0.76, 1.49, 2.37, 0.6]","[2.4, -0.26, 2.02, 1.3]","[5.62, -0.63, 4.57, 3.03]","[0.42, 0.32, 0.3, 0.15]","[7.49, 6.61, 4.9]","[2021, 2022, 2023, 2024, 2025]","[617204053099, 700955627901, 687269080649, 732669239767, 721813553316]","[1671478483, 1324978717, 11501181115, -4143475161, 16993189322]","[0.27, 0.19, 1.67, -0.57, 2.35]","[35842945222, 30169791928, 39764770616, 39631926971, 21596175759]","[-39801711823, -29090672618, -18563388353, -25444496177, -37512130675]","[10597862316, -8042069053, -16318101104, -10951485859, 8652594320]","[-3958766601, 1079119310, 21201382263, 14187430794, -15915954916]"
263920,휴엠앤씨,KOSDAQ,32615011450,10.37,6883358.5,5.77,5.02,7.05,0.72,8,2026-08-14,"[10.0, 10.47, 4.75, 5.77]","[18.73, 5.48, 2.54, 5.02]","[25.46, 7.72, 3.45, 7.05]","[1.34, 1.05, 0.82, 0.72]","[5.28, 13.65, 23.78, 10.24]","[2021, 2022, 2023, 2024, 2025]","[19387252300, 35630099179, 48425321550, 47228709530, 52307212214]","[-6218607766, 2504971840, 8103049674, 4202959946, 1944673691]","[-32.08, 7.03, 16.73, 8.9, 3.72]","[-6632806115, 2066520304, 6140277025, 4905538894, 4957061889]","[10203856791, -20305064313, -583390985, -8733120811, 4914977827]","[6573327940, 3587279883, -645788828, 2708036523, -2268739308]","[3571050676, -18238544009, 5556886040, -3827581917, 9872039716]"
469750,아이비젼웍스,KOSDAQ,32561374545,35.0,284294770.1,0.64,1.97,2.52,0.9,8,2026-08-14,"[6.78, -1.7, 0.64]","[-9.33, -0.84, 1.97]","[-12.79, -1.09, 2.52]","[1.0, 1.22, 0.9]",[35.77],"[2024, 2025]","[35170486748, 23001097577]","[-4623570672, -325241433]","[-13.15, -1.41]","[-455225836, -154702872]","[10718311610, -1175163943]","[2033903426, -1857169305]","[10263085774, -1329866815]"
089150,케이씨티,KOSDAQ,32499250000,15.03,55430281.95,15.23,4.03,6.22,0.94,5,2026-08-14,"[13.43, 13.78, 17.47, 15.23]","[2.18, 1.65, 4.97, 4.03]","[3.39, 2.59, 7.71, 6.22]","[1.45, 1.25, 1.33, 0.94]","[42.74, 48.18, 17.31, 15.1]","[2021, 2022, 2023, 2024, 2025]","[13779099775, 14566711259, 16147530629, 11668311681, 23089563975]","[192505699, 770848679, 1398863962, 1043711341, 3422640312]","[1.4, 5.29, 8.66, 8.94, 14.82]","[-629189204, 2481494571, 1831970057, 484067024, 3838511348]","[-980692263, -179582935, -453964093, 412666529, -403406844]","[-586988429, -1790544359, -1298751414, -1324842790, -1305582680]","[-1609881467, 2301911636, 1378005964, 896733553, 3435104504]"
131090,시큐브,KOSDAQ,32241110410,7.03,65559370.5,32.04,9.21,9.69,0.66,7,2026-08-14,"[30.83, 28.33, 32.1, 32.04]","[11.83, 6.24, 8.87, 9.21]","[12.9, 6.6, 9.47, 9.69]","[0.88, 0.71, 0.6, 0.66]","[6.8, 10.8, 6.31, 6.83]","[2021, 2022, 2023, 2024, 2025]","[13198408789, 13702794762, 14445671814, 12075656393, 13438054169]","[5749152621, 5717695736, 6747693760, 3448477278, 5334594052]","[43.56, 41.73, 46.71, 28.56, 39.7]","[4728774732, 7600418732, 3577777059, 3116198231, 6324541140]","[-385012181, -5629127093, -7808186979, -153670406, -217613105]","[-585225945, -998952747, -2716691293, -2020205865, -1024674593]","[4343762551, 1971291639, -4230409920, 2962527825, 6106928035]"
099390,브레인즈컴퍼니,KOSDAQ,31930220870,4.69,75201643.0,12.31,11.23,11.94,0.59,8,2026-08-14,"[12.93, 13.54, 8.41, 12.31]","[9.11, 8.16, 7.58, 11.23]","[10.56, 9.02, 8.42, 11.94]","[1.25, 0.82, 0.81, 0.59]","[11.81, 9.04, 9.59, 4.91]","[2021, 2022, 2023, 2024, 2025]","[0, 18252937748, 25819289874, 26585842652, 25086446300]","[5679329373, 5286777507, 5367014904, 5067806652, 4815262757]","[0.0, 28.96, 20.79, 19.06, 19.19]","[5613464791, 5123081990, 3849909739, 5240570417, 5759281438]","[-15099475358, 1627342254, -4170525366, -2412293776, -2710863302]","[11270312000, -2657023870, -2353837407, -2654770180, -1344338020]","[-9486010567, 6750424244, -320615627, 2828276641, 3048418136]"
318020,포인트모바일,KOSDAQ,31860294480,2.33,133339019.25,9.76,11.23,24.15,0.54,5,2026-08-13,"[5.8, -1.82, 3.45, 9.76]","[7.23, 1.94, 3.0, 11.23]","[10.39, 3.21, 5.5, 24.15]","[2.96, 0.7, 0.89, 0.54]","[28.55, 21.87, 16.16, 2.25]","[2021, 2022, 2023, 2024, 2025]","[76307736704, 87565394346, 80027251877, 77295579606, 87204429934]","[-1144804749, -341875091, 5198086587, 1471596345, 2011030615]","[-1.5, -0.39, 6.5, 1.9, 2.31]","[-1154790370, -3090010468, 13787349965, 8012878194, -165096966]","[1123486729, 4215424860, -1181279898, -13051354526, 1746057349]","[-2831483448, 1846234776, -10198318185, 9548330438, -1674046703]","[-31303641, 1125414392, 12606070067, -5038476332, 1580960383]"
033830,티비씨,KOSDAQ,31707257010,11.06,21334957.45,1.45,2.18,2.28,0.24,5,2026-08-14,"[9.51, 3.62, 3.48, 1.45]","[4.62, 2.8, 2.77, 2.18]","[4.9, 2.97, 2.89, 2.28]","[0.74, 0.61, 0.44, 0.24]","[15.02, 20.4, 15.27, 10.63]","[2021, 2022, 2023, 2024, 2025]","[42842548188, 42483287221, 43505868968, 40284018896, 42691388395]","[5863725460, 6267203617, 7733141300, 4732828086, 4697360489]","[13.69, 14.75, 17.77, 11.75, 11.0]","[8734693256, -2077605704, 1712193486, 10600621174, 7902572295]","[-7179882753, 795439062, 497598837, -6082714183, -8723729099]","[-1050781132, -1378615682, -1550263065, -1828067196, -1169412646]","[1554810503, -1282166642, 2209792323, 4517906991, -821156804]"
080520,오디텍,KOSDAQ,31589543430,16.31,32999783.0,-10.47,0.74,0.83,0.24,5,2026-08-14,"[-12.16, -17.19, -6.0, -10.47]","[2.14, 3.99, 0.66, 0.74]","[2.4, 4.35, 0.69, 0.83]","[0.44, 0.28, 0.28, 0.24]","[18.54, 6.33, 41.04, 29.47]","[2021, 2022, 2023, 2024, 2025]","[54427039739, 40389289878, 34964165951, 37001931925, 37959545863]","[5386508671, -4515637800, -2956282983, 6817039261, 1334381160]","[9.9, -11.18, -8.46, 18.42, 3.52]","[3021213162, 3491714967, 3823663069, 2557072055, -440299154]","[-2261689519, 3297964230, -13612420312, 14151572219, 2485531080]","[6836950985, -1801491126, -2067162881, -5220222007, -3208245860]","[759523643, 6789679197, -9788757243, 16708644274, 2045231926]"
187270,신화콘텍,KOSDAQ,31040165700,10.6,28279600.75,4.42,2.81,3.84,0.43,5,2026-08-14,"[9.46, 13.4, 8.98, 4.42]","[4.12, 7.75, 3.05, 2.81]","[6.4, 11.24, 4.1, 3.84]","[0.76, 0.45, 0.45, 0.43]","[11.93, 3.96, 10.98, 11.18]","[2021, 2022, 2023, 2024, 2025]","[43877902025, 44947291912, 51942907903, 51968813986, 53433430757]","[4140388327, 5531782442, 5291276962, 8366095867, 3769929010]","[9.44, 12.31, 10.19, 16.1, 7.06]","[5822825883, 8897780182, 12517259748, 8906457188, 6540882119]","[87323041, -6361775970, -6477746090, 913937550, 4763376119]","[-3029546097, -1671580750, -4509093873, -8402677684, -5513903029]","[5910148924, 2536004212, 6039513658, 9820394738, 11304258238]"
012620,원일특강,KOSDAQ,31020000000,4.76,26227005.0,2.71,2.11,3.81,0.18,3,2026-08-14,"[3.54, 3.16, 3.11, 2.71]","[3.06, 2.6, 2.9, 2.11]","[5.17, 4.15, 4.92, 3.81]","[0.25, 0.2, 0.22, 0.18]","[4.86, 4.76, 4.37, 4.79]","[2021, 2022, 2023, 2024, 2025]","[327893606447, 385097179563, 379986386064, 379299734226, 398115514874]","[22714539804, 13543030578, 8683725607, 7946297426, 10199656760]","[6.93, 3.52, 2.29, 2.09, 2.56]","[5764397699, -6425046265, 13214967654, 15442751364, -11011661642]","[58609393, -1697882150, -5649540074, 2612150229, -4040645634]","[-21336097930, 4226311245, -9961139583, -12946474971, 12524410484]","[5823007092, -8122928415, 7565427580, 18054901593, -15052307276]"
031510,오스템,KOSDAQ,30800000000,2.69,132098492.95,5.62,7.72,14.41,0.39,8,2026-08-14,"[6.98, 0.34, 3.23, 5.62]","[4.67, -32.58, 0.61, 7.72]","[7.42, -60.08, 1.21, 14.41]","[0.54, 0.53, 0.45, 0.39]","[7.25, 37.26, 2.73]","[2021, 2022, 2023, 2024, 2025]","[112783537605, 110892575490, 141975544188, 127865182887, 128548602017]","[-15728141619, -18083647086, 17136282553, -38867872798, 1815072054]","[-13.95, -16.31, 12.07, -30.4, 1.41]","[5065707775, -1311473080, 2697153952, 8285913493, 9625221425]","[-14131823547, 552106911, 37654896882, -4066536115, -4846672000]","[-5744880745, -7208746272, -37724149943, -3706501432, 6340614447]","[-9066115772, -759366169, 40352050834, 4219377378, 4778549425]"
020180,대신정보통신,KOSDAQ,30743132000,2.48,176893869.5,4.1,3.48,12.12,0.67,3,2026-08-14,"[1.83, 3.61, 4.49, 4.1]","[-0.06, 6.31, 4.23, 3.48]","[-0.17, 19.04, 14.74, 12.12]","[1.67, 1.1, 1.0, 0.67]","[5.77, 6.79, 5.53]","[2021, 2022, 2023, 2024, 2025]","[193750021378, 180570933137, 228487621631, 255122447363, 202861487817]","[2166338010, 2679509309, 114526930, 8310780947, 7273279333]","[1.12, 1.48, 0.05, 3.26, 3.59]","[8260931501, 1691620080, 1761834581, -5075199502, -8634210591]","[-5053844931, -2022818818, 1745661544, -4685091442, -10852410364]","[-500384450, -494119416, -810185956, 13760998336, 22952528887]","[3207086570, -331198738, 3507496125, -9760290944, -19486620955]"
093380,풍강,KOSDAQ,30724663430,5.65,76530929.0,3.87,4.5,5.86,0.42,7,2026-04-14,"[5.38, 1.24, 0.81, 3.87]","[6.18, -1.0, 0.84, 4.5]","[7.67, -1.29, 1.1, 5.86]","[0.52, 0.32, 0.38, 0.42]","[6.81, 34.93, 7.13]","[2021, 2022, 2023, 2024, 2025]","[76805148961, 83422538833, 97322976980, 93027835673, 90273114653]","[5313620168, 5455424024, 7024379428, -722847079, 870201883]","[6.92, 6.54, 7.22, -0.78, 0.96]","[6748808549, 8359269672, 4776325204, 5498850921, 6985822755]","[-6203536537, -1801618226, 1442596311, -5365153246, -4509602795]","[-1313751456, -6319595905, -4472721894, 1510016482, -860173036]","[545272012, 6557651446, 6218921515, 133697675, 2476219960]"
079170,한창산업,KOSDAQ,30160000000,7.19,86818853.5,3.36,4.52,5.56,0.4,3,2026-08-13,"[2.34, 9.27, 8.0, 3.36]","[1.82, 7.85, 7.62, 4.52]","[2.52, 10.12, 9.08, 5.56]","[0.7, 0.52, 0.47, 0.4]","[27.68, 5.13, 5.14, 7.21]","[2021, 2022, 2023, 2024, 2025]","[73739923344, 99300011205, 66951087089, 94639979407, 98562693505]","[4385947985, 7413140316, 1392988192, 8472407701, 8191105095]","[5.95, 7.47, 2.08, 8.95, 8.31]","[-3229462590, 6623131417, 12727530069, 9981417715, 6057378302]","[1079988899, -5323638495, -11527929407, -5963650124, -5224192270]","[1553318360, -18970930, -901669400, -5296475520, -1212366340]","[-2149473691, 1299492922, 1199600662, 4017767591, 833186032]"
297570,아틀라스링크,KOSDAQ,30085838442,3.78,34217543.15,15.41,7.02,14.05,0.52,6,2026-08-14,"[15.99, 15.53, 15.24, 15.41]","[8.38, -0.67, 3.97, 7.02]","[12.03, -1.0, 8.17, 14.05]","[1.28, 0.66, 0.71, 0.52]","[10.62, 8.68, 3.68]","[2021, 2022, 2023, 2024, 2025]","[36672802384, 28744200269, 26583526247, 30947059461, 42912841922]","[6447001507, 7427298687, 5711411178, -639739949, 7002318150]","[17.58, 25.84, 21.48, -2.07, 16.32]","[1611101776, 845545863, 12653221967, 7409398859, 5629086513]","[-797939076, -5583942145, -15806117511, -8461328381, -1926974812]","[5325862732, -587464186, 5739946694, 590634202, -3127605354]","[813162700, -4738396282, -3152895544, -1051929522, 3702111701]"
237820,플레이디,KOSDAQ,30015507600,7.38,368829613.75,10.43,2.86,4.65,0.34,5,2026-08-14,"[6.79, 10.36, 15.47, 10.43]","[2.13, 3.19, 4.04, 2.86]","[3.55, 5.02, 6.45, 4.65]","[1.02, 0.82, 0.64, 0.34]","[28.6, 16.25, 9.92, 7.27]","[2021, 2022, 2023, 2024, 2025]","[34680497548, 43952147282, 37255650160, 38614111514, 40227143049]","[3939216345, 6153108735, 3471381102, 5581482603, 7574789047]","[11.36, 14.0, 9.32, 14.45, 18.83]","[-1353643267, 15251693, 5243408288, 15303828328, 6913104017]","[-3443244598, -2659450882, -6810318930, -8437955840, -2379963585]","[-1201135940, -1185347280, -1220926636, -1310041507, -1370406691]","[-4796887865, -2644199189, -1566910642, 6865872488, 4533140432]"
193250,링크드,KOSDAQ,29946409920,2.84,341677705.8,-11.9,14.82,19.99,0.46,3,2026-08-14,"[-21.95, 0.0, 0.0, -11.9]","[-15.1, 0.0, 0.0, 14.82]","[-16.77, 0.0, 0.0, 19.99]","[0.72, 0.6, 0.45, 0.46]",[2.31],"[2021, 2022, 2023, 2024, 2025]","[38394217330, 30233618983, 20171254674, 14078981236, 10455279389]","[-1300729415, 6498963672, -12809453883, -17240575683, -2987104074]","[-3.39, 21.5, -63.5, -122.46, -28.57]","[4273995045, 4891708548, 3283492900, -4717757502, -7349238923]","[-7204923121, 1133310757, -2927256769, -1184685957, -6117542621]","[6925652937, -4555590546, 1511491650, -3778919029, 6673915802]","[-2930928076, 6025019305, 356236131, -5902443459, -13466781544]"
351870,차이커뮤니케이션,KOSDAQ,29631504510,24.86,271775057.8,6.18,0.55,1.7,0.5,6,2026-08-14,"[6.03, 6.67, 6.18]","[-0.2, 1.48, 0.55]","[-0.62, 4.31, 1.7]","[2.15, 0.95, 0.5]","[21.97, 29.52]","[2024, 2025]","[58777951391, 66474697200]","[700458505, 2874372940]","[1.19, 4.32]","[12807360787, 1175537340]","[-74604198546, -1622420483]","[58670318329, 4187672164]","[-61796837759, -446883143]"
318010,팜스빌,KOSDAQ,29616077430,9.88,12959179.0,-6.14,4.42,4.53,0.44,6,2026-08-20,"[7.63, -1.54, -5.29, -6.14]","[4.64, 2.36, 4.24, 4.42]","[5.17, 2.45, 4.36, 4.53]","[1.07, 0.46, 0.41, 0.44]","[20.8, 18.81, 9.41, 9.81]","[2021, 2022, 2023, 2024, 2025]","[39027506833, 26113221456, 21394730375, 16724977154, 12728245936]","[6164273167, 5191974582, 3966419057, 1829833599, 3590711303]","[15.79, 19.88, 18.54, 10.94, 28.21]","[8272837609, 5203275184, 4651316936, -346559887, 1893776066]","[-2599703612, 521261045, -10672012266, 15611259934, -17224236565]","[-1214984429, -1519494004, -6715556506, -2960130369, -781929115]","[5673133997, 5724536229, -6020695330, 15264700047, -15330460499]"
458350,에스팀,KOSDAQ,29609712000,60.71,49160380.5,2.39,1.25,1.66,1.02,5,2026-08-14,"[5.65, 7.0, 2.39]","[6.29, 8.29, 1.25]","[11.11, 13.49, 1.66]",[1.02],[61.73],"[2024, 2025]","[35573738421, 35151802281]","[1857649018, 2319636659]","[5.22, 6.6]","[3415502081, 1667354019]","[-1034415838, -331354917]","[-807767560, -775772060]","[2381086243, 1335999102]"
096630,에스코넥,KOSDAQ,29609342395,1.47,37364866.4,1.91,13.59,22.53,0.34,3,2026-08-14,"[2.89, 3.61, 4.76, 1.91]","[-0.64, -13.89, 20.92, 13.59]","[-1.75, -50.46, 40.27, 22.53]","[1.83, 0.99, 0.55, 0.34]","[1.37, 1.52]","[2021, 2022, 2023, 2024, 2025]","[181350412327, 200357859731, 275313638771, 289273100792, 278688408641]","[-15097093167, 6081969657, -3685494827, 16676288156, 35505798645]","[-8.32, 3.04, -1.34, 5.76, 12.74]","[1701598418, 9116547524, 10838705632, 10945454028, 18476607127]","[4008183610, -6935920451, -9864840661, -13721700618, 5968981946]","[-12342376045, 12299867105, -9754567598, 4605808175, -32500835323]","[5709782028, 2180627073, 973864971, -2776246590, 24445589073]"
195500,마니커에프앤지,KOSDAQ,29479410000,10.91,469900436.0,2.73,2.14,3.33,0.37,8,2026-08-14,"[2.08, 3.57, 2.33, 2.73]","[1.95, 2.44, 1.77, 2.14]","[3.12, 3.87, 2.73, 3.33]","[0.74, 0.58, 0.57, 0.37]","[23.72, 15.09, 20.99, 10.97]","[2021, 2022, 2023, 2024, 2025]","[84928791193, 89362824959, 101217984830, 107702390835, 106758230980]","[-103223748, -129829716, 2368664309, 3606769388, 2506430166]","[-0.12, -0.15, 2.34, 3.35, 2.35]","[7843799578, -13534701279, 3062470332, 13774309779, -4939727472]","[-26880558959, 2441208546, -1245164490, -4851955342, -7714431906]","[15955995058, 14432894, 621274520, -311012993, -439758556]","[-19036759381, -11093492733, 1817305842, 8922354437, -12654159378]"
363260,모비데이즈,KOSDAQ,29462012404,17.96,116865888.95,9.37,1.65,4.6,0.6,6,2026-08-12,"[-7.97, 0.85, 10.16, 9.37]","[-0.82, -1.47, 2.46, 1.65]","[-1.87, -3.71, 6.32, 4.6]","[2.13, 1.17, 1.04, 0.6]","[16.46, 13.0]","[2021, 2022, 2023, 2024, 2025]","[0, 16050403622, 23890581882, 37232287419, 44359105328]","[-44842539, -6161115982, -1887291443, -1968444180, 3984885354]","[0.0, -38.39, -7.9, -5.29, 8.98]","[-56688767, 5364539674, -17708373772, -2353180387, 22716622148]","[-12000000000, -14725584697, -8704732988, 7034300565, -2408706233]","[11804195500, 1246191144, 17146286271, -3952412151, -2010598576]","[-12056688767, -9361045023, -26413106760, 4681120178, 20307915915]"
376180,피코그램,KOSDAQ,29382123154,6.61,78870448.45,-0.65,7.17,10.37,0.71,7,2026-08-14,"[5.51, 8.83, -2.28, -0.65]","[6.46, 9.13, -1.84, 7.17]","[12.43, 16.54, -2.75, 10.37]","[2.95, 1.04, 1.11, 0.71]","[23.74, 6.29, 6.86]","[2021, 2022, 2023, 2024, 2025]","[26431821057, 29215510616, 27708930019, 32144304576, 30872569046]","[2924919996, 3759114419, 5150226742, 8591357198, -2186446501]","[11.07, 12.87, 18.59, 26.73, -7.08]","[2129127795, 4458883034, 1783200153, 2024344713, 2024933083]","[-10504803834, -1191523467, -14162078541, 1739715866, 9977180671]","[9074375946, -1490879878, 14918624594, -83271649, -17367466224]","[-8375676039, 3267359567, -12378878388, 3764060579, 12002113754]"
336060,웨이버스,KOSDAQ,29278361600,16.07,39522314.75,1.73,3.07,4.49,0.71,3,2026-08-14,"[10.38, 2.98, 2.84, 1.73]","[14.33, 5.98, 4.82, 3.07]","[20.05, 8.3, 6.4, 4.49]","[2.02, 1.49, 1.12, 0.71]","[10.05, 17.99, 17.54, 15.92]","[2022, 2023, 2024, 2025]","[40546670553, 48755717335, 56364920891, 70202813590]","[-8236584782, 7763882654, 3236876094, 2466450462]","[-20.31, 15.92, 5.74, 3.51]","[4639892824, 4769318747, 5814255805, 7635552623]","[-2552959447, -10063975275, -358272545, -8189063384]","[-582905515, -469919718, -532338531, -716508809]","[2086933377, -5294656528, 5455983260, -553510761]"
262840,아이퀘스트,KOSDAQ,29164787520,3.62,29272966.0,8.42,8.48,14.75,0.45,7,2026-08-12,"[9.04, 8.41, 9.81, 8.42]","[6.11, 6.84, 5.3, 8.48]","[7.17, 7.86, 9.95, 14.75]","[1.05, 0.81, 0.64, 0.45]","[14.65, 10.31, 6.48, 3.03]","[2021, 2022, 2023, 2024, 2025]","[15677472778, 26366936666, 40078912565, 40638997617, 43564251822]","[3930611112, 3296390144, 4084025676, 3991780234, 5952954202]","[25.07, 12.5, 10.19, 9.82, 13.66]","[7100771162, 6960601442, 4416022401, 9361028750, 9172572052]","[-19075975074, -7070442976, -2366919281, -8172515752, -42549237376]","[17009934989, -1034206548, -1287791382, -2012589816, 41392839948]","[-11975203912, -109841534, 2049103120, 1188512998, -33376665324]"
075970,동국알앤에스,KOSDAQ,29164000000,40.67,25206943.35,2.55,0.55,0.85,0.35,6,2026-08-14,"[1.92, 1.03, 3.05, 2.55]","[0.54, 1.36, 0.46, 0.55]","[0.84, 2.12, 0.71, 0.85]","[0.81, 0.58, 0.51, 0.35]","[96.06, 27.32, 71.77, 41.69]","[2021, 2022, 2023, 2024, 2025]","[104140900057, 118181742675, 108390541218, 110359936194, 110734618130]","[3462962698, 4501651454, 302395319, 835037813, 891591300]","[3.33, 3.81, 0.28, 0.76, 0.81]","[-3770206100, 6569692569, 6232611273, 5607855299, 6726233785]","[-6230433585, 5352897635, -3505869503, -2271852569, -933560277]","[1276034124, -6534905841, -2996132105, -2025525784, -4741840623]","[-10000639685, 11922590204, 2726741770, 3336002730, 5792673508]"
038620,위즈코프,KOSDAQ,29125552239,2.04,36023296.6,4.02,11.99,14.38,0.27,6,2026-08-14,"[1.16, 2.67, 2.21, 4.02]","[1.36, 0.97, 4.03, 11.99]","[1.84, 1.22, 4.78, 14.38]","[0.7, 0.64, 0.46, 0.27]","[37.87, 52.3, 9.65, 1.89]","[2021, 2022, 2023, 2024, 2025]","[35478283378, 41213941237, 56065934824, 104651520953, 112636294223]","[-4694565917, 5053489938, 1898071087, 1618224527, 6981960896]","[-13.23, 12.26, 3.39, 1.55, 6.2]","[1696590285, 1005636456, 2335925536, 7255949126, 5573153714]","[8121944281, -3223827571, -12179150343, -4420743055, -7819391359]","[-934020833, 5607438676, 9337906888, -8481154655, -3221658410]","[9818534566, -2218191115, -9843224807, 2835206071, -2246237645]"
066910,손오공,KOSDAQ,29111507744,4.83,100929306.3,-5.26,4.72,10.58,0.6,6,2026-08-14,"[-18.87, -29.76, -6.89, -5.26]","[-24.22, -16.56, 0.67, 4.72]","[-54.45, -33.97, 1.64, 10.58]","[9.56, 2.51, 0.92, 0.6]","[56.13, 5.65]","[2021, 2022, 2023, 2024, 2025]","[75450508230, 66683494889, 50347819486, 30533858527, 96999899742]","[3377261472, -7644980967, -11875203041, -7144204093, -879437095]","[4.48, -11.46, -23.59, -23.4, -0.91]","[-5667320381, 373938789, -1207949908, -2712736649, -6276797664]","[1558000715, -1435951749, -7387438580, 8010605705, -38917265657]","[6124498241, 1850760217, 8149024675, 5382479116, 38063383435]","[-4109319666, -1062012960, -8595388488, 5297869056, -45194063321]"
119500,포메탈,KOSDAQ,29084954560,16.21,84506359.75,3.03,2.83,3.5,0.56,4,2026-08-14,"[3.01, 2.29, 3.8, 3.03]","[2.91, 2.52, 3.47, 2.83]","[3.88, 3.13, 4.2, 3.5]","[0.9, 0.7, 0.79, 0.56]","[23.19, 22.45, 18.8, 16.05]","[2021, 2022, 2023, 2024, 2025]","[62089298680, 69599538303, 71095183868, 65149120698, 51114697557]","[2060091354, 1749452443, 1962700599, 1543983495, 2063214797]","[3.32, 2.51, 2.76, 2.37, 4.04]","[803208988, 2749914033, 3794483959, 6862324859, 4881515575]","[-1363348700, -925033800, -844303346, -2734915555, -647576046]","[-291100991, -1493113792, -2475602556, -2136116497, -3333086804]","[-560139712, 1824880233, 2950180613, 4127409304, 4233939529]"
069410,엔텔스,KOSDAQ,28992851920,10.02,39755614.0,1.96,3.47,4.75,0.49,4,2026-08-14,"[-7.16, -0.51, 3.24, 1.96]","[-2.22, 1.95, 4.53, 3.47]","[-2.6, 2.4, 5.65, 4.75]","[1.07, 0.75, 0.95, 0.49]","[31.38, 16.85, 10.29]","[2021, 2022, 2023, 2024, 2025]","[57500385664, 53582322397, 44886674889, 47878756057, 66760703264]","[5332475529, 187175768, -1624188769, 1519091249, 3740056770]","[9.27, 0.35, -3.62, 3.17, 5.6]","[9318289056, 1752768138, -3577908735, 1524093303, 7873940240]","[-5261538614, 5743138844, -4813090407, -4424055351, -2468143992]","[-245420793, -1136273744, -238306638, 231029382, -1599997524]","[4056750442, 7495906982, -8390999142, -2899962048, 5405796248]"
139670,키네마스터,KOSDAQ,28802372400,4.04,33357621.6,11.69,21.91,23.5,0.94,7,2026-08-14,"[11.1, 4.44, 7.55, 11.69]","[13.35, 18.12, 12.38, 21.91]","[15.73, 20.05, 13.46, 23.5]","[3.95, 1.84, 1.44, 0.94]","[25.12, 9.19, 10.7, 4.01]","[2021, 2022, 2023, 2024, 2025]","[26406395862, 19429769494, 16773679386, 13333948574, 12259444646]","[-1105082885, -13590547022, 2926761284, 4507171980, 3957361782]","[-4.18, -69.95, 17.45, 33.8, 32.28]","[-1739494717, -15158596469, 3970427006, 3484548653, 2926769728]","[-8942911775, -2016253975, -3666994074, -1703596236, -4898370319]","[10129421009, 7162729933, -397385633, -399210630, -267802740]","[-10682406492, -17174850444, 303432932, 1780952417, -1971600591]"
364950,에이아이코리아,KOSDAQ,28622735250,9.03,90361179.25,-6.5,-1.01,-1.78,0.47,3,2026-08-14,"[7.69, 3.24, -6.5]","[14.31, -1.29, -1.01]","[27.76, -1.91, -1.78]","[1.2, 0.47]",[0],"[2024, 2025]","[114555344263, 86949654104]","[14269025009, -2041564356]","[12.46, -2.35]","[-12001485363, 21310646270]","[5828292464, -12688692241]","[6608999336, -4123743167]","[-6173192899, 8621954029]"
069140,누리플랜,KOSDAQ,28591452776,49.87,85495511.15,3.37,1.46,3.87,0.54,4,2026-08-11,"[-20.17, 3.56, 4.1, 3.37]","[-18.72, 1.37, 0.97, 1.46]","[-66.72, 4.76, 2.96, 3.87]","[0.68, 0.47, 0.95, 0.54]","[9.94, 32.06, 13.86]","[2021, 2022, 2023, 2024, 2025]","[133355666222, 131152943054, 122181435860, 116059214572, 117635132082]","[1472314842, -7501215203, -27513023705, 1835004074, -1053868782]","[1.1, -5.72, -22.52, 1.58, -0.9]","[-1123266285, 1447431703, -13105111969, 5008723032, 9234564838]","[-4274046204, 717121065, -90133185, 324973940, -2147267838]","[3578209947, 9057229549, 9564785745, -5060479582, -6820569692]","[-5397312489, 2164552768, -13195245154, 5333696972, 7087297000]"
017000,신원종합개발,KOSDAQ,28528326015,3.32,199484396.75,5.35,3.52,7.06,0.24,7,2026-08-14,"[1.01, 5.78, 4.07, 5.35]","[3.24, 2.53, 2.19, 3.52]","[8.13, 5.17, 4.33, 7.06]","[0.42, 0.31, 0.34, 0.24]","[5.11, 6.02, 7.89, 3.39]","[2021, 2022, 2023, 2024, 2025]","[139060809283, 188210171518, 309755353209, 259809713516, 211310547626]","[4294939615, 9124637217, 10778762230, 2757455416, 5430067426]","[3.09, 4.85, 3.48, 1.06, 2.57]","[-11341741281, 12039838160, 18499805212, 12937999028, 3406341491]","[5952314856, -22827245282, -19744936354, 13362206614, -5074340937]","[15508371345, -6373964328, -1475367070, -14278208455, -4798630880]","[-5389426425, -10787407122, -1245131142, 26300205642, -1667999446]"
310870,디와이씨,KOSDAQ,28521305202,3.67,164935526.55,6.59,5.03,12.13,0.47,7,2026-08-14,"[7.47, 4.9, 4.61, 6.59]","[4.13, 0.61, 2.79, 5.03]","[8.64, 1.24, 6.81, 12.13]","[0.73, 0.69, 0.5, 0.47]","[8.46, 55.67, 7.37, 3.85]","[2021, 2022, 2023, 2024, 2025]","[87268255843, 120652617749, 122419662930, 100112472400, 111038786425]","[-2836714775, 5398669555, 5222144321, 169531935, 3695958516]","[-3.25, 4.47, 4.27, 0.17, 3.33]","[-1522281281, 5558746476, 19424793258, 4875165169, 13127900489]","[-4286314373, -8046160197, -4906865698, -9377189532, -19160681484]","[-4900581185, 6995877088, -15586333663, 1446825982, 11901645306]","[-5808595654, -2487413721, 14517927560, -4502024363, -6032780995]"
027040,서울전자통신,KOSDAQ,28461837605,19.04,398276007.05,-9.83,4.82,11.12,2.24,6,2026-08-14,"[-10.86, -6.23, -4.77, -9.83]","[-13.11, -3.95, -13.53, 4.82]","[-37.37, -18.29, -61.04, 11.12]","[0.75, 1.04, 1.6, 2.24]",[20.11],"[2021, 2022, 2023, 2024, 2025]","[69119405634, 51836203952, 34586691657, 35822248206, 33729253174]","[884191161, -11297793694, -14796232271, 2927640900, -5112935304]","[1.28, -21.8, -42.78, 8.17, -15.16]","[1823090198, 2820950842, 2412678764, -522425497, -2671562835]","[-8384732849, -16211152786, -590756035, 10455808368, 28825576965]","[8940718704, 22902220847, -4309058906, -17250063365, -24161086215]","[-6561642651, -13390201944, 1821922729, 9933382871, 26154014130]"
462980,아이지넷,KOSDAQ,28427487283,9.57,36911033.0,12.42,5.98,16.12,1.19,5,2026-08-20,"[1.51, 8.53, 12.42]","[0.8, 5.08, 5.98]","[2.65, 11.57, 16.12]","[1.7, 1.19]","[14.73, 7.42]","[2024, 2025]","[23340662328, 39018670597]","[432102020, 3297123095]","[1.85, 8.45]","[1409621430, 1616433015]","[-672654678, -8018963928]","[-541748755, 13133768203]","[736966752, -6402530913]"
031310,아이즈비전,KOSDAQ,28408051705,2.49,66438534.45,2.36,0.44,0.67,0.13,3,2026-08-14,"[3.55, 0.56, 1.74, 2.36]","[-0.33, -0.36, 3.1, 0.44]","[-0.44, -0.44, 4.29, 0.67]","[0.5, 0.3, 0.21, 0.13]","[5.01, 19.66]","[2021, 2022, 2023, 2024, 2025]","[145025330102, 191621557326, 190968431347, 182782663558, 194376148403]","[26509163269, -14951687915, 1867908652, 1346545013, 8893338614]","[18.28, -7.8, 0.98, 0.74, 4.58]","[-8733897796, -16653225950, 21364922753, 6175496999, 9443696996]","[-18958786204, 9590024441, -7325982606, -7211850667, -16716663629]","[20558504176, -2580517941, 1156944264, -7229763080, 19138291980]","[-27692684000, -7063201509, 14038940147, -1036353668, -7272966633]"
109960,앱토크롬,KOSDAQ,28372936875,0.56,15020771.95,-12.77,10.08,10.58,0.08,6,2026-08-13,"[1.18, 5.89, -23.31, -12.77]","[1.32, -8.37, -1.76, 10.08]","[1.45, -9.28, -1.84, 10.58]","[0.8, 0.51, 0.24, 0.08]","[54.92, 0.74]","[2021, 2022, 2023, 2024, 2025]","[8416313292, 9597995160, 16006600520, 16399967174, 9807257584]","[2647323868, 2776341710, 5577676022, -26340182578, -6425816896]","[31.45, 28.93, 34.85, -160.61, -65.52]","[-13291337538, 17284240893, 1662003506, 4707004208, 2435719590]","[-6787662352, -18467245001, -97251790931, -51923813739, 8816689263]","[-95594931, 5458897972, 89002021036, 42686174931, -11816427762]","[-20078999890, -1183004108, -95589787425, -47216809531, 11252408853]"
115480,씨유메디칼,KOSDAQ,28372291740,3.01,68632250.5,23.96,6.6,11.56,0.36,6,2026-08-14,"[11.82, 19.2, 22.42, 23.96]","[-9.5, -3.03, 0.82, 6.6]","[-15.01, -5.3, 1.37, 11.56]","[0.93, 0.67, 0.54, 0.36]","[39.52, 3.07]","[2021, 2022, 2023, 2024, 2025]","[35402267064, 46957359252, 41803052141, 40629340409, 48222586383]","[-15140415069, 10445882561, -7443155059, -2474227570, 1508971261]","[-42.77, 22.25, -17.81, -6.09, 3.13]","[490425308, 3121378844, 8275047035, 14072156893, 9686963710]","[-1518483043, -13969423457, -11476329453, -31869885902, -537617025]","[10239106720, 5300443857, 7037449833, 21084903450, -4218822697]","[-1028057735, -10848044613, -3201282418, -17797729009, 9149346685]"
388610,지에프씨생명과학,KOSDAQ,28331037560,25.83,86023611.0,4.37,2.87,4.32,1.14,5,2026-08-13,"[10.14, 2.18, 4.37]","[-29.65, 1.64, 2.87]","[-54.56, 2.33, 4.32]","[7.15, 3.21, 1.14]","[137.44, 26.34]","[2024, 2025]","[16804533739, 17714780998]","[-5733018822, 98384451]","[-34.12, 0.56]","[2967002822, 1366961484]","[-2663797612, -7620577344]","[-284432356, 12183496251]","[303205210, -6253615860]"
045300,성우테크론,KOSDAQ,28213257100,3.97,84264711.25,11.13,6.95,9.01,0.35,6,2026-08-14,"[-2.39, 2.84, 4.77, 11.13]","[-1.13, 2.28, 4.73, 6.95]","[-1.53, 3.18, 6.3, 9.01]","[0.6, 0.37, 0.41, 0.35]","[11.53, 6.48, 3.94]","[2021, 2022, 2023, 2024, 2025]","[43897687212, 44409948471, 33775629980, 41687064810, 40916515347]","[6408415165, 5135167441, -1549263495, 2604346292, 5211347483]","[14.6, 11.56, -4.59, 6.25, 12.74]","[8630166333, 4764400614, 2771497730, 5097144688, 7039298840]","[3411442088, -21167383979, -4677819704, -722254209, -819881251]","[-2378782640, -1403538551, -410323808, 1918445652, -4528169594]","[12041608421, -16402983365, -1906321974, 4374890479, 6219417589]"
103840,우양,KOSDAQ,28150256160,30.34,57011349.05,1.94,0.58,1.99,0.62,6,2026-08-14,"[0.68, 0.26, 2.54, 1.94]","[-2.6, -0.87, 1.46, 0.58]","[-9.35, -2.98, 4.84, 1.99]","[1.97, 1.21, 1.16, 0.62]","[23.9, 30.92]","[2021, 2022, 2023, 2024, 2025]","[139168265812, 163412927036, 191294814010, 176260400982, 183775849010]","[1226126273, -3491921541, -3431357119, -5892829792, 1718540148]","[0.88, -2.14, -1.79, -3.34, 0.94]","[-929123211, 2753439293, 7537516531, 862905414, 10586577951]","[-6528022317, -12849422070, -372433836, -4193066232, -3230238938]","[7283542172, 10948603301, -5905921306, 3278079464, -9293291079]","[-7457145528, -10095982777, 7165082695, -3330160818, 7356339013]"
160550,NEW,KOSDAQ,28045636530,35.89,29919916.25,-1.63,0.23,0.45,0.24,6,2026-08-14,"[-4.32, -16.74, 1.86, -1.63]","[0.0, -9.26, 0.22, 0.23]","[0.0, -19.87, 0.43, 0.45]","[0.88, 0.49, 0.51, 0.24]","[119.13, 53.57]","[2021, 2022, 2023, 2024, 2025]","[146057166294, 155617110146, 129147737184, 113244615452, 142653217026]","[-31626394160, -350170875, -13526106372, -25182814346, 675211724]","[-21.65, -0.23, -10.47, -22.24, 0.47]","[-41946024527, -9078074719, -4118295612, -19000474473, 35425396683]","[-14958429508, 10297848964, 8337371239, 16544921671, 3060030028]","[68943705775, 10016155072, 16480082265, -15327659803, -21697051761]","[-56904454035, 1219774245, 4219075627, -2455552802, 38485426711]"
131220,대한과학,KOSDAQ,27917065050,7.77,46153351.0,6.95,7.26,9.09,0.48,6,2026-08-14,"[8.37, 5.89, 6.82, 6.95]","[8.16, 5.79, 6.62, 7.26]","[10.72, 7.42, 8.42, 9.09]","[0.97, 0.66, 0.64, 0.48]","[9.03, 8.85, 7.55, 5.26]","[2021, 2022, 2023, 2024, 2025]","[66280825526, 72279688057, 73702238899, 71694370061, 81117767870]","[6101885809, 7514281732, 6424038168, 4552343639, 5659455114]","[9.21, 10.4, 8.72, 6.35, 6.98]","[4132236223, 4512484170, 4792754494, 3987454173, 5443685410]","[-4350247681, -4379630341, -2727168286, -1236794996, -3227579878]","[908450810, -719669446, -1379817843, -3081702930, -2542894490]","[-218011458, 132853829, 2065586208, 2750659177, 2216105532]"
290270,휴네시온,KOSDAQ,27718133720,4.88,50014329.0,9.78,8.35,9.31,0.56,5,2026-08-14,"[12.9, 8.55, 12.73, 9.78]","[13.25, 7.03, 9.86, 8.35]","[15.81, 8.17, 11.3, 9.31]","[0.88, 0.69, 0.71, 0.56]","[5.56, 8.39, 6.29, 6.0]","[2021, 2022, 2023, 2024, 2025]","[26542241555, 30423152330, 36140422011, 36892798614, 37730120046]","[17844073598, -8712610302, 6906151583, 3086501506, 5626650722]","[67.23, -28.64, 19.11, 8.37, 14.91]","[5744260319, 5033795903, 7617253307, 3191947235, 6416766471]","[-3882108915, -3960267773, -3455620550, -3513384880, -5062222096]","[-619924713, -1396862044, -948375522, -1033392829, -459321073]","[1862151404, 1073528130, 4161632757, -321437645, 1354544375]"
058110,멕아이씨에스,KOSDAQ,27671113720,25.88,87425866.8,3.71,1.91,2.88,0.74,6,2026-08-11,"[-104.62, -83.49, -24.69, 3.71]","[-23.69, -17.31, -4.81, 1.91]","[-32.67, -26.21, -7.38, 2.88]","[1.3, 0.8, 0.83, 0.74]",[25.67],"[2021, 2022, 2023, 2024, 2025]","[49296023356, 28753861806, 13261391997, 11369004636, 11287751059]","[10632586690, -2734209797, -15466245670, -10109423212, -2700911234]","[21.57, -9.51, -116.63, -88.92, -23.93]","[7112433935, 5742469273, -3393016985, -3479534011, -2464021639]","[-6161166078, -27211656627, 3766446527, -752234035, 3785900257]","[25232717535, -2304954560, -68148805, 1480590966, -520268623]","[951267857, -21469187354, 373429542, -4231768046, 1321878618]"
215790,이노인스트루먼트,KOSDAQ,27593957065,33.7,3621859534.2,0.56,1.08,1.99,0.69,7,2026-08-14,"[-43.04, -66.68, -21.03, 0.56]","[-16.27, -49.09, -17.07, 1.08]","[-22.87, -88.8, -32.54, 1.99]","[0.59, 0.43, 0.65, 0.69]",[34.61],"[2021, 2022, 2023, 2024, 2025]","[47240740630, 49851253116, 43871733220, 41174829794, 43686995895]","[10245127922, 6089879690, -17989464261, -34903308141, -11131646915]","[21.69, 12.22, -41.0, -84.77, -25.48]","[4687863766, 6563367008, -7437842967, -6964741057, 200293527]","[-939826220, -1888141659, 147568065, 1353201124, -152036913]","[-2277132265, -3426782488, 177351463, 1714588552, -3760754581]","[3748037546, 4675225349, -7290274902, -5611539933, 48256614]"
328380,솔트웨어,KOSDAQ,27581533875,99.76,113420587.0,-0.79,0.78,1.24,1.22,4,2026-08-13,"[-0.18, -2.95, 0.89, -0.79]","[2.09, -0.43, 2.18, 0.78]","[3.31, -0.68, 3.59, 1.24]","[2.09, 1.24, 1.16, 1.22]","[62.93, 32.25, 98.2]","[2022, 2023, 2024, 2025]","[31349477155, 49340647407, 57869530985, 63674240726]","[-5207717174, 570504732, -620924791, 563495067]","[-16.61, 1.16, -1.07, 0.88]","[-1012714655, 1526547048, 610164847, 70324925]","[2744293902, 2292644903, -3090086390, 1048465273]","[2695497398, -3064863224, 251809132, -243099408]","[1731579247, 3819191951, -2479921543, 1118790198]"
032750,삼진,KOSDAQ,27409455270,6.49,34117454.0,2.8,3.28,3.7,0.24,7,2026-08-14,"[1.21, 4.55, 3.93, 2.8]","[0.1, 7.17, 3.03, 3.28]","[0.13, 8.48, 3.52, 3.7]","[0.55, 0.35, 0.31, 0.24]","[434.25, 4.15, 8.73, 6.49]","[2021, 2022, 2023, 2024, 2025]","[128730961186, 155138532129, 156407806151, 159164388476, 148323178536]","[12620205028, 2130071997, 736318628, 11935920670, 5415435919]","[9.8, 1.37, 0.47, 7.5, 3.65]","[-4944563682, -8034089480, 19302841141, 12689199153, 7952140375]","[1831303703, 7930283517, -10031260997, -3564429003, -10085103677]","[-1432000044, 6948060743, -1258534823, -8849612142, -722004640]","[-3113259979, -103805963, 9271580144, 9124770150, -2132963302]"
900070,글로벌에스엠,KOSDAQ,27194447808,5.12,33254686.65,6.11,2.44,3.06,271.54,6,2026-08-31,"[3.25, 4.54, 6.42, 6.11]","[2.25, 1.2, 4.81, 2.44]","[2.87, 1.5, 5.84, 3.06]","[45.45, 237.99, 227.56, 271.54]","[1582.47, 15829.4, 3899.69, 8872.37]","[2021, 2022, 2023, 2024, 2025]","[667561818, 645931626, 602118826, 90355041, 90947338]","[26934531, 52937583, 20982885, 2762962, 6932098]","[4.03, 8.2, 3.48, 3.06, 7.62]","[51885747, 64918345, 80666432, 7432846, 6623087]","[-29271333, -31721405, -41077732, -2165828, -3564463]","[-27388759, -25876567, -33777396, -2843159, -3979702]","[22614414, 33196940, 39588700, 5267018, 3058624]"
067010,이씨에스,KOSDAQ,27003480000,9.71,157752937.5,-1.44,2.61,3.78,0.51,8,2026-08-11,"[4.21, 1.61, -3.67, -1.44]","[5.49, 3.05, 0.85, 2.61]","[8.32, 4.79, 1.22, 3.78]","[0.68, 0.58, 0.53, 0.51]","[8.2, 12.17, 43.02, 13.39]","[2021, 2022, 2023, 2024, 2025]","[74770792738, 80205503054, 100614785931, 91805920912, 73347135869]","[5024570335, 5401509211, 4817063865, 2768400685, -1441069983]","[6.72, 6.73, 4.79, 3.02, -1.96]","[11683941832, 2337181531, -3487420723, 10106392749, 2922294741]","[-7397275490, -3698282933, 3672448869, -5399131747, 242652733]","[-2077240647, -2182678538, -2291963993, -3918949059, -4187590219]","[4286666342, -1361101402, 185028146, 4707261002, 3164947474]"
267790,배럴,KOSDAQ,26797241865,3.34,46421175.5,10.34,10.94,17.8,0.51,8,2026-08-13,"[14.62, 14.09, 11.23, 10.34]","[10.12, 6.64, 5.32, 10.94]","[17.21, 11.36, 9.18, 17.8]","[1.52, 0.82, 0.63, 0.51]","[8.83, 7.25, 6.88, 2.88]","[2021, 2022, 2023, 2024, 2025]","[21528383164, 38031771170, 58163177764, 64445966180, 59192865808]","[-8106892913, -6634611802, 8696520745, 7019332335, 5599562893]","[-37.66, -17.44, 14.95, 10.89, 9.46]","[1871674703, -2213122873, 9201133357, 10754459833, 6731795142]","[5191731661, -11730125332, -10545196752, 10933068750, -12726615562]","[7310471667, -2257807390, 7372122302, -2771016467, -2465181558]","[7063406364, -13943248205, -1344063395, 21687528583, -5994820420]"
138070,신진에스엠,KOSDAQ,26692386100,21.79,25340672.45,1.96,1.15,1.54,0.34,8,2026-08-12,"[6.62, 2.39, -0.7, 1.96]","[3.75, 0.69, -0.4, 1.15]","[5.14, 0.93, -0.53, 1.54]","[0.64, 0.55, 0.47, 0.34]","[12.36, 59.95, 22.04]","[2021, 2022, 2023, 2024, 2025]","[61085578003, 66325154097, 59704217015, 54625630129, 54436124843]","[5839246626, 4990965646, 3692760120, 1011249721, -533641398]","[9.56, 7.52, 6.19, 1.85, -0.98]","[4277595650, 8277414421, 6164525046, 6564142861, 4193143507]","[-1570290736, -2793393829, -1058078307, -855824618, 3588134975]","[-6550423582, -4870998278, -7090611075, -4176552218, -5334557437]","[2707304914, 5484020592, 5106446739, 5708318243, 7781278482]"
033050,제이엠아이,KOSDAQ,26585838880,4.11,104116708.9,4.95,6.02,10.72,0.43,9,2026-08-14,"[5.96, 5.03, 4.53, 4.95]","[2.73, 4.32, 3.27, 6.02]","[4.78, 6.72, 5.85, 10.72]","[0.71, 0.45, 0.44, 0.43]","[14.79, 6.71, 7.55, 3.98]","[2021, 2022, 2023, 2024, 2025]","[48406359069, 64925485182, 74566785312, 80436938348, 89803265878]","[3285355753, 2613763338, 3351891420, 5078529522, 4157279882]","[6.79, 4.03, 4.5, 6.31, 4.63]","[1640162094, 6715783816, 8079803703, 5982829162, 7381462250]","[377237658, -5698093939, 1304948225, -4184809882, -8853697335]","[-3373947240, -2806298895, -7793411434, -2182916356, -1671738589]","[2017399752, 1017689877, 9384751928, 1798019280, -1472235085]"
048470,대동스틸,KOSDAQ,26537500000,8.8,123149100.0,0.92,3.15,4.13,0.35,6,2026-08-14,"[-1.76, -1.4, -0.98, 0.92]","[-2.3, 0.49, 0.3, 3.15]","[-3.06, 0.64, 0.39, 4.13]","[0.55, 0.43, 0.38, 0.35]","[67.08, 97.47, 8.59]","[2021, 2022, 2023, 2024, 2025]","[165415928585, 182452648537, 137634680158, 139702827183, 119163920715]","[18525081411, -5807672447, -613697540, 359238796, 132399754]","[11.2, -3.18, -0.45, 0.26, 0.11]","[-12998349089, 17896867025, 1291370848, 4541473634, -5653855934]","[8183406891, 2061472162, 5247570482, 2463841666, -8872498778]","[4453086130, -1045012998, -5671148518, -2784276727, 169485908]","[-4814942198, 19958339187, 6538941330, 7005315300, -14526354712]"
019570,GMI벤처,KOSDAQ,26391936060,564.0,62530844.75,7.53,0.0,0.0,0.51,3,2026-08-14,"[-148.39, 12.33, 25.7, 7.53]","[0.0, 0.0, 0.0, 0.0]","[0.0, 0.0, 0.0, 0.0]","[1.95, 0.66, 0.61, 0.51]",[0],"[2021, 2022, 2023, 2024, 2025]","[43980087772, 6880519756, 6950869622, 10338209179, 12890638413]","[2480666210, -18285393119, -11550830828, -212173018, 2853842993]","[5.64, -265.76, -166.18, -2.05, 22.14]","[11344367417, 7775220485, 2695156463, -25952541577, -18720472781]","[-3296087524, -275347936, 516940055, 575887047, 3668130]","[-9034942801, -3714519726, 1009412668, 20066659678, 12904621296]","[8048279893, 7499872549, 3212096518, -25376654530, -18716804651]"
080530,코디,KOSDAQ,26350607920,5.23,66130410.75,2.42,5.91,8.37,0.43,5,2026-08-14,"[-0.97, 1.97, 4.91, 2.42]","[-9.73, 0.8, 6.33, 5.91]","[-24.37, 1.51, 8.95, 8.37]","[2.9, 1.45, 0.96, 0.43]","[95.94, 10.69, 5.11]","[2021, 2022, 2023, 2024, 2025]","[54760777538, 55200192117, 79243448771, 78414009551, 76531199312]","[-8165658196, -12612985504, -7090134449, -553075747, 2635739885]","[-14.91, -22.85, -8.95, -0.71, 3.44]","[-31300010, -4623317447, -853430645, 4203204108, 12785667756]","[167910039, 3075226880, -3229500953, -22720107245, -12311295345]","[1352095761, -2247400714, 9228535946, 11312149848, -870111023]","[136610029, -1548090567, -4082931598, -18516903137, 474372411]"
115530,씨엔플러스,KOSDAQ,25746165000,18.72,103783379.75,1.73,2.05,10.79,2.38,5,2026-08-14,"[2.65, -0.08, 0.69, 1.73]","[1.15, -4.4, -5.07, 2.05]","[3.47, -22.93, -36.07, 10.79]","[2.6, 3.39, 4.15, 2.38]","[74.91, 22.01]","[2021, 2022, 2023, 2024, 2025]","[31621537030, 43042658055, 36261410433, 47492786638, 53617316563]","[-1085297433, 1737035104, 391819854, -2213204514, -2458413640]","[-3.43, 4.04, 1.08, -4.66, -4.59]","[-367471822, 15147702, -3436897088, 5342691420, 244813079]","[-191578915, -2649418758, -1933849586, -7702214406, -1040649419]","[257443258, 9723646881, -265424257, 6642405081, -3375513932]","[-559050737, -2634271056, -5370746674, -2359522986, -795836340]"
065150,대산F&B,KOSDAQ,23907360000,2.4,24986010.95,4.11,26.12,35.62,0.86,7,2026-08-14,"[-0.49, -0.76, 4.11, 4.11]","[-14.25, -25.13, 22.19, 26.12]","[-34.79, -80.54, 34.16, 35.62]","[0.0, 3.7, 1.92, 0.86]","[5.61, 2.43]","[2021, 2022, 2023, 2024, 2025]","[104305802113, 121302188368000, 128819482459000, 99398650136, 110864610083]","[15597753999, -4827731884000, -7566320242000, -7487349336, 7770364085]","[14.95, -3.98, -5.87, -7.53, 7.01]","[-6111498440, -16039041507000, -6568029912000, -356129420, 4878881494]","[-27478703961, 6652834975000, -3736065413000, 3700258621, 1810060975]","[17321369366, 7880252012000, 7149850899000, -4046326731, -5352524940]","[-33590202401, -9386206532000, -10304095325000, 3344129201, 6688942469]"
169330,엠브레인,KOSDAQ,23610507302,64.35,14540842.4,-2.24,-2.29,-3.79,0.84,5,2025-09-22,"[14.43, 8.58, 3.12, -2.24]","[13.26, 9.35, 3.84, -2.29]","[20.52, 12.77, 6.23, -3.79]","[1.74, 1.85, 1.21, 0.84]","[8.45, 14.49, 19.34, 0]","[2021, 2022, 2023, 2024, 2025]","[43761437494, 51268071630, 54943864075, 53710500356, 56161085757]","[6142189572, 7607819168, 4806785103, 1792773879, -1134831599]","[14.04, 14.84, 8.75, 3.34, -2.02]","[7184038880, 9423897702, 1967050280, 4965078879, 1525796100]","[-1379288173, -2125873357, -3422355265, -7550997425, 1788818795]","[-2845360823, -3461274060, -3677640064, -4866391749, -1751250479]","[5804750707, 7298024345, -1455304985, -2585918546, 3314614895]"
053060,세동,KOSDAQ,23466709851,4.2,82438989.55,3.38,3.63,12.22,0.54,6,2026-08-14,"[7.39, 6.26, 4.81, 3.38]","[8.32, -1.06, 4.38, 3.63]","[26.19, -3.28, 14.6, 12.22]","[0.94, 0.53, 0.59, 0.54]","[3.58, 4.07, 4.45]","[2021, 2022, 2023, 2024, 2025]","[132638578763, 156051328239, 169895212565, 171088252415, 189439770060]","[131628174, 10526366129, 11256488323, 400330713, 6002002991]","[0.1, 6.75, 6.63, 0.23, 3.17]","[2004239788, 19879795203, 13858523472, -1460977678, 21369021538]","[-4982053222, -12545585209, -11394748924, -1005467760, -17747357835]","[2592492354, -8257752560, 527401436, -3510311362, 437626914]","[-2977813434, 7334209994, 2463774548, -2466445438, 3621663703]"
130740,티피씨글로벌,KOSDAQ,23342725530,1.42,90168348.7,-2.8,14.71,19.77,0.29,8,2026-08-13,"[-3.55, -1.12, -4.11, -2.8]","[-5.45, -0.27, -0.3, 14.71]","[-8.09, -0.33, -0.4, 19.77]","[0.42, 0.23, 0.22, 0.29]",[1.45],"[2021, 2022, 2023, 2024, 2025]","[80394390816, 81344275889, 79495864095, 80422348875, 79404293659]","[-2220330697, 1706337919, -6304248475, 399318289, -413512506]","[-2.76, 2.1, -7.93, 0.5, -0.52]","[3586480322, -192499993, 3862008531, 3497047872, 1931234443]","[-9484905202, 734601227, 3154765271, 2591703557, -848852245]","[12817898292, -10111279478, 922462364, -6100026645, 6941845110]","[-5898424880, 542101234, 7016773802, 6088751429, 1082382198]"
154040,다산솔루에타,KOSDAQ,23128706980,1.58,195669584.75,-1.06,-0.22,-0.32,0.43,1,2026-08-14,"[-0.09, 5.63, 5.45, -1.06]","[14.52, -23.12, 14.78, -0.22]","[37.78, -49.46, 23.14, -0.32]","[0.57, 0.62, 0.48, 0.43]","[1.52, 2.08, 0]","[2021, 2022, 2023, 2024, 2025]","[134549173118, 157872423305, 158770415307, 35436409241, 31399403970]","[-5127730078, 4457866252, 26118189834, -20611978132, 11724695932]","[-3.81, 2.82, 16.45, -58.17, 37.34]","[7253171895, 16674338129, -1021756826, 1525264018, 1510045188]","[-65261634294, -5520370159, -10224089554, 18847751569, 14509474307]","[49834994779, -7352831373, 4893045601, -20807850486, -14430319726]","[-58008462399, 11153967970, -11245846380, 20373015587, 16019519495]"
123750,알톤,KOSDAQ,23105801048,283.17,26532555.55,0.69,0.2,0.33,0.98,4,2026-08-14,"[1.53, -19.47, 0.71, 0.69]","[-0.81, -20.7, 0.72, 0.2]","[-1.37, -31.62, 1.04, 0.33]","[1.73, 0.98, 0.87, 0.98]","[83.39, 300.6]","[2021, 2022, 2023, 2024, 2025]","[49991547253, 51317871455, 42402825314, 28185286202, 32159264764]","[4846031663, 914218172, -404644002, -6334169236, 211835292]","[9.69, 1.78, -0.95, -22.47, 0.66]","[-555839110, 1871329270, 8193073145, -3822323412, 479306513]","[287525665, 462373962, 298074528, -189812525, -39695528]","[3349167716, -697148144, -2588580803, -1622304523, -1398607986]","[-268313445, 2333703232, 8491147673, -4012135937, 439610985]"
415380,스튜디오삼익,KOSDAQ,23057594625,10.01,45866706.55,2.34,5.18,6.38,0.64,4,2026-08-13,"[2.91, 3.7, 2.95, 2.34]","[6.76, 7.67, 6.09, 5.18]","[11.17, 10.43, 7.68, 6.38]","[0.95, 0.73, 0.64]","[9.12, 9.51, 10.0]","[2022, 2023, 2024, 2025]","[86585909893, 95399010878, 107928008994, 95931078734]","[2387699033, 2826751190, 4479763807, 3553912484]","[2.76, 2.96, 4.15, 3.7]","[3009121733, 3310543820, 4585504571, 2577166313]","[1407734607, -4691489414, -14246535384, 130024227]","[-1546301370, -794433141, 10436291758, -4139906913]","[4416856340, -1380945594, -9661030813, 2707190540]"
359090,씨엔알리서치,KOSDAQ,23045756715,13.74,18418291.2,-0.72,-1.11,-2.25,0.5,1,2026-08-14,"[11.31, 6.08, 2.13, -0.72]","[7.14, 3.92, 1.21, -1.11]","[13.08, 7.13, 2.13, -2.25]","[1.62, 1.43, 1.09, 0.5]","[12.37, 20.0, 50.96, 0]","[2021, 2022, 2023, 2024, 2025]","[43171233227, 48473173571, 55102004323, 59688657389, 64982070922]","[-2724149095, 4183194652, 5790586491, 3681849125, 1000479743]","[-6.31, 8.63, 10.51, 6.17, 1.54]","[2249231450, 2522744721, 3511844858, 2781505961, -3067593585]","[13491042931, -10137534064, -1797238068, 1682041543, -1597075419]","[-918887321, -5315877754, -958873582, 289284562, 1363388368]","[15740274381, -7614789343, 1714606790, 4463547504, -4664669004]"
187220,디티앤씨,KOSDAQ,22992241335,5.72,45283203.05,-7.16,-3.6,-8.78,0.22,3,2026-08-14,"[-21.36, -5.1, -0.47, -7.16]","[-11.77, 1.19, -0.29, -3.6]","[-24.06, 2.59, -0.66, -8.78]","[0.78, 0.36, 0.24, 0.22]","[13.8, 0]","[2021, 2022, 2023, 2024, 2025]","[97790760166, 110535011703, 96737112186, 111938559193, 125834435797]","[-1465821268, 2981449392, -27771448982, 4397996155, 1672264880]","[-1.5, 2.7, -28.71, 3.93, 1.33]","[16402785907, 12809056894, 629543235, 10965911948, 11900383689]","[-13440909917, -16540926212, -26532682668, -42233592825, -23824160864]","[5711576581, 15027066995, 8342565729, 28621254502, 5491711474]","[2961875990, -3731869318, -25903139433, -31267680877, -11923777175]"
018680,서울제약,KOSDAQ,22957199111,13.12,20497565.2,-1.53,2.55,4.29,0.57,7,2026-08-14,"[2.31, 2.85, -2.45, -1.53]","[5.56, 2.37, 1.05, 2.55]","[9.12, 4.23, 1.84, 4.29]","[1.17, 0.97, 0.88, 0.57]","[12.79, 22.88, 47.99, 13.2]","[2021, 2022, 2023, 2024, 2025]","[40462650387, 50056724915, 52458517117, 53579628595, 52149309124]","[-9592437247, -1119517149, 4043718215, 1760459685, 631573402]","[-23.71, -2.24, 7.71, 3.29, 1.21]","[-1674579352, -78214941, 5264602632, -3008415919, 1885791045]","[-1099414446, -1332054228, -5861978126, 1457015008, -842966320]","[1535129509, -483186236, -4465703718, 2379671144, 1327613385]","[-2773993798, -1410269169, -597375494, -1551400911, 1042824725]"
084440,유비온,KOSDAQ,22882375516,46.0,53282472.95,1.2,1.8,5.95,2.87,5,2026-05-15,"[1.21, -6.07, 4.18, 1.2]","[-2.63, -12.1, 5.79, 1.8]","[-6.54, -43.99, 17.05, 5.95]","[3.33, 2.89, 2.47, 2.87]","[14.48, 48.16]","[2022, 2023, 2024, 2025]","[31461108081, 31831832251, 33282483966, 33683623845]","[1974221283, -748170152, -3466250621, 1426944602]","[6.28, -2.35, -10.41, 4.24]","[4157250433, -476519222, -1605814665, 4743990993]","[-2704242255, -3589917916, -1362182261, -3643665326]","[-1737588536, 4755841785, 3213378358, -270236484]","[1453008178, -4066437138, -2967996926, 1100325667]"
238200,비피도,KOSDAQ,22822200000,12.35,32161919.0,-6.99,2.88,3.78,0.47,5,2026-08-14,"[-1.84, -36.37, 7.13, -6.99]","[1.51, -8.81, -0.31, 2.88]","[2.09, -11.56, -0.42, 3.78]","[0.87, 0.52, 0.55, 0.47]","[41.53, 12.34]","[2021, 2022, 2023, 2024, 2025]","[12116670288, 14578593937, 18634263875, 12350094585, 19678962044]","[0, 0, 0, 0, 0]","[0.0, 0.0, 0.0, 0.0, 0.0]","[2036083229, 1875633102, 2848624329, -716286352, 3950289717]","[-4314372787, -5418857303, -14691133897, 3097790458, 754054780]","[1536475421, -134815074, 16808049423, -6500401271, 1142846965]","[-2278289558, -3543224201, -11842509568, 2381504106, 4704344497]"
115160,휴맥스,KOSDAQ,22700698910,1.79,69135805.5,-4.05,2.34,8.33,0.17,8,2026-08-14,"[1.72, 1.16, -7.41, -4.05]","[-9.42, -9.19, -16.58, 2.34]","[-31.63, -36.83, -84.69, 8.33]","[0.51, 0.32, 0.35, 0.17]",[2.09],"[2021, 2022, 2023, 2024, 2025]","[643887901732, 689475252984, 652633704041, 535558902576, 394166017109]","[-14596510616, -28963659522, -76585652992, -53206650002, -83432326496]","[-2.27, -4.2, -11.73, -9.93, -21.17]","[-15699805430, -22741644236, 36789119396, 81792945963, 17926996668]","[155181317696, -65891568939, 3615733937, -30938374993, 24295049281]","[-125031177565, 27576092880, -46420857614, -65413800375, -41930446104]","[139481512266, -88633213175, 40404853333, 50854570970, 42222045949]"
109670,씨싸이트,KOSDAQ,22646015760,26.74,53931065.5,0.01,0.77,1.52,0.41,7,2026-08-14,"[0.51, 0.72, 0.09, 0.01]","[-4.31, 0.2, -1.37, 0.77]","[-7.91, 0.35, -2.44, 1.52]","[3.57, 0.85, 0.63, 0.41]","[242.87, 26.86]","[2022, 2023, 2024, 2025]","[185575942387, 152290472951, 173856858567, 169721832580]","[11727693943, -3825440754, 1584593234, -622313058]","[6.32, -2.51, 0.91, -0.37]","[16159075245, 9582113584, 2317154930, 6200324472]","[-3750119989, 1310375091, -409385133, 7302882020]","[-2588438400, -6224479893, -7742316741, -1827271111]","[12408955256, 10892488675, 1907769797, 13503206492]"
067770,세진티에스,KOSDAQ,22586835170,7.82,265631416.75,7.99,5.68,5.85,0.45,7,2026-08-13,"[-25.03, 5.59, -1.74, 7.99]","[-3.22, 6.43, 1.46, 5.68]","[-3.32, 6.63, 1.5, 5.85]","[0.55, 0.41, 0.4, 0.45]","[6.16, 26.52, 7.74]","[2021, 2022, 2023, 2024, 2025]","[27001637664, 16525057618, 10294388815, 13176332207, 11896547885]","[2932863535, -574399401, -1456121887, 3162848157, 814203528]","[10.86, -3.48, -14.14, 24.0, 6.84]","[4220818158, 2274410065, 19891217, 4876063258, 1403935616]","[-2989523182, -9093790267, -1997041671, -4702063435, -1462671013]","[-322818584, -280319287, -151957153, -37736388, -17605567]","[1231294976, -6819380202, -1977150454, 173999823, -58735397]"
065690,파커스,KOSDAQ,22310939499,23.09,78214090.85,-9.01,-0.51,-0.81,0.43,3,2026-08-14,"[-14.99, -2.24, -23.8, -9.01]","[-13.21, -2.92, 6.03, -0.51]","[-32.09, -7.23, 9.69, -0.81]","[0.38, 0.26, 0.28, 0.43]","[2.94, 0]","[2021, 2022, 2023, 2024, 2025]","[93681678892, 73121511677, 63616324294, 63689337418, 53499990345]","[10464103141, -11820662908, -15245972795, -4395343189, 6309296109]","[11.17, -16.17, -23.97, -6.9, 11.79]","[4165979973, -7439185409, -3761303345, 4101903151, -3636883166]","[-36021170115, 6025743655, 839716434, 11429472597, 34306135733]","[31602165084, 5492488027, -1565913249, -16516639454, -29757059073]","[-31855190142, -1413441754, -2921586911, 15531375748, 30669252567]"
900110,딥커머스,KOSDAQ,22142994331,0.94,26200660.7,14.68,3.22,3.37,12.57,6,2026-06-01,"[9.04, 10.92, 13.36, 14.68]","[1.07, 1.6, 3.01, 3.22]","[1.14, 1.7, 3.16, 3.37]","[108.11, 51.41, 36.16, 12.57]","[9501.73, 3030.26, 1144.16, 373.27]","[2021, 2022, 2023, 2024, 2025]","[286588297, 282760945, 339379595, 391629664, 356659191]","[25415565, 26065843, 33473232, 43859583, 53730758]","[8.87, 9.22, 9.86, 11.2, 15.07]","[21720428, -452121, 44772783, 57758327, 31850358]","[8128447, -21735048, -60327700, 6880576, 5746795]","[-2670000, -3731236, 72073403, -1805000, 33061919]","[29848875, -22187169, -15554917, 64638903, 37597153]"
054940,엑사이엔씨,KOSDAQ,21894539700,6.66,886791991.5,1.91,3.17,6.06,0.26,4,2026-08-12,"[2.05, 4.19, 1.42, 1.91]","[-0.65, 4.56, 0.73, 3.17]","[-1.23, 9.22, 1.38, 6.06]","[0.31, 0.21, 0.21, 0.26]","[2.31, 14.87, 4.27]","[2021, 2022, 2023, 2024, 2025]","[220812568353, 226759501862, 179914719863, 203087664310, 177002828337]","[-2202495563, 7895628546, 2248801226, 11134740744, 1067338060]","[-1.0, 3.48, 1.25, 5.48, 0.6]","[-12442469990, 25783577262, 2432749286, 5734206549, 7539858807]","[1640667175, -725886612, -916872621, -7475844708, 6745853394]","[10428528220, -10389521738, -7703592895, -2117097086, -2921876194]","[-10801802815, 25057690650, 1515876665, -1741638159, 14285712201]"
032280,삼일,KOSDAQ,21872132910,15.28,42324448.35,2.03,1.35,2.16,0.34,8,2026-08-14,"[1.73, 2.35, 2.13, 2.03]","[2.64, 1.14, 0.93, 1.35]","[4.51, 1.95, 1.49, 2.16]","[0.51, 0.67, 0.36, 0.34]","[11.31, 34.47, 23.82, 15.6]","[2021, 2022, 2023, 2024, 2025]","[85368837193, 91979315853, 99668556013, 105109049374, 99989845264]","[-3143199004, 834249913, 4083901306, 1383045107, 1314879699]","[-3.68, 0.91, 4.1, 1.32, 1.32]","[-1934113603, 1519978450, 8016250928, 3722033271, 2590410717]","[-1293569136, -990853863, -690552989, -508064414, -907930096]","[-1505382899, -529304707, -7264500433, -779546196, -3766675536]","[-3227682739, 529124587, 7325697939, 3213968857, 1682480621]"
215480,토박스코리아,KOSDAQ,21855900000,657.33,72104041.75,2.44,0.07,0.09,0.68,7,2026-08-13,"[6.06, 3.9, 0.01, 2.44]","[5.97, -1.35, -3.32, 0.07]","[7.43, -1.75, -3.92, 0.09]","[1.3, 0.92, 0.7, 0.68]","[17.5, 773.32]","[2021, 2022, 2023, 2024, 2025]","[36131560952, 51232869329, 48648552369, 44150832796, 39699702190]","[3529135775, 4904400469, 3051734904, 643655912, -816275457]","[9.77, 9.57, 6.27, 1.46, -2.06]","[5838453519, 2089604503, 2746825486, -183398425, 590310897]","[1252983105, -4946554423, -987658887, -599691696, 831229326]","[-1664397516, -1505009494, -2392110038, 71302270, -1846539669]","[7091436624, -2856949920, 1759166599, -783090121, 1421540223]"
277410,인산가,KOSDAQ,21740909000,11.16,33418870.0,5.04,1.62,2.92,0.33,7,2026-08-14,"[15.39, 2.5, 6.44, 5.04]","[5.46, 0.87, 0.56, 1.62]","[7.54, 1.35, 0.97, 2.92]","[1.07, 0.77, 0.71, 0.33]","[14.19, 57.12, 72.99, 11.23]","[2021, 2022, 2023, 2024, 2025]","[38307595796, 33537795922, 37300346743, 32484223840, 35804215193]","[7686610697, 3842410448, 6213841526, 990676481, 876450894]","[20.07, 11.46, 16.66, 3.05, 2.45]","[9467044975, 148674340, 7146742619, -987373866, 1171107749]","[-21851127060, -323725133, -1366627331, -10331817910, -10453029312]","[12550625832, -3496134660, -4174907680, 9151126356, 9356867528]","[-12384082085, -175050793, 5780115288, -11319191776, -9281921563]"
067730,로지시스,KOSDAQ,21669585280,5.84,38910188.25,5.83,11.82,17.05,1.0,7,2026-08-14,"[1.5, 5.58, 5.94, 5.83]","[2.09, 8.33, 11.07, 11.82]","[3.03, 12.89, 15.72, 17.05]","[2.06, 1.46, 1.23, 1.0]","[68.08, 11.33, 7.84, 5.87]","[2021, 2022, 2023, 2024, 2025]","[34193506217, 32820905268, 36454449393, 42857277220, 48541050274]","[1181510689, 337002389, 721068187, 2529073772, 3099046338]","[3.46, 1.03, 1.98, 5.9, 6.38]","[3390490489, -280706744, 2872810020, 5189505997, 4855487073]","[-4143301754, -1091526191, -969619683, 552519693, -4458224712]","[136451116, -2243469149, -1459604988, -1632595177, -2289497302]","[-752811265, -1372232935, 1903190337, 5742025690, 397262361]"
017250,인터엠,KOSDAQ,21655785543,6.19,31404800.25,7.2,3.21,6.7,0.52,7,2026-05-15,"[21.14, 7.3, 6.64, 7.2]","[9.73, 2.69, 2.3, 3.21]","[21.16, 5.73, 4.85, 6.7]","[0.69, 0.57, 0.5, 0.52]","[3.27, 9.86, 10.37, 7.72]","[2021, 2022, 2023, 2024, 2025]","[50625242980, 58684341336, 50963849828, 60338490432, 60053752284]","[-17662743576, 737902104, 8284019786, 2550190749, 2095566905]","[-34.89, 1.26, 16.25, 4.23, 3.49]","[-3063327608, -3277849885, 4026927639, 2677676746, 9518067739]","[1700724248, -2642356576, -3240736773, 1277440932, -4411426445]","[-5477057256, -1164543368, 2067407647, -559034832, -1255781732]","[-1362603360, -5920206461, 786190866, 3955117678, 5106641294]"
352940,인바이오,KOSDAQ,21518105400,37.74,22697496.3,0.0,0.73,1.29,0.48,6,2026-08-13,"[0.0, 0.0, 0.0, 0.0]","[-9.5, 0.95, 1.46, 0.73]","[-15.47, 1.56, 2.38, 1.29]","[0.93, 0.53, 0.58, 0.48]","[33.66, 24.3, 37.45]","[2021, 2022, 2023, 2024, 2025]","[33466014504, 34239810603, 34024284250, 35654027534, 33952962076]","[6127888326, -3831821118, -8060205181, 884635980, 1200606311]","[18.31, -11.19, -23.69, 2.48, 3.54]","[-2289145393, -8498879635, 10920626245, 4901376127, 9087571309]","[-5536522445, -2653005703, 1042510460, -7999507689, -5926890511]","[21349755842, 94065617, -20370846657, 1140256742, -1229987952]","[-7825667838, -11151885338, 11963136705, -3098131562, 3160680798]"
340440,세림B&G,KOSDAQ,21454043184,7.89,131218044.0,2.99,4.94,7.21,0.57,6,2026-08-14,"[7.38, 5.56, 1.9, 2.99]","[7.84, 4.88, 3.65, 4.94]","[11.53, 6.84, 5.2, 7.21]","[1.63, 0.96, 1.16, 0.57]","[14.14, 13.97, 22.33, 7.96]","[2021, 2022, 2023, 2024, 2025]","[47675469341, 52526153669, 58245452504, 55419229158, 47989768658]","[-3821300183, 2909404832, 4569344414, 2740273771, 1836537037]","[-8.02, 5.54, 7.84, 4.94, 3.83]","[-546801420, 4248869384, 6492198265, 5888198368, 1239537142]","[-1648109084, -11274449785, -947882650, -487129243, 4837422103]","[12515916874, -1598282279, -646142999, -3049377690, 2187255286]","[-2194910504, -7025580401, 5544315615, 5401069125, 6076959245]"
398120,에스지헬스케어,KOSDAQ,21433134910,15.22,73310753.05,6.21,2.75,4.21,0.85,7,2026-08-31,"[-4.18, 5.96, 6.21]","[-10.8, 2.31, 2.75]","[-15.56, 3.84, 4.21]","[2.09, 1.44, 0.85]","[37.58, 20.24]","[2024, 2025]","[16104629986, 24601049961]","[-3655386876, 1037311681]","[-22.7, 4.22]","[1110834311, -4237873506]","[-3803955725, -2711101760]","[8473270503, 1530694959]","[-2693121414, -6948975266]"
069330,유아이디,KOSDAQ,21139859778,5.83,190415563.0,7.9,10.94,19.96,0.84,8,2026-08-14,"[-0.61, 0.46, 2.62, 7.9]","[-7.61, 1.53, 2.81, 10.94]","[-17.57, 3.39, 6.19, 19.96]","[1.54, 1.18, 0.98, 0.84]","[34.94, 15.9, 4.22]","[2021, 2022, 2023, 2024, 2025]","[73698612055, 62484795893, 52968921282, 53558158467, 49690517314]","[5073383561, 3769614778, -3308651536, 660280988, 1285612509]","[6.88, 6.03, -6.25, 1.23, 2.59]","[3510317873, 5823866116, 451589095, 2947088649, 3746929171]","[9359432444, -1195151069, 766036869, -592357035, -1970453950]","[-10903641922, -748887860, 1272226199, -415334821, -603820456]","[12869750317, 4628715047, 1217625964, 2354731614, 1776475221]"
080470,성창오토텍,KOSDAQ,20768500000,4.11,23712387.0,3.32,3.66,10.25,0.28,3,2026-08-14,"[2.4, 3.25, 4.77, 3.32]","[4.02, 3.9, 5.37, 3.66]","[11.81, 11.56, 15.4, 10.25]","[0.69, 0.43, 0.42, 0.28]","[5.83, 3.72, 2.71, 2.75]","[2021, 2022, 2023, 2024, 2025]","[144578592423, 184784543631, 169274188884, 194360449325, 243521604086]","[5626586662, 5099119672, 6056475528, 8424676336, 12808383792]","[3.89, 2.76, 3.58, 4.33, 5.26]","[9291440001, 0, 0, 0, 0]","[-9041595842, -10097289920, -26869961576, -7561937303, -9473506264]","[-3355133893, -181886880, 16795610934, 4631423619, -993633353]","[249844159, -10097289920, -26869961576, -7561937303, -9473506264]"
115570,스타플렉스,KOSDAQ,20759720800,1.33,81110607.5,9.22,15.96,20.3,0.27,7,2026-08-14,"[-4.82, -0.2, 6.66, 9.22]","[-15.87, 4.83, 3.5, 15.96]","[-23.35, 7.0, 4.87, 20.3]","[0.39, 0.3, 0.37, 0.27]","[4.3, 7.55, 1.33]","[2021, 2022, 2023, 2024, 2025]","[84992037898, 104072501016, 70700646378, 80150853762, 98655425592]","[2275496877, 5219143310, -9561617333, 4816566366, 2806476526]","[2.68, 5.01, -13.52, 6.01, 2.84]","[-5965852873, 15337759334, 1382918720, 2255662654, -265694137]","[30157567235, -2632106587, 3436830811, -85481514, -862155817]","[-22459564693, -7809447064, -8457627875, 274224747, -608734346]","[24191714362, 12705652747, 4819749531, 2170181140, -1127849954]"
252500,세화피앤씨,KOSDAQ,20701708610,31.19,8346256.7,-3.76,-2.5,-4.33,0.56,3,2026-08-28,"[4.75, 6.25, 1.67, -3.76]","[6.4, 7.27, 2.62, -2.5]","[7.05, 8.01, 2.91, -4.33]","[0.97, 0.82, 0.83, 0.56]","[13.73, 10.24, 28.43, 0]","[2021, 2022, 2023, 2024, 2025]","[39660421020, 37918740286, 41216885876, 43868375036, 37645110414]","[5882602965, 1537288576, 2868933107, 3877606501, 1219203089]","[14.83, 4.05, 6.96, 8.84, 3.24]","[6355239616, 1987515874, 2819430593, 4409810514, 1692586020]","[-14520105950, -3088134294, -2568834605, -3763235477, 770320378]","[1778091135, -622295850, -414863900, -705268630, -2074319500]","[-8164866334, -1100618420, 250595988, 646575037, 2462906398]"
065370,위세아이텍,KOSDAQ,20527392120,10.7,51229892.0,2.17,2.9,6.53,0.68,8,2026-08-14,"[-10.38, 2.65, 2.05, 2.17]","[-6.53, -0.57, 2.19, 2.9]","[-10.09, -1.32, 4.71, 6.53]","[1.79, 1.31, 1.3, 0.68]","[27.48, 10.45]","[2021, 2022, 2023, 2024, 2025]","[34064031790, 37892065422, 27625153460, 35028457232, 38258327979]","[5036098901, 4859070419, -3591530881, -624055599, 1351521626]","[14.78, 12.82, -13.0, -1.78, 3.53]","[7329886882, -1336332406, -2352071226, 1520189891, 2201204774]","[-1354729679, 420937443, -4972499848, -15239224581, 4283142096]","[-3379430780, -187732453, 4328916726, 18422172749, -9418080960]","[5975157203, -915394963, -7324571074, -13719034690, 6484346870]"
191410,육일씨엔에쓰,KOSDAQ,20111637725,7.16,426124913.75,-3.63,5.66,13.89,0.86,4,2026-08-14,"[3.15, -2.82, -3.36, -3.63]","[-0.51, -0.84, 2.89, 5.66]","[-0.77, -2.15, 6.81, 13.89]","[1.08, 0.64, 1.38, 0.86]","[20.29, 6.16]","[2021, 2022, 2023, 2024, 2025]","[30856482354, 33151032021, 29019810938, 33725388352, 44835017787]","[2958495545, 1391270410, 741144739, -2764981551, 2930213236]","[9.59, 4.2, 2.55, -8.2, 6.54]","[112606092, 1479668074, 1976257193, 617269782, 2175722904]","[47717632157, -17571289683, 125842049, -2714281499, 7655467055]","[-21203065800, -13985543942, -3065411426, 3096025865, -8434840876]","[47830238249, -16091621609, 2102099242, -2097011717, 9831189959]"
154030,아시아종묘,KOSDAQ,19986513619,17.08,38772387.75,-27.11,-4.12,-7.13,0.79,5,2026-08-14,"[-2.07, 3.32, -28.12, -27.11]","[-5.78, 4.51, -3.29, -4.12]","[-10.99, 7.46, -5.67, -7.13]","[1.62, 0.91, 1.0, 0.79]","[12.25, 0]","[2021, 2022, 2023, 2024, 2025]","[24378112827, 24047390439, 26395658878, 27806411703, 3516111982]","[99077509, -986461613, -2713177756, 1214211171, -1010195592]","[0.41, -4.1, -10.28, 4.37, -28.73]","[1757725521, -2423481241, -258359661, 1005822201, -534526163]","[-1827273564, 1781334005, -581444570, -1096571047, -148026693]","[1810844239, 1701756080, 32240881, -1036002794, -117845796]","[-69548043, -642147236, -839804231, -90748846, -682552856]"
224060,더코디,KOSDAQ,19868779700,0.74,126913893.5,-26.73,-21.75,-343.69,4.22,3,2026-08-14,"[-51.46, 0.9, -3.29, -26.73]","[-13.76, -8.32, -21.75, -21.75]","[-42.52, -30.01, -146.24, -343.69]","[1.0, 0.79, 1.22, 4.22]",[0],"[2021, 2022, 2023, 2024, 2025]","[45359981861, 20111858404, 20212268116, 27133693589, 25266240903]","[-16319051455, -22151978793, -14623243792, -2607876599, -7525835881]","[-35.98, -110.14, -72.35, -9.61, -29.79]","[-10804906464, -17018662867, -6632235865, -5317771378, -3675886942]","[2603770110, 14455078224, -7568310280, -2863892940, 3480897345]","[6149393747, 11859005130, 11290471886, 4755478289, -1758020214]","[-8201136354, -2563584643, -14200546145, -8181664318, -194989597]"
054410,케이피티유,KOSDAQ,19670335140,4.54,33010235.0,4.64,4.26,7.26,0.33,8,2026-08-14,"[2.43, 2.27, 3.48, 4.64]","[3.1, 3.42, 2.31, 4.26]","[6.05, 5.99, 4.03, 7.26]","[0.61, 0.36, 0.39, 0.33]","[10.14, 5.94, 9.63, 4.55]","[2021, 2022, 2023, 2024, 2025]","[31487005476, 36870058888, 34871199766, 33301535591, 39929099198]","[7777907132, 2219691170, 3109745130, 3951103031, 3237193469]","[24.7, 6.02, 8.92, 11.86, 8.11]","[1235676539, 25067857, 1327682106, 1163720655, 228709535]","[-6087328928, -4126833408, -9545211403, 5669291870, -166385081]","[4037647597, 6598000002, 6152131120, -6860000000, -560000000]","[-4851652389, -4101765551, -8217529297, 6833012525, 62324454]"
196700,웹스,KOSDAQ,19549599984,4.1,139567431.3,12.91,6.33,11.09,0.45,6,2026-08-14,"[7.08, 9.06, 12.85, 12.91]","[1.48, 1.69, 5.61, 6.33]","[2.93, 3.22, 10.17, 11.09]","[0.78, 0.44, 0.74, 0.45]","[26.76, 13.63, 7.31, 4.01]","[2021, 2022, 2023, 2024, 2025]","[35049221440, 34028733040, 36231078602, 34072812927, 43174599020]","[803976141, -8051924072, 1617727687, 1772072852, 4269945339]","[2.29, -23.66, 4.47, 5.2, 9.89]","[564090022, 2315124503, -5405904277, 5936132386, 4374967123]","[-894986398, -3052148763, -1505617617, 284737631, -1046128240]","[-237754097, -1878578020, 5972495323, -1395736833, -575139605]","[-330896376, -737024260, -6911521894, 6220870017, 3328838883]"
048830,엔피케이,KOSDAQ,19435432074,18.98,52828125.75,1.67,1.38,2.13,0.4,8,2026-08-14,"[2.97, -0.98, 1.21, 1.67]","[2.51, -1.24, 1.63, 1.38]","[3.85, -1.87, 2.45, 2.13]","[0.79, 0.45, 0.38, 0.4]","[20.4, 15.59, 18.95]","[2021, 2022, 2023, 2024, 2025]","[64566020109, 65200996343, 62987939899, 64565578498, 83822010472]","[2564972304, 2727307645, 2334450523, -167123620, 1526776506]","[3.97, 4.18, 3.71, -0.26, 1.82]","[6486164944, 7928342225, 6219297156, 532048004, 2946717185]","[-5934457164, 4110084506, 395820671, -980513270, -1924680875]","[-2802240032, -4385685199, -5432967901, -1854046061, 1406835129]","[551707780, 12038426731, 6615117827, -448465266, 1022036310]"
113810,디젠스,KOSDAQ,18924269000,8.82,94666457.6,2.56,3.54,8.01,0.67,8,2026-08-14,"[3.48, 6.17, 1.2, 2.56]","[4.88, 7.52, 1.29, 3.54]","[16.78, 20.23, 3.12, 8.01]","[2.08, 2.24, 1.03, 0.67]","[12.37, 11.05, 32.91, 8.41]","[2021, 2022, 2023, 2024, 2025]","[69804988629, 64951916649, 86034323901, 89539245681, 80356641062]","[3784266249, -477403710, 3591276951, 5002264570, -168816042]","[5.42, -0.74, 4.17, 5.59, -0.21]","[4671340046, 1592257067, -509254008, 5896761375, 3291021114]","[1765802017, 1077940885, -829451884, -730468208, -686404211]","[-3199189336, -5977704255, -1473888197, -3610316284, -1786961963]","[6437142063, 2670197952, -1338705892, 5166293167, 2604616903]"
